Date,Open,High,Low,Close,Volume,Dividends,Stock Splits,thscode,thsname_cn,thsname_en,currency
2026-08-07T04:00:00.000Z,4325.2998046875,4325.7001953125,4324.0,4324.3999023438,0,0.0,0.0,GC=F,NA,NA,USD
2026-08-07T04:01:00.000Z,4324.3999023438,4328.2998046875,4324.2001953125,4324.3999023438,184,0.0,0.0,GC=F,NA,NA,USD
2026-08-07T04:02:00.000Z,4324.5,4324.6000976562,4322.1000976562,4322.2001953125,56,0.0,0.0,GC=F,NA,NA,USD
2026-08-07T04:03:00.000Z,4321.7998046875,4322.7001953125,4321.2998046875,4322.2998046875,100,0.0,0.0,GC=F,NA,NA,USD
2026-08-07T04:04:00.000Z,4322.7998046875,4324.5,4322.1000976562,4324.5,84,0.0,0.0,GC=F,NA,NA,USD
2026-08-07T04:05:00.000Z,4324.1000976562,4327.0,4324.1000976562,4327.0,134,0.0,0.0,GC=F,NA,NA,USD
2026-08-07T04:06:00.000Z,4326.6000976562,4326.6000976562,4323.8999023438,4324.5,58,0.0,0.0,GC=F,NA,NA,USD
2026-08-07T04:07:00.000Z,4324.7001953125,4325.7001953125,4324.0,4325.6000976562,71,0.0,0.0,GC=F,NA,NA,USD
2026-08-07T04:08:00.000Z,4325.7001953125,4326.5,4324.7001953125,4326.3999023438,197,0.0,0.0,GC=F,NA,NA,USD
2026-08-07T04:09:00.000Z,4326.2001953125,4326.6000976562,4324.2001953125,4326.1000976562,108,0.0,0.0,GC=F,NA,NA,USD
2026-08-07T04:10:00.000Z,4326.0,4327.2001953125,4326.0,4326.6000976562,22,0.0,0.0,GC=F,NA,NA,USD
2026-08-07T04:11:00.000Z,4326.7001953125,4326.7998046875,4325.7998046875,4325.7998046875,15,0.0,0.0,GC=F,NA,NA,USD
2026-08-07T04:12:00.000Z,4325.7998046875,4326.8999023438,4325.7001953125,4325.7001953125,26,0.0,0.0,GC=F,NA,NA,USD
2026-08-07T04:13:00.000Z,4325.5,4325.6000976562,4323.0,4325.3999023438,112,0.0,0.0,GC=F,NA,NA,USD
2026-08-07T04:14:00.000Z,4325.0,4326.1000976562,4324.7001953125,4325.3999023438,162,0.0,0.0,GC=F,NA,NA,USD
2026-08-07T04:15:00.000Z,4325.3999023438,4326.8999023438,4325.0,4325.6000976562,124,0.0,0.0,GC=F,NA,NA,USD
2026-08-07T04:16:00.000Z,4324.7998046875,4324.7998046875,4322.3999023438,4323.1000976562,31,0.0,0.0,GC=F,NA,NA,USD
2026-08-07T04:17:00.000Z,4323.0,4323.0,4322.1000976562,4322.2001953125,48,0.0,0.0,GC=F,NA,NA,USD
2026-08-07T04:18:00.000Z,4322.3999023438,4322.7001953125,4321.3999023438,4321.6000976562,29,0.0,0.0,GC=F,NA,NA,USD
2026-08-07T04:19:00.000Z,4321.7001953125,4322.0,4321.3999023438,4321.7001953125,14,0.0,0.0,GC=F,NA,NA,USD
2026-08-07T04:20:00.000Z,4321.5,4322.0,4321.1000976562,4322.0,18,0.0,0.0,GC=F,NA,NA,USD
2026-08-07T04:21:00.000Z,4322.1000976562,4323.7998046875,4321.7001953125,4323.7998046875,42,0.0,0.0,GC=F,NA,NA,USD
2026-08-07T04:22:00.000Z,4323.8999023438,4328.3999023438,4323.5,4327.0,339,0.0,0.0,GC=F,NA,NA,USD
2026-08-07T04:23:00.000Z,4326.7001953125,4327.2998046875,4325.8999023438,4326.2998046875,70,0.0,0.0,GC=F,NA,NA,USD
2026-08-07T04:24:00.000Z,4325.8999023438,4326.8999023438,4324.8999023438,4324.8999023438,18,0.0,0.0,GC=F,NA,NA,USD
2026-08-07T04:25:00.000Z,4325.0,4325.6000976562,4324.8999023438,4325.2998046875,22,0.0,0.0,GC=F,NA,NA,USD
2026-08-07T04:26:00.000Z,4325.2001953125,4325.2001953125,4323.2001953125,4323.7998046875,39,0.0,0.0,GC=F,NA,NA,USD
2026-08-07T04:27:00.000Z,4323.7998046875,4325.2001953125,4323.7998046875,4325.2001953125,13,0.0,0.0,GC=F,NA,NA,USD
2026-08-07T04:28:00.000Z,4325.2001953125,4326.1000976562,4325.0,4325.7001953125,12,0.0,0.0,GC=F,NA,NA,USD
2026-08-07T04:29:00.000Z,4325.7001953125,4326.5,4324.3999023438,4324.3999023438,48,0.0,0.0,GC=F,NA,NA,USD
2026-08-07T04:30:00.000Z,4324.2998046875,4325.3999023438,4323.0,4325.3999023438,61,0.0,0.0,GC=F,NA,NA,USD
2026-08-07T04:31:00.000Z,4325.7998046875,4327.3999023438,4325.7998046875,4326.0,45,0.0,0.0,GC=F,NA,NA,USD
2026-08-07T04:32:00.000Z,4326.0,4327.7998046875,4325.8999023438,4326.2998046875,78,0.0,0.0,GC=F,NA,NA,USD
2026-08-07T04:33:00.000Z,4326.2001953125,4327.7001953125,4325.5,4326.7998046875,31,0.0,0.0,GC=F,NA,NA,USD
2026-08-07T04:34:00.000Z,4327.2001953125,4327.3999023438,4326.7001953125,4327.2001953125,19,0.0,0.0,GC=F,NA,NA,USD
2026-08-07T04:35:00.000Z,4327.2001953125,4327.6000976562,4326.5,4326.5,32,0.0,0.0,GC=F,NA,NA,USD
2026-08-07T04:36:00.000Z,4326.2998046875,4327.5,4326.2998046875,4326.2998046875,54,0.0,0.0,GC=F,NA,NA,USD
2026-08-07T04:37:00.000Z,4326.1000976562,4326.5,4325.6000976562,4325.6000976562,13,0.0,0.0,GC=F,NA,NA,USD
2026-08-07T04:38:00.000Z,4325.2001953125,4325.2001953125,4324.0,4324.0,65,0.0,0.0,GC=F,NA,NA,USD
2026-08-07T04:39:00.000Z,4324.1000976562,4324.1000976562,4323.5,4324.0,10,0.0,0.0,GC=F,NA,NA,USD
2026-08-07T04:40:00.000Z,4323.8999023438,4323.8999023438,4322.1000976562,4322.3999023438,39,0.0,0.0,GC=F,NA,NA,USD
2026-08-07T04:41:00.000Z,4322.7998046875,4323.1000976562,4322.3999023438,4323.0,8,0.0,0.0,GC=F,NA,NA,USD
2026-08-07T04:42:00.000Z,4323.0,4325.3999023438,4320.2001953125,4324.5,172,0.0,0.0,GC=F,NA,NA,USD
2026-08-07T04:43:00.000Z,4324.7001953125,4324.8999023438,4323.6000976562,4323.7001953125,18,0.0,0.0,GC=F,NA,NA,USD
2026-08-07T04:44:00.000Z,4323.5,4323.5,4323.0,4323.2001953125,43,0.0,0.0,GC=F,NA,NA,USD
2026-08-07T04:45:00.000Z,4322.8999023438,4323.0,4322.1000976562,4322.1000976562,38,0.0,0.0,GC=F,NA,NA,USD
2026-08-07T04:46:00.000Z,4322.2998046875,4322.5,4322.2998046875,4322.5,8,0.0,0.0,GC=F,NA,NA,USD
2026-08-07T04:47:00.000Z,4322.2001953125,4322.2001953125,4321.6000976562,4321.6000976562,9,0.0,0.0,GC=F,NA,NA,USD
2026-08-07T04:48:00.000Z,4321.3999023438,4323.3999023438,4321.3999023438,4323.2001953125,51,0.0,0.0,GC=F,NA,NA,USD
2026-08-07T04:49:00.000Z,4323.2998046875,4323.5,4323.0,4323.2998046875,18,0.0,0.0,GC=F,NA,NA,USD
2026-08-07T04:50:00.000Z,4323.6000976562,4325.0,4323.6000976562,4324.8999023438,20,0.0,0.0,GC=F,NA,NA,USD
2026-08-07T04:51:00.000Z,4324.8999023438,4324.8999023438,4324.5,4324.8999023438,7,0.0,0.0,GC=F,NA,NA,USD
2026-08-07T04:52:00.000Z,4325.0,4325.0,4324.2001953125,4324.2998046875,14,0.0,0.0,GC=F,NA,NA,USD
2026-08-07T04:53:00.000Z,4324.3999023438,4324.7001953125,4324.2001953125,4324.6000976562,4,0.0,0.0,GC=F,NA,NA,USD
2026-08-07T04:54:00.000Z,4324.5,4325.8999023438,4324.2001953125,4325.8999023438,19,0.0,0.0,GC=F,NA,NA,USD
2026-08-07T04:55:00.000Z,4326.0,4326.0,4325.2001953125,4325.3999023438,9,0.0,0.0,GC=F,NA,NA,USD
2026-08-07T04:56:00.000Z,4325.7001953125,4326.1000976562,4325.5,4326.1000976562,10,0.0,0.0,GC=F,NA,NA,USD
2026-08-07T04:57:00.000Z,4326.1000976562,4326.2001953125,4325.3999023438,4325.5,9,0.0,0.0,GC=F,NA,NA,USD
2026-08-07T04:58:00.000Z,4325.5,4325.5,4324.5,4324.6000976562,17,0.0,0.0,GC=F,NA,NA,USD
2026-08-07T04:59:00.000Z,4324.7998046875,4324.7998046875,4323.7001953125,4324.1000976562,53,0.0,0.0,GC=F,NA,NA,USD
2026-08-07T05:00:00.000Z,4324.1000976562,4324.2998046875,4323.7001953125,4324.0,36,0.0,0.0,GC=F,NA,NA,USD
2026-08-07T05:01:00.000Z,4323.8999023438,4324.3999023438,4322.6000976562,4322.7998046875,32,0.0,0.0,GC=F,NA,NA,USD
2026-08-07T05:02:00.000Z,4322.8999023438,4323.7998046875,4322.7998046875,4323.2001953125,20,0.0,0.0,GC=F,NA,NA,USD
2026-08-07T05:03:00.000Z,4323.2998046875,4325.6000976562,4323.2998046875,4324.7998046875,42,0.0,0.0,GC=F,NA,NA,USD
2026-08-07T05:04:00.000Z,4325.2998046875,4325.5,4324.6000976562,4325.2001953125,19,0.0,0.0,GC=F,NA,NA,USD
2026-08-07T05:05:00.000Z,4325.0,4325.2001953125,4321.7998046875,4322.0,181,0.0,0.0,GC=F,NA,NA,USD
2026-08-07T05:06:00.000Z,4322.3999023438,4322.7001953125,4321.0,4321.8999023438,179,0.0,0.0,GC=F,NA,NA,USD
2026-08-07T05:07:00.000Z,4321.8999023438,4322.1000976562,4320.3999023438,4321.0,50,0.0,0.0,GC=F,NA,NA,USD
2026-08-07T05:08:00.000Z,4321.0,4324.6000976562,4320.7001953125,4323.3999023438,118,0.0,0.0,GC=F,NA,NA,USD
2026-08-07T05:09:00.000Z,4323.2998046875,4326.0,4323.2998046875,4325.5,87,0.0,0.0,GC=F,NA,NA,USD
2026-08-07T05:10:00.000Z,4325.7998046875,4329.2001953125,4325.2001953125,4329.2001953125,116,0.0,0.0,GC=F,NA,NA,USD
2026-08-07T05:11:00.000Z,4329.5,4330.2001953125,4328.5,4329.0,96,0.0,0.0,GC=F,NA,NA,USD
2026-08-07T05:12:00.000Z,4328.7001953125,4330.3999023438,4327.8999023438,4328.6000976562,97,0.0,0.0,GC=F,NA,NA,USD
2026-08-07T05:13:00.000Z,4328.2001953125,4329.3999023438,4327.3999023438,4329.2001953125,71,0.0,0.0,GC=F,NA,NA,USD
2026-08-07T05:14:00.000Z,4329.3999023438,4329.6000976562,4329.0,4329.0,16,0.0,0.0,GC=F,NA,NA,USD
2026-08-07T05:15:00.000Z,4328.6000976562,4329.1000976562,4328.5,4328.5,14,0.0,0.0,GC=F,NA,NA,USD
2026-08-07T05:16:00.000Z,4328.8999023438,4329.8999023438,4328.8999023438,4329.5,23,0.0,0.0,GC=F,NA,NA,USD
2026-08-07T05:17:00.000Z,4329.2001953125,4329.2001953125,4327.6000976562,4327.8999023438,18,0.0,0.0,GC=F,NA,NA,USD
2026-08-07T05:18:00.000Z,4327.7998046875,4328.2001953125,4327.7001953125,4328.0,10,0.0,0.0,GC=F,NA,NA,USD
2026-08-07T05:19:00.000Z,4328.1000976562,4329.1000976562,4327.5,4327.7001953125,61,0.0,0.0,GC=F,NA,NA,USD
2026-08-07T05:20:00.000Z,4327.5,4327.7001953125,4326.7998046875,4327.1000976562,15,0.0,0.0,GC=F,NA,NA,USD
2026-08-07T05:21:00.000Z,4327.2001953125,4327.7998046875,4326.5,4326.5,39,0.0,0.0,GC=F,NA,NA,USD
2026-08-07T05:22:00.000Z,4326.5,4327.8999023438,4326.2998046875,4327.5,35,0.0,0.0,GC=F,NA,NA,USD
2026-08-07T05:23:00.000Z,4327.2998046875,4329.8999023438,4325.6000976562,4325.7001953125,146,0.0,0.0,GC=F,NA,NA,USD
2026-08-07T05:24:00.000Z,4326.1000976562,4326.2998046875,4325.0,4325.7998046875,73,0.0,0.0,GC=F,NA,NA,USD
2026-08-07T05:25:00.000Z,4326.1000976562,4326.7998046875,4325.8999023438,4325.8999023438,25,0.0,0.0,GC=F,NA,NA,USD
2026-08-07T05:26:00.000Z,4325.8999023438,4325.8999023438,4324.7001953125,4324.8999023438,52,0.0,0.0,GC=F,NA,NA,USD
2026-08-07T05:27:00.000Z,4325.2998046875,4325.2998046875,4324.6000976562,4325.1000976562,41,0.0,0.0,GC=F,NA,NA,USD
2026-08-07T05:28:00.000Z,4325.0,4325.1000976562,4323.7998046875,4324.7001953125,37,0.0,0.0,GC=F,NA,NA,USD
2026-08-07T05:29:00.000Z,4324.8999023438,4325.7001953125,4324.6000976562,4325.7001953125,37,0.0,0.0,GC=F,NA,NA,USD
2026-08-07T05:30:00.000Z,4325.8999023438,4330.0,4325.2998046875,4326.2001953125,268,0.0,0.0,GC=F,NA,NA,USD
2026-08-07T05:31:00.000Z,4326.8999023438,4329.8999023438,4326.7998046875,4328.2001953125,123,0.0,0.0,GC=F,NA,NA,USD
2026-08-07T05:32:00.000Z,4327.7998046875,4331.0,4327.5,4330.7001953125,77,0.0,0.0,GC=F,NA,NA,USD
2026-08-07T05:33:00.000Z,4330.2998046875,4332.6000976562,4330.2998046875,4331.5,112,0.0,0.0,GC=F,NA,NA,USD
2026-08-07T05:34:00.000Z,4332.2998046875,4335.7998046875,4331.7001953125,4334.2001953125,417,0.0,0.0,GC=F,NA,NA,USD
2026-08-07T05:35:00.000Z,4334.2001953125,4336.6000976562,4333.3999023438,4336.1000976562,186,0.0,0.0,GC=F,NA,NA,USD
2026-08-07T05:36:00.000Z,4336.1000976562,4336.5,4334.7001953125,4335.0,129,0.0,0.0,GC=F,NA,NA,USD
2026-08-07T05:37:00.000Z,4334.7001953125,4335.0,4333.0,4333.1000976562,115,0.0,0.0,GC=F,NA,NA,USD
2026-08-07T05:38:00.000Z,4333.2998046875,4334.8999023438,4332.0,4334.3999023438,94,0.0,0.0,GC=F,NA,NA,USD
2026-08-07T05:39:00.000Z,4334.2001953125,4334.7001953125,4332.6000976562,4332.7001953125,72,0.0,0.0,GC=F,NA,NA,USD
2026-08-07T05:40:00.000Z,4332.6000976562,4332.7998046875,4330.6000976562,4330.6000976562,52,0.0,0.0,GC=F,NA,NA,USD
2026-08-07T05:41:00.000Z,4330.8999023438,4332.5,4330.6000976562,4331.5,40,0.0,0.0,GC=F,NA,NA,USD
2026-08-07T05:42:00.000Z,4330.6000976562,4331.1000976562,4329.7001953125,4330.2001953125,53,0.0,0.0,GC=F,NA,NA,USD
2026-08-07T05:43:00.000Z,4330.8999023438,4331.3999023438,4330.0,4331.1000976562,49,0.0,0.0,GC=F,NA,NA,USD
2026-08-07T05:44:00.000Z,4330.7998046875,4330.8999023438,4330.2998046875,4330.6000976562,13,0.0,0.0,GC=F,NA,NA,USD
2026-08-07T05:45:00.000Z,4330.7001953125,4332.2001953125,4330.7001953125,4331.3999023438,49,0.0,0.0,GC=F,NA,NA,USD
2026-08-07T05:46:00.000Z,4331.6000976562,4333.2001953125,4331.6000976562,4332.7001953125,31,0.0,0.0,GC=F,NA,NA,USD
2026-08-07T05:47:00.000Z,4332.7998046875,4333.7998046875,4332.3999023438,4333.0,35,0.0,0.0,GC=F,NA,NA,USD
2026-08-07T05:48:00.000Z,4332.7998046875,4334.2998046875,4332.5,4334.1000976562,41,0.0,0.0,GC=F,NA,NA,USD
2026-08-07T05:49:00.000Z,4334.2001953125,4336.2001953125,4333.7998046875,4335.2998046875,79,0.0,0.0,GC=F,NA,NA,USD
2026-08-07T05:50:00.000Z,4335.2001953125,4338.6000976562,4334.6000976562,4337.7001953125,121,0.0,0.0,GC=F,NA,NA,USD
2026-08-07T05:51:00.000Z,4337.6000976562,4338.7998046875,4336.7998046875,4338.7998046875,63,0.0,0.0,GC=F,NA,NA,USD
2026-08-07T05:52:00.000Z,4338.2998046875,4338.2998046875,4333.7001953125,4333.7001953125,142,0.0,0.0,GC=F,NA,NA,USD
2026-08-07T05:53:00.000Z,4334.0,4335.0,4333.1000976562,4333.2998046875,215,0.0,0.0,GC=F,NA,NA,USD
2026-08-07T05:54:00.000Z,4333.2998046875,4335.5,4332.7998046875,4333.5,103,0.0,0.0,GC=F,NA,NA,USD
2026-08-07T05:55:00.000Z,4333.8999023438,4338.0,4333.6000976562,4338.0,211,0.0,0.0,GC=F,NA,NA,USD
2026-08-07T05:56:00.000Z,4338.2998046875,4339.2998046875,4337.0,4337.6000976562,153,0.0,0.0,GC=F,NA,NA,USD
2026-08-07T05:57:00.000Z,4337.7001953125,4339.2001953125,4337.0,4339.2001953125,189,0.0,0.0,GC=F,NA,NA,USD
2026-08-07T05:58:00.000Z,4338.8999023438,4340.0,4336.7998046875,4337.6000976562,272,0.0,0.0,GC=F,NA,NA,USD
2026-08-07T05:59:00.000Z,4338.0,4339.0,4337.2001953125,4337.7001953125,95,0.0,0.0,GC=F,NA,NA,USD
2026-08-07T06:00:00.000Z,4337.7001953125,4339.7001953125,4337.6000976562,4338.8999023438,111,0.0,0.0,GC=F,NA,NA,USD
2026-08-07T06:01:00.000Z,4338.6000976562,4338.7001953125,4337.1000976562,4337.5,57,0.0,0.0,GC=F,NA,NA,USD
2026-08-07T06:02:00.000Z,4337.7998046875,4338.7998046875,4337.2998046875,4338.0,24,0.0,0.0,GC=F,NA,NA,USD
2026-08-07T06:03:00.000Z,4338.0,4338.2998046875,4337.2998046875,4338.2998046875,51,0.0,0.0,GC=F,NA,NA,USD
2026-08-07T06:04:00.000Z,4338.1000976562,4341.7001953125,4338.1000976562,4341.2001953125,243,0.0,0.0,GC=F,NA,NA,USD
2026-08-07T06:05:00.000Z,4341.1000976562,4343.2998046875,4340.2001953125,4340.7998046875,209,0.0,0.0,GC=F,NA,NA,USD
2026-08-07T06:06:00.000Z,4341.1000976562,4342.2001953125,4340.7998046875,4341.1000976562,42,0.0,0.0,GC=F,NA,NA,USD
2026-08-07T06:07:00.000Z,4341.2001953125,4341.7001953125,4340.3999023438,4341.7001953125,55,0.0,0.0,GC=F,NA,NA,USD
2026-08-07T06:08:00.000Z,4342.2001953125,4342.8999023438,4340.7998046875,4340.8999023438,46,0.0,0.0,GC=F,NA,NA,USD
2026-08-07T06:09:00.000Z,4340.8999023438,4341.7998046875,4340.5,4341.1000976562,48,0.0,0.0,GC=F,NA,NA,USD
2026-08-07T06:10:00.000Z,4340.7998046875,4344.3999023438,4340.3999023438,4343.7998046875,150,0.0,0.0,GC=F,NA,NA,USD
2026-08-07T06:11:00.000Z,4343.7998046875,4347.3999023438,4342.7998046875,4347.2998046875,327,0.0,0.0,GC=F,NA,NA,USD
2026-08-07T06:12:00.000Z,4347.1000976562,4350.0,4346.1000976562,4346.6000976562,308,0.0,0.0,GC=F,NA,NA,USD
2026-08-07T06:13:00.000Z,4347.0,4347.2001953125,4345.2001953125,4345.7001953125,176,0.0,0.0,GC=F,NA,NA,USD
2026-08-07T06:14:00.000Z,4345.3999023438,4346.0,4344.6000976562,4345.3999023438,146,0.0,0.0,GC=F,NA,NA,USD
2026-08-07T06:15:00.000Z,4345.1000976562,4345.2001953125,4342.7001953125,4345.0,224,0.0,0.0,GC=F,NA,NA,USD
2026-08-07T06:16:00.000Z,4344.7998046875,4345.6000976562,4343.2998046875,4343.7001953125,112,0.0,0.0,GC=F,NA,NA,USD
2026-08-07T06:17:00.000Z,4343.5,4346.2001953125,4343.1000976562,4345.7001953125,217,0.0,0.0,GC=F,NA,NA,USD
2026-08-07T06:18:00.000Z,4345.8999023438,4348.7998046875,4345.8999023438,4347.8999023438,301,0.0,0.0,GC=F,NA,NA,USD
2026-08-07T06:19:00.000Z,4347.7998046875,4348.8999023438,4346.3999023438,4346.8999023438,204,0.0,0.0,GC=F,NA,NA,USD
2026-08-07T06:20:00.000Z,4346.5,4348.2998046875,4345.7001953125,4347.7001953125,71,0.0,0.0,GC=F,NA,NA,USD
2026-08-07T06:21:00.000Z,4347.1000976562,4350.2001953125,4347.1000976562,4348.6000976562,248,0.0,0.0,GC=F,NA,NA,USD
2026-08-07T06:22:00.000Z,4348.0,4349.6000976562,4347.1000976562,4349.1000976562,113,0.0,0.0,GC=F,NA,NA,USD
2026-08-07T06:23:00.000Z,4349.0,4349.5,4347.1000976562,4348.5,189,0.0,0.0,GC=F,NA,NA,USD
2026-08-07T06:24:00.000Z,4348.7998046875,4348.8999023438,4345.6000976562,4346.2001953125,248,0.0,0.0,GC=F,NA,NA,USD
2026-08-07T06:25:00.000Z,4346.0,4346.1000976562,4344.0,4345.1000976562,115,0.0,0.0,GC=F,NA,NA,USD
2026-08-07T06:26:00.000Z,4345.3999023438,4345.5,4343.2001953125,4343.7001953125,53,0.0,0.0,GC=F,NA,NA,USD
2026-08-07T06:27:00.000Z,4343.2998046875,4344.0,4342.6000976562,4343.8999023438,138,0.0,0.0,GC=F,NA,NA,USD
2026-08-07T06:28:00.000Z,4343.6000976562,4344.0,4342.2998046875,4342.6000976562,63,0.0,0.0,GC=F,NA,NA,USD
2026-08-07T06:29:00.000Z,4342.6000976562,4343.0,4341.7001953125,4341.7001953125,207,0.0,0.0,GC=F,NA,NA,USD
2026-08-07T06:30:00.000Z,4341.8999023438,4342.1000976562,4338.6000976562,4341.0,286,0.0,0.0,GC=F,NA,NA,USD
2026-08-07T06:31:00.000Z,4340.7998046875,4341.6000976562,4340.0,4340.8999023438,77,0.0,0.0,GC=F,NA,NA,USD
2026-08-07T06:32:00.000Z,4341.1000976562,4343.8999023438,4340.8999023438,4343.5,142,0.0,0.0,GC=F,NA,NA,USD
2026-08-07T06:33:00.000Z,4343.2001953125,4345.3999023438,4343.2001953125,4345.3999023438,132,0.0,0.0,GC=F,NA,NA,USD
2026-08-07T06:34:00.000Z,4345.2998046875,4346.0,4344.2998046875,4344.6000976562,262,0.0,0.0,GC=F,NA,NA,USD
2026-08-07T06:35:00.000Z,4345.0,4345.5,4344.7998046875,4344.8999023438,69,0.0,0.0,GC=F,NA,NA,USD
2026-08-07T06:36:00.000Z,4345.0,4348.7998046875,4345.0,4348.2998046875,65,0.0,0.0,GC=F,NA,NA,USD
2026-08-07T06:37:00.000Z,4348.2998046875,4351.2998046875,4348.2998046875,4351.2998046875,161,0.0,0.0,GC=F,NA,NA,USD
2026-08-07T06:38:00.000Z,4351.2001953125,4352.2001953125,4350.5,4350.8999023438,181,0.0,0.0,GC=F,NA,NA,USD
2026-08-07T06:39:00.000Z,4350.8999023438,4351.8999023438,4350.1000976562,4350.6000976562,88,0.0,0.0,GC=F,NA,NA,USD
2026-08-07T06:40:00.000Z,4350.7001953125,4352.2998046875,4350.6000976562,4351.8999023438,108,0.0,0.0,GC=F,NA,NA,USD
2026-08-07T06:41:00.000Z,4351.7001953125,4353.3999023438,4351.5,4352.8999023438,122,0.0,0.0,GC=F,NA,NA,USD
2026-08-07T06:42:00.000Z,4352.7998046875,4354.2001953125,4352.0,4352.7001953125,310,0.0,0.0,GC=F,NA,NA,USD
2026-08-07T06:43:00.000Z,4353.0,4353.5,4352.0,4353.2001953125,319,0.0,0.0,GC=F,NA,NA,USD
2026-08-07T06:44:00.000Z,4353.0,4353.2001953125,4350.5,4351.3999023438,254,0.0,0.0,GC=F,NA,NA,USD
2026-08-07T06:45:00.000Z,4351.2998046875,4352.2001953125,4350.7001953125,4351.5,97,0.0,0.0,GC=F,NA,NA,USD
2026-08-07T06:46:00.000Z,4352.0,4352.7001953125,4351.1000976562,4352.2001953125,252,0.0,0.0,GC=F,NA,NA,USD
2026-08-07T06:47:00.000Z,4352.3999023438,4352.8999023438,4350.3999023438,4352.5,201,0.0,0.0,GC=F,NA,NA,USD
2026-08-07T06:48:00.000Z,4352.2001953125,4353.7001953125,4351.7001953125,4352.2001953125,263,0.0,0.0,GC=F,NA,NA,USD
2026-08-07T06:49:00.000Z,4352.0,4352.2001953125,4348.1000976562,4348.5,238,0.0,0.0,GC=F,NA,NA,USD
2026-08-07T06:50:00.000Z,4348.6000976562,4350.0,4347.7998046875,4349.6000976562,208,0.0,0.0,GC=F,NA,NA,USD
2026-08-07T06:51:00.000Z,4349.7998046875,4352.8999023438,4349.7998046875,4352.8999023438,140,0.0,0.0,GC=F,NA,NA,USD
2026-08-07T06:52:00.000Z,4352.2998046875,4354.0,4350.8999023438,4354.0,154,0.0,0.0,GC=F,NA,NA,USD
2026-08-07T06:53:00.000Z,4353.8999023438,4354.3999023438,4352.7001953125,4353.7998046875,160,0.0,0.0,GC=F,NA,NA,USD
2026-08-07T06:54:00.000Z,4353.7001953125,4354.2998046875,4352.8999023438,4352.8999023438,73,0.0,0.0,GC=F,NA,NA,USD
2026-08-07T06:55:00.000Z,4352.5,4353.3999023438,4352.3999023438,4353.2001953125,58,0.0,0.0,GC=F,NA,NA,USD
2026-08-07T06:56:00.000Z,4353.2001953125,4355.5,4353.1000976562,4354.5,142,0.0,0.0,GC=F,NA,NA,USD
2026-08-07T06:57:00.000Z,4354.5,4356.7998046875,4353.8999023438,4355.7001953125,231,0.0,0.0,GC=F,NA,NA,USD
2026-08-07T06:58:00.000Z,4355.6000976562,4358.0,4355.6000976562,4357.2998046875,157,0.0,0.0,GC=F,NA,NA,USD
2026-08-07T06:59:00.000Z,4357.3999023438,4357.6000976562,4355.6000976562,4356.2998046875,87,0.0,0.0,GC=F,NA,NA,USD
2026-08-07T07:00:00.000Z,4356.2001953125,4356.8999023438,4353.3999023438,4354.2001953125,189,0.0,0.0,GC=F,NA,NA,USD
2026-08-07T07:01:00.000Z,4354.5,4355.3999023438,4352.7001953125,4353.5,87,0.0,0.0,GC=F,NA,NA,USD
2026-08-07T07:02:00.000Z,4353.2998046875,4354.0,4351.8999023438,4352.6000976562,80,0.0,0.0,GC=F,NA,NA,USD
2026-08-07T07:03:00.000Z,4352.5,4354.2001953125,4352.2998046875,4352.6000976562,159,0.0,0.0,GC=F,NA,NA,USD
2026-08-07T07:04:00.000Z,4353.0,4354.3999023438,4352.7998046875,4353.7998046875,76,0.0,0.0,GC=F,NA,NA,USD
2026-08-07T07:05:00.000Z,4353.8999023438,4353.8999023438,4350.0,4350.3999023438,156,0.0,0.0,GC=F,NA,NA,USD
2026-08-07T07:06:00.000Z,4350.6000976562,4350.7001953125,4349.3999023438,4350.7001953125,75,0.0,0.0,GC=F,NA,NA,USD
2026-08-07T07:07:00.000Z,4350.5,4352.2998046875,4350.2001953125,4352.0,134,0.0,0.0,GC=F,NA,NA,USD
2026-08-07T07:08:00.000Z,4352.1000976562,4352.2001953125,4349.7998046875,4350.3999023438,115,0.0,0.0,GC=F,NA,NA,USD
2026-08-07T07:09:00.000Z,4350.2998046875,4351.0,4350.2001953125,4350.2001953125,67,0.0,0.0,GC=F,NA,NA,USD
2026-08-07T07:10:00.000Z,4350.5,4352.5,4349.5,4351.0,156,0.0,0.0,GC=F,NA,NA,USD
2026-08-07T07:11:00.000Z,4351.2001953125,4352.2998046875,4350.2001953125,4350.2001953125,49,0.0,0.0,GC=F,NA,NA,USD
2026-08-07T07:12:00.000Z,4350.1000976562,4350.7998046875,4349.6000976562,4350.3999023438,58,0.0,0.0,GC=F,NA,NA,USD
2026-08-07T07:13:00.000Z,4350.2001953125,4350.2998046875,4349.1000976562,4349.7998046875,217,0.0,0.0,GC=F,NA,NA,USD
2026-08-07T07:14:00.000Z,4349.5,4351.0,4349.5,4350.2998046875,81,0.0,0.0,GC=F,NA,NA,USD
2026-08-07T07:15:00.000Z,4350.5,4351.0,4349.0,4350.7001953125,143,0.0,0.0,GC=F,NA,NA,USD
2026-08-07T07:16:00.000Z,4350.7998046875,4350.7998046875,4348.0,4348.7998046875,89,0.0,0.0,GC=F,NA,NA,USD
2026-08-07T07:17:00.000Z,4348.8999023438,4351.2001953125,4348.7998046875,4351.0,62,0.0,0.0,GC=F,NA,NA,USD
2026-08-07T07:18:00.000Z,4351.2998046875,4351.6000976562,4350.2001953125,4350.2001953125,31,0.0,0.0,GC=F,NA,NA,USD
2026-08-07T07:19:00.000Z,4350.2998046875,4351.0,4349.8999023438,4350.6000976562,32,0.0,0.0,GC=F,NA,NA,USD
2026-08-07T07:20:00.000Z,4350.3999023438,4350.7001953125,4349.7998046875,4350.6000976562,59,0.0,0.0,GC=F,NA,NA,USD
2026-08-07T07:21:00.000Z,4350.5,4351.6000976562,4350.2001953125,4350.3999023438,59,0.0,0.0,GC=F,NA,NA,USD
2026-08-07T07:22:00.000Z,4350.6000976562,4350.6000976562,4349.3999023438,4349.7001953125,42,0.0,0.0,GC=F,NA,NA,USD
2026-08-07T07:23:00.000Z,4349.7001953125,4349.7998046875,4348.2998046875,4348.2998046875,99,0.0,0.0,GC=F,NA,NA,USD
2026-08-07T07:24:00.000Z,4348.7001953125,4348.7001953125,4346.7998046875,4346.7998046875,123,0.0,0.0,GC=F,NA,NA,USD
2026-08-07T07:25:00.000Z,4347.2998046875,4347.3999023438,4346.1000976562,4346.6000976562,112,0.0,0.0,GC=F,NA,NA,USD
2026-08-07T07:26:00.000Z,4346.8999023438,4346.8999023438,4344.8999023438,4345.2001953125,156,0.0,0.0,GC=F,NA,NA,USD
2026-08-07T07:27:00.000Z,4345.6000976562,4345.7998046875,4343.7998046875,4344.1000976562,78,0.0,0.0,GC=F,NA,NA,USD
2026-08-07T07:28:00.000Z,4344.1000976562,4346.2998046875,4343.8999023438,4345.6000976562,140,0.0,0.0,GC=F,NA,NA,USD
2026-08-07T07:29:00.000Z,4346.0,4346.2998046875,4344.2001953125,4344.2998046875,116,0.0,0.0,GC=F,NA,NA,USD
2026-08-07T07:30:00.000Z,4344.5,4344.8999023438,4343.3999023438,4343.3999023438,39,0.0,0.0,GC=F,NA,NA,USD
2026-08-07T07:31:00.000Z,4343.2998046875,4345.1000976562,4343.1000976562,4345.1000976562,71,0.0,0.0,GC=F,NA,NA,USD
2026-08-07T07:32:00.000Z,4344.7998046875,4346.2998046875,4344.5,4345.5,99,0.0,0.0,GC=F,NA,NA,USD
2026-08-07T07:33:00.000Z,4345.2998046875,4345.7998046875,4345.0,4345.0,42,0.0,0.0,GC=F,NA,NA,USD
2026-08-07T07:34:00.000Z,4345.2001953125,4346.7998046875,4345.2001953125,4346.6000976562,40,0.0,0.0,GC=F,NA,NA,USD
2026-08-07T07:35:00.000Z,4346.3999023438,4348.0,4346.3999023438,4347.5,72,0.0,0.0,GC=F,NA,NA,USD
2026-08-07T07:36:00.000Z,4347.3999023438,4347.6000976562,4346.7998046875,4347.0,36,0.0,0.0,GC=F,NA,NA,USD
2026-08-07T07:37:00.000Z,4346.5,4347.0,4346.0,4346.7998046875,73,0.0,0.0,GC=F,NA,NA,USD
2026-08-07T07:38:00.000Z,4346.7998046875,4347.1000976562,4345.7001953125,4346.3999023438,100,0.0,0.0,GC=F,NA,NA,USD
2026-08-07T07:39:00.000Z,4346.5,4346.5,4344.5,4344.7998046875,74,0.0,0.0,GC=F,NA,NA,USD
2026-08-07T07:40:00.000Z,4344.3999023438,4345.2001953125,4343.8999023438,4345.0,65,0.0,0.0,GC=F,NA,NA,USD
2026-08-07T07:41:00.000Z,4345.5,4346.5,4345.3999023438,4346.1000976562,106,0.0,0.0,GC=F,NA,NA,USD
2026-08-07T07:42:00.000Z,4346.2001953125,4347.1000976562,4344.5,4344.5,53,0.0,0.0,GC=F,NA,NA,USD
2026-08-07T07:43:00.000Z,4344.8999023438,4344.8999023438,4343.7998046875,4344.0,70,0.0,0.0,GC=F,NA,NA,USD
2026-08-07T07:44:00.000Z,4343.7998046875,4344.6000976562,4343.5,4344.2001953125,82,0.0,0.0,GC=F,NA,NA,USD
2026-08-07T07:45:00.000Z,4344.2998046875,4346.3999023438,4342.1000976562,4345.6000976562,192,0.0,0.0,GC=F,NA,NA,USD
2026-08-07T07:46:00.000Z,4345.5,4345.5,4343.5,4344.7001953125,54,0.0,0.0,GC=F,NA,NA,USD
2026-08-07T07:47:00.000Z,4344.2998046875,4345.1000976562,4343.2001953125,4343.3999023438,49,0.0,0.0,GC=F,NA,NA,USD
2026-08-07T07:48:00.000Z,4343.2998046875,4344.0,4342.5,4342.5,59,0.0,0.0,GC=F,NA,NA,USD
2026-08-07T07:49:00.000Z,4342.2998046875,4343.8999023438,4342.0,4343.8999023438,51,0.0,0.0,GC=F,NA,NA,USD
2026-08-07T07:50:00.000Z,4344.5,4345.3999023438,4343.2998046875,4343.2998046875,64,0.0,0.0,GC=F,NA,NA,USD
2026-08-07T07:51:00.000Z,4343.3999023438,4344.2001953125,4343.2001953125,4343.5,28,0.0,0.0,GC=F,NA,NA,USD
2026-08-07T07:52:00.000Z,4344.0,4345.6000976562,4344.0,4345.6000976562,63,0.0,0.0,GC=F,NA,NA,USD
2026-08-07T07:53:00.000Z,4345.2998046875,4345.7001953125,4344.7998046875,4345.1000976562,14,0.0,0.0,GC=F,NA,NA,USD
2026-08-07T07:54:00.000Z,4345.1000976562,4346.1000976562,4344.7001953125,4346.1000976562,19,0.0,0.0,GC=F,NA,NA,USD
2026-08-07T07:55:00.000Z,4345.7001953125,4349.2001953125,4345.6000976562,4348.8999023438,134,0.0,0.0,GC=F,NA,NA,USD
2026-08-07T07:56:00.000Z,4348.8999023438,4349.0,4348.1000976562,4348.5,65,0.0,0.0,GC=F,NA,NA,USD
2026-08-07T07:57:00.000Z,4348.2998046875,4348.3999023438,4347.7998046875,4348.2001953125,12,0.0,0.0,GC=F,NA,NA,USD
2026-08-07T07:58:00.000Z,4348.2998046875,4349.1000976562,4348.2998046875,4349.1000976562,13,0.0,0.0,GC=F,NA,NA,USD
2026-08-07T07:59:00.000Z,4349.0,4350.2001953125,4348.5,4348.8999023438,119,0.0,0.0,GC=F,NA,NA,USD
2026-08-07T08:00:00.000Z,4349.2001953125,4350.2998046875,4347.8999023438,4349.7001953125,91,0.0,0.0,GC=F,NA,NA,USD
2026-08-07T08:01:00.000Z,4349.6000976562,4352.3999023438,4349.6000976562,4351.1000976562,327,0.0,0.0,GC=F,NA,NA,USD
2026-08-07T08:02:00.000Z,4350.8999023438,4352.2998046875,4350.5,4352.1000976562,115,0.0,0.0,GC=F,NA,NA,USD
2026-08-07T08:03:00.000Z,4352.5,4352.7998046875,4351.7998046875,4352.0,106,0.0,0.0,GC=F,NA,NA,USD
2026-08-07T08:04:00.000Z,4352.0,4352.7998046875,4351.3999023438,4351.3999023438,46,0.0,0.0,GC=F,NA,NA,USD
2026-08-07T08:05:00.000Z,4351.5,4353.0,4351.5,4352.2998046875,72,0.0,0.0,GC=F,NA,NA,USD
2026-08-07T08:06:00.000Z,4352.6000976562,4354.2998046875,4352.5,4353.2001953125,127,0.0,0.0,GC=F,NA,NA,USD
2026-08-07T08:07:00.000Z,4353.1000976562,4355.3999023438,4351.8999023438,4355.3999023438,81,0.0,0.0,GC=F,NA,NA,USD
2026-08-07T08:08:00.000Z,4355.3999023438,4355.5,4353.1000976562,4353.6000976562,120,0.0,0.0,GC=F,NA,NA,USD
2026-08-07T08:09:00.000Z,4353.7998046875,4354.8999023438,4353.2001953125,4353.7001953125,128,0.0,0.0,GC=F,NA,NA,USD
2026-08-07T08:10:00.000Z,4353.7001953125,4355.6000976562,4353.6000976562,4355.0,99,0.0,0.0,GC=F,NA,NA,USD
2026-08-07T08:11:00.000Z,4355.0,4355.3999023438,4354.0,4355.0,93,0.0,0.0,GC=F,NA,NA,USD
2026-08-07T08:12:00.000Z,4354.7001953125,4356.3999023438,4354.2001953125,4356.3999023438,130,0.0,0.0,GC=F,NA,NA,USD
2026-08-07T08:13:00.000Z,4356.7998046875,4359.2998046875,4356.3999023438,4358.5,233,0.0,0.0,GC=F,NA,NA,USD
2026-08-07T08:14:00.000Z,4358.2001953125,4359.8999023438,4358.1000976562,4358.7998046875,123,0.0,0.0,GC=F,NA,NA,USD
2026-08-07T08:15:00.000Z,4359.2001953125,4359.2998046875,4358.5,4358.8999023438,47,0.0,0.0,GC=F,NA,NA,USD
2026-08-07T08:16:00.000Z,4359.3999023438,4360.0,4358.6000976562,4358.6000976562,80,0.0,0.0,GC=F,NA,NA,USD
2026-08-07T08:17:00.000Z,4358.3999023438,4358.6000976562,4357.0,4357.2001953125,264,0.0,0.0,GC=F,NA,NA,USD
2026-08-07T08:18:00.000Z,4357.2998046875,4357.8999023438,4356.1000976562,4356.5,99,0.0,0.0,GC=F,NA,NA,USD
2026-08-07T08:19:00.000Z,4356.5,4358.0,4356.2998046875,4357.1000976562,50,0.0,0.0,GC=F,NA,NA,USD
2026-08-07T08:20:00.000Z,4357.2001953125,4357.2001953125,4354.7001953125,4354.7001953125,66,0.0,0.0,GC=F,NA,NA,USD
2026-08-07T08:21:00.000Z,4354.7998046875,4355.6000976562,4354.3999023438,4355.1000976562,55,0.0,0.0,GC=F,NA,NA,USD
2026-08-07T08:22:00.000Z,4355.0,4355.2001953125,4354.0,4354.1000976562,89,0.0,0.0,GC=F,NA,NA,USD
2026-08-07T08:23:00.000Z,4354.0,4354.7998046875,4353.5,4353.6000976562,187,0.0,0.0,GC=F,NA,NA,USD
2026-08-07T08:24:00.000Z,4353.2998046875,4355.7998046875,4352.8999023438,4353.7001953125,92,0.0,0.0,GC=F,NA,NA,USD
2026-08-07T08:25:00.000Z,4353.8999023438,4355.0,4353.7998046875,4354.2001953125,32,0.0,0.0,GC=F,NA,NA,USD
2026-08-07T08:26:00.000Z,4354.2001953125,4354.5,4352.7001953125,4353.5,96,0.0,0.0,GC=F,NA,NA,USD
2026-08-07T08:27:00.000Z,4353.3999023438,4354.8999023438,4353.1000976562,4354.7001953125,34,0.0,0.0,GC=F,NA,NA,USD
2026-08-07T08:28:00.000Z,4354.7998046875,4355.0,4353.2001953125,4353.5,52,0.0,0.0,GC=F,NA,NA,USD
2026-08-07T08:29:00.000Z,4353.3999023438,4354.2001953125,4352.2998046875,4353.7998046875,122,0.0,0.0,GC=F,NA,NA,USD
2026-08-07T08:30:00.000Z,4354.0,4355.3999023438,4353.3999023438,4355.0,92,0.0,0.0,GC=F,NA,NA,USD
2026-08-07T08:31:00.000Z,4354.7001953125,4360.0,4354.5,4359.0,374,0.0,0.0,GC=F,NA,NA,USD
2026-08-07T08:32:00.000Z,4358.8999023438,4359.6000976562,4358.7001953125,4359.1000976562,82,0.0,0.0,GC=F,NA,NA,USD
2026-08-07T08:33:00.000Z,4359.3999023438,4372.7001953125,4358.2998046875,4370.5,1036,0.0,0.0,GC=F,NA,NA,USD
2026-08-07T08:34:00.000Z,4370.3999023438,4374.0,4369.2001953125,4373.2001953125,591,0.0,0.0,GC=F,NA,NA,USD
2026-08-07T08:35:00.000Z,4373.1000976562,4375.8999023438,4367.2001953125,4367.7998046875,555,0.0,0.0,GC=F,NA,NA,USD
2026-08-07T08:36:00.000Z,4367.7001953125,4368.2998046875,4360.3999023438,4361.1000976562,332,0.0,0.0,GC=F,NA,NA,USD
2026-08-07T08:37:00.000Z,4361.0,4363.1000976562,4360.5,4362.6000976562,177,0.0,0.0,GC=F,NA,NA,USD
2026-08-07T08:38:00.000Z,4362.8999023438,4364.6000976562,4362.5,4364.6000976562,238,0.0,0.0,GC=F,NA,NA,USD
2026-08-07T08:39:00.000Z,4364.2998046875,4365.3999023438,4363.7998046875,4363.7998046875,43,0.0,0.0,GC=F,NA,NA,USD
2026-08-07T08:40:00.000Z,4363.7998046875,4366.2001953125,4363.7998046875,4365.7998046875,48,0.0,0.0,GC=F,NA,NA,USD
2026-08-07T08:41:00.000Z,4366.2001953125,4368.6000976562,4366.1000976562,4367.0,87,0.0,0.0,GC=F,NA,NA,USD
2026-08-07T08:42:00.000Z,4367.2998046875,4369.0,4367.2998046875,4368.8999023438,29,0.0,0.0,GC=F,NA,NA,USD
2026-08-07T08:43:00.000Z,4368.8999023438,4369.1000976562,4367.7001953125,4368.6000976562,96,0.0,0.0,GC=F,NA,NA,USD
2026-08-07T08:44:00.000Z,4368.6000976562,4368.6000976562,4367.0,4367.7001953125,48,0.0,0.0,GC=F,NA,NA,USD
2026-08-07T08:45:00.000Z,4368.2998046875,4369.1000976562,4367.2998046875,4367.3999023438,80,0.0,0.0,GC=F,NA,NA,USD
2026-08-07T08:46:00.000Z,4367.6000976562,4370.2001953125,4367.6000976562,4369.8999023438,36,0.0,0.0,GC=F,NA,NA,USD
2026-08-07T08:47:00.000Z,4369.7001953125,4370.5,4366.5,4367.2998046875,140,0.0,0.0,GC=F,NA,NA,USD
2026-08-07T08:48:00.000Z,4367.2998046875,4367.3999023438,4366.7001953125,4366.8999023438,46,0.0,0.0,GC=F,NA,NA,USD
2026-08-07T08:49:00.000Z,4367.2998046875,4367.3999023438,4365.7998046875,4366.2001953125,90,0.0,0.0,GC=F,NA,NA,USD
2026-08-07T08:50:00.000Z,4366.2998046875,4366.3999023438,4364.8999023438,4365.3999023438,79,0.0,0.0,GC=F,NA,NA,USD
2026-08-07T08:51:00.000Z,4365.2998046875,4366.2998046875,4365.2001953125,4365.5,94,0.0,0.0,GC=F,NA,NA,USD
2026-08-07T08:52:00.000Z,4365.3999023438,4367.2998046875,4364.7001953125,4366.7001953125,75,0.0,0.0,GC=F,NA,NA,USD
2026-08-07T08:53:00.000Z,4366.2001953125,4366.6000976562,4364.0,4364.1000976562,70,0.0,0.0,GC=F,NA,NA,USD
2026-08-07T08:54:00.000Z,4364.6000976562,4364.7998046875,4362.7001953125,4363.7001953125,131,0.0,0.0,GC=F,NA,NA,USD
2026-08-07T08:55:00.000Z,4363.7998046875,4367.1000976562,4363.7998046875,4367.1000976562,75,0.0,0.0,GC=F,NA,NA,USD
2026-08-07T08:56:00.000Z,4366.7998046875,4367.2001953125,4364.8999023438,4365.2998046875,137,0.0,0.0,GC=F,NA,NA,USD
2026-08-07T08:57:00.000Z,4365.0,4365.0,4363.0,4363.2001953125,105,0.0,0.0,GC=F,NA,NA,USD
2026-08-07T08:58:00.000Z,4363.2001953125,4364.8999023438,4362.7998046875,4364.7998046875,50,0.0,0.0,GC=F,NA,NA,USD
2026-08-07T08:59:00.000Z,4365.0,4366.3999023438,4364.5,4365.3999023438,84,0.0,0.0,GC=F,NA,NA,USD
2026-08-07T09:00:00.000Z,4365.6000976562,4366.2001953125,4363.8999023438,4365.0,83,0.0,0.0,GC=F,NA,NA,USD
2026-08-07T09:01:00.000Z,4364.6000976562,4366.2001953125,4363.6000976562,4365.7998046875,55,0.0,0.0,GC=F,NA,NA,USD
2026-08-07T09:02:00.000Z,4365.8999023438,4367.0,4365.1000976562,4365.5,53,0.0,0.0,GC=F,NA,NA,USD
2026-08-07T09:03:00.000Z,4365.6000976562,4366.6000976562,4365.2001953125,4365.2001953125,104,0.0,0.0,GC=F,NA,NA,USD
2026-08-07T09:04:00.000Z,4365.0,4365.2001953125,4364.6000976562,4364.8999023438,27,0.0,0.0,GC=F,NA,NA,USD
2026-08-07T09:05:00.000Z,4365.1000976562,4366.0,4364.1000976562,4365.1000976562,86,0.0,0.0,GC=F,NA,NA,USD
2026-08-07T09:06:00.000Z,4365.8999023438,4366.7001953125,4364.2001953125,4364.2998046875,70,0.0,0.0,GC=F,NA,NA,USD
2026-08-07T09:07:00.000Z,4364.2001953125,4365.3999023438,4364.0,4365.0,49,0.0,0.0,GC=F,NA,NA,USD
2026-08-07T09:08:00.000Z,4365.5,4365.5,4364.0,4364.8999023438,46,0.0,0.0,GC=F,NA,NA,USD
2026-08-07T09:09:00.000Z,4364.5,4365.6000976562,4364.2001953125,4365.6000976562,24,0.0,0.0,GC=F,NA,NA,USD
2026-08-07T09:10:00.000Z,4365.5,4366.3999023438,4364.7998046875,4364.8999023438,45,0.0,0.0,GC=F,NA,NA,USD
2026-08-07T09:11:00.000Z,4365.0,4365.5,4364.2998046875,4365.0,49,0.0,0.0,GC=F,NA,NA,USD
2026-08-07T09:12:00.000Z,4365.2001953125,4365.7998046875,4364.1000976562,4365.7001953125,59,0.0,0.0,GC=F,NA,NA,USD
2026-08-07T09:13:00.000Z,4365.5,4366.7001953125,4365.3999023438,4366.1000976562,63,0.0,0.0,GC=F,NA,NA,USD
2026-08-07T09:14:00.000Z,4366.1000976562,4366.1000976562,4364.7998046875,4365.2998046875,87,0.0,0.0,GC=F,NA,NA,USD
2026-08-07T09:15:00.000Z,4365.3999023438,4365.3999023438,4364.3999023438,4365.2998046875,57,0.0,0.0,GC=F,NA,NA,USD
2026-08-07T09:16:00.000Z,4365.2998046875,4365.5,4364.6000976562,4365.5,57,0.0,0.0,GC=F,NA,NA,USD
2026-08-07T09:17:00.000Z,4365.8999023438,4366.6000976562,4365.5,4365.7998046875,140,0.0,0.0,GC=F,NA,NA,USD
2026-08-07T09:18:00.000Z,4365.7998046875,4367.5,4365.7998046875,4366.6000976562,105,0.0,0.0,GC=F,NA,NA,USD
2026-08-07T09:19:00.000Z,4366.8999023438,4367.3999023438,4366.0,4366.2998046875,39,0.0,0.0,GC=F,NA,NA,USD
2026-08-07T09:20:00.000Z,4366.0,4366.7998046875,4365.7998046875,4366.7001953125,21,0.0,0.0,GC=F,NA,NA,USD
2026-08-07T09:21:00.000Z,4367.0,4369.0,4366.6000976562,4368.6000976562,76,0.0,0.0,GC=F,NA,NA,USD
2026-08-07T09:22:00.000Z,4368.8999023438,4369.3999023438,4368.2998046875,4368.7001953125,47,0.0,0.0,GC=F,NA,NA,USD
2026-08-07T09:23:00.000Z,4368.2998046875,4369.3999023438,4368.1000976562,4368.8999023438,59,0.0,0.0,GC=F,NA,NA,USD
2026-08-07T09:24:00.000Z,4368.6000976562,4370.3999023438,4368.6000976562,4370.1000976562,74,0.0,0.0,GC=F,NA,NA,USD
2026-08-07T09:25:00.000Z,4369.7998046875,4370.7001953125,4368.7998046875,4369.1000976562,104,0.0,0.0,GC=F,NA,NA,USD
2026-08-07T09:26:00.000Z,4369.0,4369.2998046875,4367.7001953125,4368.2001953125,84,0.0,0.0,GC=F,NA,NA,USD
2026-08-07T09:27:00.000Z,4368.2998046875,4368.5,4366.7001953125,4368.3999023438,122,0.0,0.0,GC=F,NA,NA,USD
2026-08-07T09:28:00.000Z,4368.2001953125,4368.2001953125,4365.5,4365.7998046875,116,0.0,0.0,GC=F,NA,NA,USD
2026-08-07T09:29:00.000Z,4365.7998046875,4366.1000976562,4364.5,4365.8999023438,84,0.0,0.0,GC=F,NA,NA,USD
2026-08-07T09:30:00.000Z,4366.3999023438,4367.2001953125,4362.6000976562,4363.7001953125,171,0.0,0.0,GC=F,NA,NA,USD
2026-08-07T09:31:00.000Z,4363.8999023438,4364.2001953125,4361.6000976562,4363.1000976562,198,0.0,0.0,GC=F,NA,NA,USD
2026-08-07T09:32:00.000Z,4362.7998046875,4363.6000976562,4362.0,4363.5,91,0.0,0.0,GC=F,NA,NA,USD
2026-08-07T09:33:00.000Z,4363.5,4365.2001953125,4363.2001953125,4363.6000976562,80,0.0,0.0,GC=F,NA,NA,USD
2026-08-07T09:34:00.000Z,4363.5,4364.2998046875,4362.7998046875,4364.0,67,0.0,0.0,GC=F,NA,NA,USD
2026-08-07T09:35:00.000Z,4364.0,4364.5,4362.3999023438,4364.1000976562,121,0.0,0.0,GC=F,NA,NA,USD
2026-08-07T09:36:00.000Z,4364.2001953125,4364.6000976562,4363.2998046875,4364.5,59,0.0,0.0,GC=F,NA,NA,USD
2026-08-07T09:37:00.000Z,4364.7998046875,4365.7998046875,4364.2001953125,4365.3999023438,92,0.0,0.0,GC=F,NA,NA,USD
2026-08-07T09:38:00.000Z,4365.7001953125,4367.2001953125,4365.1000976562,4367.1000976562,102,0.0,0.0,GC=F,NA,NA,USD
2026-08-07T09:39:00.000Z,4367.2998046875,4368.6000976562,4366.7998046875,4368.1000976562,158,0.0,0.0,GC=F,NA,NA,USD
2026-08-07T09:40:00.000Z,4368.3999023438,4370.5,4368.2001953125,4369.2998046875,338,0.0,0.0,GC=F,NA,NA,USD
2026-08-07T09:41:00.000Z,4369.3999023438,4371.3999023438,4368.1000976562,4371.2001953125,287,0.0,0.0,GC=F,NA,NA,USD
2026-08-07T09:42:00.000Z,4371.3999023438,4373.2998046875,4370.5,4373.2001953125,258,0.0,0.0,GC=F,NA,NA,USD
2026-08-07T09:43:00.000Z,4373.2998046875,4376.7998046875,4373.2001953125,4376.6000976562,329,0.0,0.0,GC=F,NA,NA,USD
2026-08-07T09:44:00.000Z,4376.1000976562,4377.7998046875,4376.1000976562,4376.6000976562,251,0.0,0.0,GC=F,NA,NA,USD
2026-08-07T09:45:00.000Z,4376.7998046875,4379.6000976562,4376.7001953125,4377.8999023438,359,0.0,0.0,GC=F,NA,NA,USD
2026-08-07T09:46:00.000Z,4377.6000976562,4379.0,4377.5,4378.8999023438,132,0.0,0.0,GC=F,NA,NA,USD
2026-08-07T09:47:00.000Z,4378.7998046875,4380.1000976562,4377.7001953125,4377.7001953125,188,0.0,0.0,GC=F,NA,NA,USD
2026-08-07T09:48:00.000Z,4377.8999023438,4378.0,4374.7001953125,4375.5,286,0.0,0.0,GC=F,NA,NA,USD
2026-08-07T09:49:00.000Z,4375.6000976562,4376.2998046875,4374.6000976562,4376.2001953125,159,0.0,0.0,GC=F,NA,NA,USD
2026-08-07T09:50:00.000Z,4376.2998046875,4378.8999023438,4375.7001953125,4378.2001953125,327,0.0,0.0,GC=F,NA,NA,USD
2026-08-07T09:51:00.000Z,4378.2001953125,4378.7998046875,4377.0,4377.1000976562,147,0.0,0.0,GC=F,NA,NA,USD
2026-08-07T09:52:00.000Z,4377.2001953125,4379.6000976562,4376.1000976562,4378.7998046875,336,0.0,0.0,GC=F,NA,NA,USD
2026-08-07T09:53:00.000Z,4378.7998046875,4379.1000976562,4377.1000976562,4377.2998046875,186,0.0,0.0,GC=F,NA,NA,USD
2026-08-07T09:54:00.000Z,4377.2001953125,4377.8999023438,4376.3999023438,4377.5,110,0.0,0.0,GC=F,NA,NA,USD
2026-08-07T09:55:00.000Z,4377.7998046875,4379.0,4376.2001953125,4378.0,225,0.0,0.0,GC=F,NA,NA,USD
2026-08-07T09:56:00.000Z,4378.0,4379.0,4375.5,4376.0,163,0.0,0.0,GC=F,NA,NA,USD
2026-08-07T09:57:00.000Z,4376.0,4376.2001953125,4373.8999023438,4374.2001953125,192,0.0,0.0,GC=F,NA,NA,USD
2026-08-07T09:58:00.000Z,4374.2998046875,4375.2998046875,4374.2001953125,4374.8999023438,82,0.0,0.0,GC=F,NA,NA,USD
2026-08-07T09:59:00.000Z,4374.7998046875,4376.3999023438,4374.7998046875,4375.6000976562,60,0.0,0.0,GC=F,NA,NA,USD
2026-08-07T10:00:00.000Z,4375.7998046875,4377.8999023438,4375.6000976562,4377.2998046875,99,0.0,0.0,GC=F,NA,NA,USD
2026-08-07T10:01:00.000Z,4377.5,4377.6000976562,4375.7001953125,4375.7001953125,42,0.0,0.0,GC=F,NA,NA,USD
2026-08-07T10:02:00.000Z,4375.8999023438,4376.1000976562,4374.5,4374.7001953125,72,0.0,0.0,GC=F,NA,NA,USD
2026-08-07T10:03:00.000Z,4374.8999023438,4375.7001953125,4374.3999023438,4375.7001953125,87,0.0,0.0,GC=F,NA,NA,USD
2026-08-07T10:04:00.000Z,4375.7998046875,4379.0,4375.7001953125,4377.0,95,0.0,0.0,GC=F,NA,NA,USD
2026-08-07T10:05:00.000Z,4377.2001953125,4377.5,4374.5,4375.2001953125,105,0.0,0.0,GC=F,NA,NA,USD
2026-08-07T10:06:00.000Z,4374.2998046875,4374.7001953125,4372.6000976562,4374.2998046875,152,0.0,0.0,GC=F,NA,NA,USD
2026-08-07T10:07:00.000Z,4374.0,4374.2001953125,4373.3999023438,4373.3999023438,47,0.0,0.0,GC=F,NA,NA,USD
2026-08-07T10:08:00.000Z,4373.5,4373.6000976562,4371.5,4372.5,161,0.0,0.0,GC=F,NA,NA,USD
2026-08-07T10:09:00.000Z,4372.7001953125,4372.7998046875,4371.3999023438,4371.7001953125,77,0.0,0.0,GC=F,NA,NA,USD
2026-08-07T10:10:00.000Z,4372.1000976562,4373.3999023438,4371.2001953125,4372.6000976562,145,0.0,0.0,GC=F,NA,NA,USD
2026-08-07T10:11:00.000Z,4372.2998046875,4372.7998046875,4369.6000976562,4370.0,71,0.0,0.0,GC=F,NA,NA,USD
2026-08-07T10:12:00.000Z,4370.2001953125,4370.8999023438,4369.0,4369.2998046875,142,0.0,0.0,GC=F,NA,NA,USD
2026-08-07T10:13:00.000Z,4369.7001953125,4369.8999023438,4368.2001953125,4368.6000976562,58,0.0,0.0,GC=F,NA,NA,USD
2026-08-07T10:14:00.000Z,4368.2998046875,4369.3999023438,4367.2001953125,4367.2001953125,135,0.0,0.0,GC=F,NA,NA,USD
2026-08-07T10:15:00.000Z,4367.5,4369.1000976562,4367.2998046875,4369.1000976562,96,0.0,0.0,GC=F,NA,NA,USD
2026-08-07T10:16:00.000Z,4369.3999023438,4369.8999023438,4368.1000976562,4368.6000976562,61,0.0,0.0,GC=F,NA,NA,USD
2026-08-07T10:17:00.000Z,4368.7998046875,4369.0,4368.3999023438,4369.0,51,0.0,0.0,GC=F,NA,NA,USD
2026-08-07T10:18:00.000Z,4369.2998046875,4369.2998046875,4368.0,4368.2001953125,44,0.0,0.0,GC=F,NA,NA,USD
2026-08-07T10:19:00.000Z,4368.3999023438,4373.0,4368.3999023438,4372.3999023438,156,0.0,0.0,GC=F,NA,NA,USD
2026-08-07T10:20:00.000Z,4372.2998046875,4372.3999023438,4370.1000976562,4370.1000976562,80,0.0,0.0,GC=F,NA,NA,USD
2026-08-07T10:21:00.000Z,4370.6000976562,4371.7998046875,4370.0,4371.6000976562,26,0.0,0.0,GC=F,NA,NA,USD
2026-08-07T10:22:00.000Z,4371.7001953125,4372.1000976562,4371.0,4371.7001953125,51,0.0,0.0,GC=F,NA,NA,USD
2026-08-07T10:23:00.000Z,4371.7001953125,4372.7001953125,4371.6000976562,4372.7001953125,41,0.0,0.0,GC=F,NA,NA,USD
2026-08-07T10:24:00.000Z,4372.1000976562,4372.1000976562,4371.2001953125,4371.7998046875,26,0.0,0.0,GC=F,NA,NA,USD
2026-08-07T10:25:00.000Z,4371.8999023438,4373.7001953125,4371.7001953125,4373.2998046875,67,0.0,0.0,GC=F,NA,NA,USD
2026-08-07T10:26:00.000Z,4373.0,4373.2001953125,4371.5,4371.7001953125,59,0.0,0.0,GC=F,NA,NA,USD
2026-08-07T10:27:00.000Z,4371.8999023438,4372.6000976562,4371.8999023438,4372.1000976562,27,0.0,0.0,GC=F,NA,NA,USD
2026-08-07T10:28:00.000Z,4372.1000976562,4373.2998046875,4371.8999023438,4372.8999023438,47,0.0,0.0,GC=F,NA,NA,USD
2026-08-07T10:29:00.000Z,4372.7998046875,4373.7001953125,4371.7998046875,4373.1000976562,82,0.0,0.0,GC=F,NA,NA,USD
2026-08-07T10:30:00.000Z,4373.1000976562,4373.8999023438,4372.3999023438,4372.8999023438,71,0.0,0.0,GC=F,NA,NA,USD
2026-08-07T10:31:00.000Z,4373.0,4375.8999023438,4373.0,4375.8999023438,145,0.0,0.0,GC=F,NA,NA,USD
2026-08-07T10:32:00.000Z,4375.6000976562,4375.7998046875,4373.5,4373.7998046875,122,0.0,0.0,GC=F,NA,NA,USD
2026-08-07T10:33:00.000Z,4373.8999023438,4375.0,4373.8999023438,4375.0,54,0.0,0.0,GC=F,NA,NA,USD
2026-08-07T10:34:00.000Z,4374.6000976562,4375.3999023438,4374.2998046875,4375.3999023438,27,0.0,0.0,GC=F,NA,NA,USD
2026-08-07T10:35:00.000Z,4375.2998046875,4375.2998046875,4373.7001953125,4375.2001953125,71,0.0,0.0,GC=F,NA,NA,USD
2026-08-07T10:36:00.000Z,4375.7001953125,4377.0,4375.7001953125,4376.3999023438,124,0.0,0.0,GC=F,NA,NA,USD
2026-08-07T10:37:00.000Z,4376.5,4377.5,4376.2998046875,4376.2998046875,96,0.0,0.0,GC=F,NA,NA,USD
2026-08-07T10:38:00.000Z,4376.2998046875,4377.5,4376.2998046875,4377.2001953125,69,0.0,0.0,GC=F,NA,NA,USD
2026-08-07T10:39:00.000Z,4377.3999023438,4377.7001953125,4376.7001953125,4377.0,63,0.0,0.0,GC=F,NA,NA,USD
2026-08-07T10:40:00.000Z,4376.7001953125,4376.7001953125,4374.8999023438,4375.3999023438,69,0.0,0.0,GC=F,NA,NA,USD
2026-08-07T10:41:00.000Z,4375.2001953125,4376.5,4375.2001953125,4375.6000976562,47,0.0,0.0,GC=F,NA,NA,USD
2026-08-07T10:42:00.000Z,4375.7998046875,4377.3999023438,4375.5,4377.2001953125,36,0.0,0.0,GC=F,NA,NA,USD
2026-08-07T10:43:00.000Z,4377.3999023438,4377.5,4375.7998046875,4377.0,30,0.0,0.0,GC=F,NA,NA,USD
2026-08-07T10:44:00.000Z,4376.8999023438,4377.6000976562,4376.2001953125,4376.2001953125,34,0.0,0.0,GC=F,NA,NA,USD
2026-08-07T10:45:00.000Z,4376.3999023438,4377.0,4376.0,4377.0,58,0.0,0.0,GC=F,NA,NA,USD
2026-08-07T10:46:00.000Z,4376.8999023438,4377.5,4376.5,4376.8999023438,63,0.0,0.0,GC=F,NA,NA,USD
2026-08-07T10:47:00.000Z,4376.7998046875,4378.2998046875,4376.2998046875,4377.8999023438,82,0.0,0.0,GC=F,NA,NA,USD
2026-08-07T10:48:00.000Z,4377.7001953125,4379.5,4377.7001953125,4379.2998046875,141,0.0,0.0,GC=F,NA,NA,USD
2026-08-07T10:49:00.000Z,4379.0,4379.0,4377.7001953125,4378.1000976562,159,0.0,0.0,GC=F,NA,NA,USD
2026-08-07T10:50:00.000Z,4378.2998046875,4380.2001953125,4378.2998046875,4379.5,261,0.0,0.0,GC=F,NA,NA,USD
2026-08-07T10:51:00.000Z,4379.7001953125,4380.0,4378.7001953125,4379.0,92,0.0,0.0,GC=F,NA,NA,USD
2026-08-07T10:52:00.000Z,4378.8999023438,4379.3999023438,4377.6000976562,4377.7001953125,169,0.0,0.0,GC=F,NA,NA,USD
2026-08-07T10:53:00.000Z,4377.5,4378.1000976562,4377.0,4377.3999023438,112,0.0,0.0,GC=F,NA,NA,USD
2026-08-07T10:54:00.000Z,4377.3999023438,4380.1000976562,4376.3999023438,4376.7001953125,158,0.0,0.0,GC=F,NA,NA,USD
2026-08-07T10:55:00.000Z,4376.6000976562,4377.1000976562,4376.1000976562,4377.0,96,0.0,0.0,GC=F,NA,NA,USD
2026-08-07T10:56:00.000Z,4377.2998046875,4377.2998046875,4375.6000976562,4376.6000976562,60,0.0,0.0,GC=F,NA,NA,USD
2026-08-07T10:57:00.000Z,4377.0,4377.2998046875,4376.2001953125,4376.7001953125,32,0.0,0.0,GC=F,NA,NA,USD
2026-08-07T10:58:00.000Z,4376.8999023438,4377.0,4375.8999023438,4376.2001953125,33,0.0,0.0,GC=F,NA,NA,USD
2026-08-07T10:59:00.000Z,4376.5,4376.7998046875,4375.7001953125,4376.3999023438,40,0.0,0.0,GC=F,NA,NA,USD
2026-08-07T11:00:00.000Z,4376.2998046875,4379.6000976562,4376.2998046875,4378.7998046875,84,0.0,0.0,GC=F,NA,NA,USD
2026-08-07T11:01:00.000Z,4379.2001953125,4380.0,4378.7998046875,4379.1000976562,47,0.0,0.0,GC=F,NA,NA,USD
2026-08-07T11:02:00.000Z,4379.2998046875,4379.2998046875,4378.2001953125,4378.2001953125,49,0.0,0.0,GC=F,NA,NA,USD
2026-08-07T11:03:00.000Z,4378.2998046875,4383.8999023438,4378.2998046875,4383.6000976562,268,0.0,0.0,GC=F,NA,NA,USD
2026-08-07T11:04:00.000Z,4383.3999023438,4383.5,4382.2998046875,4382.7998046875,169,0.0,0.0,GC=F,NA,NA,USD
2026-08-07T11:05:00.000Z,4382.8999023438,4383.6000976562,4381.7998046875,4382.1000976562,62,0.0,0.0,GC=F,NA,NA,USD
2026-08-07T11:06:00.000Z,4382.6000976562,4383.0,4382.1000976562,4382.2001953125,33,0.0,0.0,GC=F,NA,NA,USD
2026-08-07T11:07:00.000Z,4382.3999023438,4383.0,4381.5,4382.7998046875,128,0.0,0.0,GC=F,NA,NA,USD
2026-08-07T11:08:00.000Z,4383.2001953125,4385.3999023438,4383.0,4384.7998046875,239,0.0,0.0,GC=F,NA,NA,USD
2026-08-07T11:09:00.000Z,4384.8999023438,4385.7001953125,4384.1000976562,4384.5,295,0.0,0.0,GC=F,NA,NA,USD
2026-08-07T11:10:00.000Z,4384.3999023438,4384.5,4383.1000976562,4383.5,119,0.0,0.0,GC=F,NA,NA,USD
2026-08-07T11:11:00.000Z,4383.3999023438,4384.0,4382.2998046875,4383.2998046875,194,0.0,0.0,GC=F,NA,NA,USD
2026-08-07T11:12:00.000Z,4383.7001953125,4384.6000976562,4383.1000976562,4384.1000976562,147,0.0,0.0,GC=F,NA,NA,USD
2026-08-07T11:13:00.000Z,4384.2998046875,4385.0,4380.7001953125,4381.2998046875,148,0.0,0.0,GC=F,NA,NA,USD
2026-08-07T11:14:00.000Z,4381.7001953125,4381.7001953125,4378.7998046875,4379.5,103,0.0,0.0,GC=F,NA,NA,USD
2026-08-07T11:15:00.000Z,4379.7998046875,4379.7998046875,4376.7998046875,4378.8999023438,187,0.0,0.0,GC=F,NA,NA,USD
2026-08-07T11:16:00.000Z,4379.1000976562,4379.2998046875,4377.8999023438,4378.8999023438,118,0.0,0.0,GC=F,NA,NA,USD
2026-08-07T11:17:00.000Z,4379.0,4379.2998046875,4377.5,4377.7001953125,118,0.0,0.0,GC=F,NA,NA,USD
2026-08-07T11:18:00.000Z,4377.7998046875,4378.3999023438,4376.0,4378.0,157,0.0,0.0,GC=F,NA,NA,USD
2026-08-07T11:19:00.000Z,4377.7001953125,4380.1000976562,4376.7998046875,4379.7998046875,130,0.0,0.0,GC=F,NA,NA,USD
2026-08-07T11:20:00.000Z,4379.5,4382.6000976562,4379.3999023438,4381.8999023438,260,0.0,0.0,GC=F,NA,NA,USD
2026-08-07T11:21:00.000Z,4381.8999023438,4382.3999023438,4380.5,4381.2998046875,145,0.0,0.0,GC=F,NA,NA,USD
2026-08-07T11:22:00.000Z,4381.5,4382.3999023438,4380.3999023438,4381.0,110,0.0,0.0,GC=F,NA,NA,USD
2026-08-07T11:23:00.000Z,4381.1000976562,4383.8999023438,4380.7998046875,4383.7998046875,99,0.0,0.0,GC=F,NA,NA,USD
2026-08-07T11:24:00.000Z,4383.8999023438,4384.6000976562,4383.0,4383.5,144,0.0,0.0,GC=F,NA,NA,USD
2026-08-07T11:25:00.000Z,4383.5,4385.2001953125,4383.5,4385.1000976562,139,0.0,0.0,GC=F,NA,NA,USD
2026-08-07T11:26:00.000Z,4384.8999023438,4386.0,4384.2001953125,4385.2998046875,184,0.0,0.0,GC=F,NA,NA,USD
2026-08-07T11:27:00.000Z,4385.1000976562,4386.7001953125,4385.1000976562,4385.1000976562,115,0.0,0.0,GC=F,NA,NA,USD
2026-08-07T11:28:00.000Z,4385.1000976562,4385.6000976562,4383.3999023438,4383.8999023438,112,0.0,0.0,GC=F,NA,NA,USD
2026-08-07T11:29:00.000Z,4383.7001953125,4384.8999023438,4383.2998046875,4384.3999023438,133,0.0,0.0,GC=F,NA,NA,USD
2026-08-07T11:30:00.000Z,4384.5,4386.7001953125,4384.5,4385.6000976562,170,0.0,0.0,GC=F,NA,NA,USD
2026-08-07T11:31:00.000Z,4385.3999023438,4387.1000976562,4385.2001953125,4386.3999023438,105,0.0,0.0,GC=F,NA,NA,USD
2026-08-07T11:32:00.000Z,4386.2998046875,4386.8999023438,4385.7998046875,4385.7998046875,41,0.0,0.0,GC=F,NA,NA,USD
2026-08-07T11:33:00.000Z,4385.7001953125,4387.1000976562,4385.6000976562,4386.2998046875,184,0.0,0.0,GC=F,NA,NA,USD
2026-08-07T11:34:00.000Z,4386.2998046875,4386.2998046875,4384.0,4384.0,95,0.0,0.0,GC=F,NA,NA,USD
2026-08-07T11:35:00.000Z,4383.8999023438,4384.5,4383.2001953125,4383.7001953125,126,0.0,0.0,GC=F,NA,NA,USD
2026-08-07T11:36:00.000Z,4383.5,4383.5,4381.7998046875,4382.7001953125,116,0.0,0.0,GC=F,NA,NA,USD
2026-08-07T11:37:00.000Z,4382.7001953125,4382.7998046875,4381.3999023438,4381.7001953125,95,0.0,0.0,GC=F,NA,NA,USD
2026-08-07T11:38:00.000Z,4381.7998046875,4382.7001953125,4380.2001953125,4382.2998046875,157,0.0,0.0,GC=F,NA,NA,USD
2026-08-07T11:39:00.000Z,4382.6000976562,4383.3999023438,4382.0,4382.6000976562,129,0.0,0.0,GC=F,NA,NA,USD
2026-08-07T11:40:00.000Z,4382.6000976562,4383.7001953125,4382.2998046875,4383.1000976562,73,0.0,0.0,GC=F,NA,NA,USD
2026-08-07T11:41:00.000Z,4383.2998046875,4384.0,4382.8999023438,4383.7998046875,94,0.0,0.0,GC=F,NA,NA,USD
2026-08-07T11:42:00.000Z,4383.8999023438,4384.7998046875,4382.6000976562,4382.6000976562,121,0.0,0.0,GC=F,NA,NA,USD
2026-08-07T11:43:00.000Z,4382.6000976562,4383.5,4382.2998046875,4383.1000976562,66,0.0,0.0,GC=F,NA,NA,USD
2026-08-07T11:44:00.000Z,4383.1000976562,4383.1000976562,4381.3999023438,4382.2001953125,66,0.0,0.0,GC=F,NA,NA,USD
2026-08-07T11:45:00.000Z,4382.0,4382.8999023438,4381.8999023438,4382.7001953125,11,0.0,0.0,GC=F,NA,NA,USD
2026-08-07T11:46:00.000Z,4382.3999023438,4383.2998046875,4381.7998046875,4382.2001953125,75,0.0,0.0,GC=F,NA,NA,USD
2026-08-07T11:47:00.000Z,4382.3999023438,4384.0,4381.5,4383.2001953125,87,0.0,0.0,GC=F,NA,NA,USD
2026-08-07T11:48:00.000Z,4383.2998046875,4385.1000976562,4383.0,4383.8999023438,122,0.0,0.0,GC=F,NA,NA,USD
2026-08-07T11:49:00.000Z,4383.7998046875,4383.7998046875,4382.2998046875,4383.1000976562,97,0.0,0.0,GC=F,NA,NA,USD
2026-08-07T11:50:00.000Z,4383.3999023438,4385.8999023438,4382.7001953125,4385.7001953125,123,0.0,0.0,GC=F,NA,NA,USD
2026-08-07T11:51:00.000Z,4385.6000976562,4385.6000976562,4381.5,4381.7998046875,229,0.0,0.0,GC=F,NA,NA,USD
2026-08-07T11:52:00.000Z,4382.1000976562,4382.3999023438,4380.1000976562,4381.8999023438,158,0.0,0.0,GC=F,NA,NA,USD
2026-08-07T11:53:00.000Z,4382.1000976562,4383.6000976562,4381.8999023438,4383.6000976562,162,0.0,0.0,GC=F,NA,NA,USD
2026-08-07T11:54:00.000Z,4383.8999023438,4386.5,4383.6000976562,4385.2998046875,193,0.0,0.0,GC=F,NA,NA,USD
2026-08-07T11:55:00.000Z,4385.1000976562,4385.7001953125,4385.0,4385.0,118,0.0,0.0,GC=F,NA,NA,USD
2026-08-07T11:56:00.000Z,4385.0,4386.5,4385.0,4386.0,130,0.0,0.0,GC=F,NA,NA,USD
2026-08-07T11:57:00.000Z,4385.6000976562,4386.5,4382.7998046875,4382.7998046875,122,0.0,0.0,GC=F,NA,NA,USD
2026-08-07T11:58:00.000Z,4382.8999023438,4383.1000976562,4381.0,4381.7998046875,129,0.0,0.0,GC=F,NA,NA,USD
2026-08-07T11:59:00.000Z,4381.8999023438,4382.2001953125,4380.5,4380.7998046875,207,0.0,0.0,GC=F,NA,NA,USD
2026-08-07T12:00:00.000Z,4380.6000976562,4381.5,4378.6000976562,4380.7998046875,221,0.0,0.0,GC=F,NA,NA,USD
2026-08-07T12:01:00.000Z,4380.7998046875,4382.5,4380.7998046875,4381.0,232,0.0,0.0,GC=F,NA,NA,USD
2026-08-07T12:02:00.000Z,4380.7998046875,4383.7998046875,4380.6000976562,4383.6000976562,118,0.0,0.0,GC=F,NA,NA,USD
2026-08-07T12:03:00.000Z,4384.0,4384.7998046875,4382.7001953125,4382.8999023438,151,0.0,0.0,GC=F,NA,NA,USD
2026-08-07T12:04:00.000Z,4382.8999023438,4383.2001953125,4378.7001953125,4378.7001953125,316,0.0,0.0,GC=F,NA,NA,USD
2026-08-07T12:05:00.000Z,4379.1000976562,4379.6000976562,4376.3999023438,4376.3999023438,148,0.0,0.0,GC=F,NA,NA,USD
2026-08-07T12:06:00.000Z,4376.2998046875,4378.0,4374.7001953125,4377.3999023438,567,0.0,0.0,GC=F,NA,NA,USD
2026-08-07T12:07:00.000Z,4377.0,4377.0,4374.7998046875,4375.7001953125,115,0.0,0.0,GC=F,NA,NA,USD
2026-08-07T12:08:00.000Z,4375.7998046875,4376.7998046875,4374.8999023438,4375.0,133,0.0,0.0,GC=F,NA,NA,USD
2026-08-07T12:09:00.000Z,4375.2998046875,4378.0,4375.0,4378.0,85,0.0,0.0,GC=F,NA,NA,USD
2026-08-07T12:10:00.000Z,4377.8999023438,4380.3999023438,4377.2998046875,4380.1000976562,102,0.0,0.0,GC=F,NA,NA,USD
2026-08-07T12:11:00.000Z,4380.0,4381.7001953125,4379.7998046875,4381.3999023438,83,0.0,0.0,GC=F,NA,NA,USD
2026-08-07T12:12:00.000Z,4381.2001953125,4381.6000976562,4379.0,4379.6000976562,98,0.0,0.0,GC=F,NA,NA,USD
2026-08-07T12:13:00.000Z,4379.7998046875,4379.7998046875,4376.3999023438,4376.8999023438,124,0.0,0.0,GC=F,NA,NA,USD
2026-08-07T12:14:00.000Z,4376.7001953125,4377.0,4374.1000976562,4374.7001953125,302,0.0,0.0,GC=F,NA,NA,USD
2026-08-07T12:15:00.000Z,4374.2998046875,4375.1000976562,4371.5,4372.1000976562,547,0.0,0.0,GC=F,NA,NA,USD
2026-08-07T12:16:00.000Z,4371.7998046875,4373.7001953125,4371.7998046875,4372.2998046875,198,0.0,0.0,GC=F,NA,NA,USD
2026-08-07T12:17:00.000Z,4372.7001953125,4373.7998046875,4371.6000976562,4373.7001953125,190,0.0,0.0,GC=F,NA,NA,USD
2026-08-07T12:18:00.000Z,4373.7001953125,4376.2998046875,4373.5,4375.1000976562,328,0.0,0.0,GC=F,NA,NA,USD
2026-08-07T12:19:00.000Z,4375.2998046875,4376.2001953125,4372.8999023438,4373.6000976562,207,0.0,0.0,GC=F,NA,NA,USD
2026-08-07T12:20:00.000Z,4374.0,4376.6000976562,4373.7001953125,4373.8999023438,268,0.0,0.0,GC=F,NA,NA,USD
2026-08-07T12:21:00.000Z,4373.7001953125,4374.6000976562,4372.7998046875,4374.0,179,0.0,0.0,GC=F,NA,NA,USD
2026-08-07T12:22:00.000Z,4374.1000976562,4374.6000976562,4371.2998046875,4371.5,176,0.0,0.0,GC=F,NA,NA,USD
2026-08-07T12:23:00.000Z,4371.3999023438,4373.2998046875,4371.3999023438,4372.3999023438,152,0.0,0.0,GC=F,NA,NA,USD
2026-08-07T12:24:00.000Z,4372.7001953125,4373.1000976562,4369.5,4370.2001953125,425,0.0,0.0,GC=F,NA,NA,USD
2026-08-07T12:25:00.000Z,4370.0,4371.5,4369.3999023438,4371.2001953125,161,0.0,0.0,GC=F,NA,NA,USD
2026-08-07T12:26:00.000Z,4371.2998046875,4372.2001953125,4369.6000976562,4370.1000976562,141,0.0,0.0,GC=F,NA,NA,USD
2026-08-07T12:27:00.000Z,4370.2998046875,4372.2998046875,4370.2001953125,4371.5,170,0.0,0.0,GC=F,NA,NA,USD
2026-08-07T12:28:00.000Z,4371.2001953125,4375.1000976562,4370.3999023438,4374.3999023438,279,0.0,0.0,GC=F,NA,NA,USD
2026-08-07T12:29:00.000Z,4374.2998046875,4374.8999023438,4361.0,4370.7998046875,784,0.0,0.0,GC=F,NA,NA,USD
2026-08-07T12:30:00.000Z,4373.0,4417.8999023438,4370.7998046875,4414.3999023438,4098,0.0,0.0,GC=F,NA,NA,USD
2026-08-07T12:31:00.000Z,4414.3999023438,4423.2998046875,4410.0,4419.7001953125,1510,0.0,0.0,GC=F,NA,NA,USD
2026-08-07T12:32:00.000Z,4420.2998046875,4423.2001953125,4412.7001953125,4414.6000976562,1356,0.0,0.0,GC=F,NA,NA,USD
2026-08-07T12:33:00.000Z,4415.1000976562,4417.7001953125,4410.8999023438,4416.5,808,0.0,0.0,GC=F,NA,NA,USD
2026-08-07T12:34:00.000Z,4416.6000976562,4424.7998046875,4411.3999023438,4419.7998046875,983,0.0,0.0,GC=F,NA,NA,USD
2026-08-07T12:35:00.000Z,4419.6000976562,4420.3999023438,4415.5,4419.5,778,0.0,0.0,GC=F,NA,NA,USD
2026-08-07T12:36:00.000Z,4418.5,4423.6000976562,4417.8999023438,4419.3999023438,707,0.0,0.0,GC=F,NA,NA,USD
2026-08-07T12:37:00.000Z,4419.2001953125,4419.7001953125,4413.6000976562,4416.3999023438,642,0.0,0.0,GC=F,NA,NA,USD
2026-08-07T12:38:00.000Z,4416.2998046875,4417.5,4412.3999023438,4416.5,974,0.0,0.0,GC=F,NA,NA,USD
2026-08-07T12:39:00.000Z,4416.7001953125,4427.0,4416.2001953125,4424.8999023438,842,0.0,0.0,GC=F,NA,NA,USD
2026-08-07T12:40:00.000Z,4424.7001953125,4426.7001953125,4421.3999023438,4426.5,1331,0.0,0.0,GC=F,NA,NA,USD
2026-08-07T12:41:00.000Z,4426.3999023438,4427.6000976562,4421.6000976562,4427.2998046875,920,0.0,0.0,GC=F,NA,NA,USD
2026-08-07T12:42:00.000Z,4427.0,4429.7998046875,4424.3999023438,4429.2998046875,585,0.0,0.0,GC=F,NA,NA,USD
2026-08-07T12:43:00.000Z,4429.3999023438,4431.2001953125,4424.5,4428.8999023438,553,0.0,0.0,GC=F,NA,NA,USD
2026-08-07T12:44:00.000Z,4428.7001953125,4431.3999023438,4425.8999023438,4427.3999023438,509,0.0,0.0,GC=F,NA,NA,USD
2026-08-07T12:45:00.000Z,4427.7001953125,4431.3999023438,4426.8999023438,4430.7998046875,263,0.0,0.0,GC=F,NA,NA,USD
2026-08-07T12:46:00.000Z,4430.3999023438,4431.3999023438,4427.3999023438,4431.2001953125,356,0.0,0.0,GC=F,NA,NA,USD
2026-08-07T12:47:00.000Z,4431.0,4432.2001953125,4429.0,4431.2001953125,424,0.0,0.0,GC=F,NA,NA,USD
2026-08-07T12:48:00.000Z,4431.0,4432.2998046875,4428.2998046875,4428.7998046875,320,0.0,0.0,GC=F,NA,NA,USD
2026-08-07T12:49:00.000Z,4429.0,4430.2001953125,4427.0,4429.1000976562,305,0.0,0.0,GC=F,NA,NA,USD
2026-08-07T12:50:00.000Z,4429.2998046875,4432.2001953125,4425.1000976562,4429.0,517,0.0,0.0,GC=F,NA,NA,USD
2026-08-07T12:51:00.000Z,4428.7998046875,4430.2001953125,4425.3999023438,4428.5,278,0.0,0.0,GC=F,NA,NA,USD
2026-08-07T12:52:00.000Z,4428.3999023438,4431.7998046875,4425.2998046875,4426.7998046875,529,0.0,0.0,GC=F,NA,NA,USD
2026-08-07T12:53:00.000Z,4426.5,4428.7001953125,4423.8999023438,4427.3999023438,247,0.0,0.0,GC=F,NA,NA,USD
2026-08-07T12:54:00.000Z,4427.8999023438,4431.6000976562,4425.0,4425.0,633,0.0,0.0,GC=F,NA,NA,USD
2026-08-07T12:55:00.000Z,4425.3999023438,4426.2001953125,4421.2998046875,4422.2998046875,425,0.0,0.0,GC=F,NA,NA,USD
2026-08-07T12:56:00.000Z,4422.2998046875,4423.2998046875,4417.6000976562,4418.1000976562,470,0.0,0.0,GC=F,NA,NA,USD
2026-08-07T12:57:00.000Z,4418.2001953125,4419.0,4416.5,4417.5,427,0.0,0.0,GC=F,NA,NA,USD
2026-08-07T12:58:00.000Z,4417.6000976562,4418.8999023438,4416.1000976562,4418.2001953125,217,0.0,0.0,GC=F,NA,NA,USD
2026-08-07T12:59:00.000Z,4418.3999023438,4421.8999023438,4417.7998046875,4421.8999023438,405,0.0,0.0,GC=F,NA,NA,USD
2026-08-07T13:00:00.000Z,4421.6000976562,4424.6000976562,4417.2001953125,4419.7998046875,829,0.0,0.0,GC=F,NA,NA,USD
2026-08-07T13:01:00.000Z,4420.2001953125,4420.2998046875,4410.8999023438,4413.3999023438,505,0.0,0.0,GC=F,NA,NA,USD
2026-08-07T13:02:00.000Z,4413.7998046875,4415.5,4411.5,4412.7001953125,425,0.0,0.0,GC=F,NA,NA,USD
2026-08-07T13:03:00.000Z,4413.0,4414.6000976562,4411.2998046875,4412.8999023438,348,0.0,0.0,GC=F,NA,NA,USD
2026-08-07T13:04:00.000Z,4412.7001953125,4413.2001953125,4407.2998046875,4407.2998046875,544,0.0,0.0,GC=F,NA,NA,USD
2026-08-07T13:05:00.000Z,4407.5,4411.1000976562,4407.5,4409.3999023438,353,0.0,0.0,GC=F,NA,NA,USD
2026-08-07T13:06:00.000Z,4409.3999023438,4411.0,4405.5,4410.7998046875,335,0.0,0.0,GC=F,NA,NA,USD
2026-08-07T13:07:00.000Z,4410.6000976562,4412.0,4407.7998046875,4409.1000976562,274,0.0,0.0,GC=F,NA,NA,USD
2026-08-07T13:08:00.000Z,4409.2998046875,4412.7998046875,4407.8999023438,4411.2998046875,351,0.0,0.0,GC=F,NA,NA,USD
2026-08-07T13:09:00.000Z,4411.0,4411.7998046875,4409.5,4410.3999023438,255,0.0,0.0,GC=F,NA,NA,USD
2026-08-07T13:10:00.000Z,4410.2998046875,4411.2001953125,4406.2998046875,4410.1000976562,367,0.0,0.0,GC=F,NA,NA,USD
2026-08-07T13:11:00.000Z,4410.2001953125,4410.2001953125,4407.2998046875,4407.7001953125,577,0.0,0.0,GC=F,NA,NA,USD
2026-08-07T13:12:00.000Z,4408.0,4408.7998046875,4406.1000976562,4408.7998046875,142,0.0,0.0,GC=F,NA,NA,USD
2026-08-07T13:13:00.000Z,4408.7001953125,4410.2998046875,4406.7001953125,4409.0,165,0.0,0.0,GC=F,NA,NA,USD
2026-08-07T13:14:00.000Z,4409.2001953125,4409.5,4407.1000976562,4407.8999023438,253,0.0,0.0,GC=F,NA,NA,USD
2026-08-07T13:15:00.000Z,4407.8999023438,4409.5,4405.7998046875,4405.7998046875,143,0.0,0.0,GC=F,NA,NA,USD
2026-08-07T13:16:00.000Z,4405.6000976562,4405.7001953125,4403.2998046875,4404.1000976562,232,0.0,0.0,GC=F,NA,NA,USD
2026-08-07T13:17:00.000Z,4404.5,4405.3999023438,4400.7998046875,4401.0,237,0.0,0.0,GC=F,NA,NA,USD
2026-08-07T13:18:00.000Z,4401.2001953125,4402.0,4398.8999023438,4401.2001953125,543,0.0,0.0,GC=F,NA,NA,USD
2026-08-07T13:19:00.000Z,4401.0,4407.6000976562,4400.1000976562,4407.3999023438,223,0.0,0.0,GC=F,NA,NA,USD
2026-08-07T13:20:00.000Z,4407.3999023438,4410.7998046875,4407.3999023438,4410.1000976562,332,0.0,0.0,GC=F,NA,NA,USD
2026-08-07T13:21:00.000Z,4410.1000976562,4412.5,4409.1000976562,4410.7998046875,182,0.0,0.0,GC=F,NA,NA,USD
2026-08-07T13:22:00.000Z,4410.5,4412.6000976562,4407.6000976562,4407.6000976562,331,0.0,0.0,GC=F,NA,NA,USD
2026-08-07T13:23:00.000Z,4407.7001953125,4410.6000976562,4407.6000976562,4410.3999023438,89,0.0,0.0,GC=F,NA,NA,USD
2026-08-07T13:24:00.000Z,4410.8999023438,4413.7001953125,4410.6000976562,4410.6000976562,307,0.0,0.0,GC=F,NA,NA,USD
2026-08-07T13:25:00.000Z,4410.5,4411.2998046875,4408.7001953125,4409.3999023438,194,0.0,0.0,GC=F,NA,NA,USD
2026-08-07T13:26:00.000Z,4409.2998046875,4415.7998046875,4408.6000976562,4415.6000976562,333,0.0,0.0,GC=F,NA,NA,USD
2026-08-07T13:27:00.000Z,4415.6000976562,4417.0,4414.8999023438,4415.8999023438,354,0.0,0.0,GC=F,NA,NA,USD
2026-08-07T13:28:00.000Z,4415.7998046875,4416.7998046875,4413.0,4416.6000976562,187,0.0,0.0,GC=F,NA,NA,USD
2026-08-07T13:29:00.000Z,4416.6000976562,4418.2001953125,4416.2001953125,4416.7998046875,443,0.0,0.0,GC=F,NA,NA,USD
2026-08-07T13:30:00.000Z,4416.7998046875,4419.6000976562,4412.2001953125,4415.7001953125,880,0.0,0.0,GC=F,NA,NA,USD
2026-08-07T13:31:00.000Z,4415.6000976562,4420.3999023438,4415.2998046875,4417.2001953125,491,0.0,0.0,GC=F,NA,NA,USD
2026-08-07T13:32:00.000Z,4417.2001953125,4418.7001953125,4415.6000976562,4416.7001953125,250,0.0,0.0,GC=F,NA,NA,USD
2026-08-07T13:33:00.000Z,4416.3999023438,4418.5,4410.8999023438,4412.1000976562,716,0.0,0.0,GC=F,NA,NA,USD
2026-08-07T13:34:00.000Z,4412.2001953125,4413.7001953125,4411.2001953125,4413.5,242,0.0,0.0,GC=F,NA,NA,USD
2026-08-07T13:35:00.000Z,4413.5,4415.0,4411.1000976562,4414.5,234,0.0,0.0,GC=F,NA,NA,USD
2026-08-07T13:36:00.000Z,4414.3999023438,4418.2001953125,4409.7001953125,4418.2001953125,527,0.0,0.0,GC=F,NA,NA,USD
2026-08-07T13:37:00.000Z,4418.2998046875,4421.2998046875,4416.7001953125,4420.2001953125,555,0.0,0.0,GC=F,NA,NA,USD
2026-08-07T13:38:00.000Z,4419.8999023438,4424.1000976562,4419.6000976562,4422.7001953125,280,0.0,0.0,GC=F,NA,NA,USD
2026-08-07T13:39:00.000Z,4422.7998046875,4426.7001953125,4421.2998046875,4425.5,348,0.0,0.0,GC=F,NA,NA,USD
2026-08-07T13:40:00.000Z,4425.3999023438,4425.7998046875,4422.5,4423.2998046875,347,0.0,0.0,GC=F,NA,NA,USD
2026-08-07T13:41:00.000Z,4423.2998046875,4427.7998046875,4422.6000976562,4427.7001953125,208,0.0,0.0,GC=F,NA,NA,USD
2026-08-07T13:42:00.000Z,4427.5,4428.7998046875,4425.3999023438,4426.0,366,0.0,0.0,GC=F,NA,NA,USD
2026-08-07T13:43:00.000Z,4426.1000976562,4427.2001953125,4421.8999023438,4423.5,528,0.0,0.0,GC=F,NA,NA,USD
2026-08-07T13:44:00.000Z,4423.7001953125,4424.7998046875,4418.2998046875,4418.6000976562,460,0.0,0.0,GC=F,NA,NA,USD
2026-08-07T13:45:00.000Z,4418.7998046875,4420.6000976562,4417.6000976562,4418.2001953125,577,0.0,0.0,GC=F,NA,NA,USD
2026-08-07T13:46:00.000Z,4418.2001953125,4418.2001953125,4412.3999023438,4416.7998046875,334,0.0,0.0,GC=F,NA,NA,USD
2026-08-07T13:47:00.000Z,4416.7001953125,4419.7001953125,4415.1000976562,4417.7998046875,211,0.0,0.0,GC=F,NA,NA,USD
2026-08-07T13:48:00.000Z,4418.1000976562,4419.8999023438,4415.6000976562,4416.8999023438,428,0.0,0.0,GC=F,NA,NA,USD
2026-08-07T13:49:00.000Z,4416.5,4417.3999023438,4412.7001953125,4413.3999023438,384,0.0,0.0,GC=F,NA,NA,USD
2026-08-07T13:50:00.000Z,4413.7998046875,4416.1000976562,4412.2998046875,4414.3999023438,209,0.0,0.0,GC=F,NA,NA,USD
2026-08-07T13:51:00.000Z,4414.2998046875,4418.6000976562,4414.2998046875,4414.7998046875,370,0.0,0.0,GC=F,NA,NA,USD
2026-08-07T13:52:00.000Z,4414.8999023438,4417.0,4413.5,4416.5,167,0.0,0.0,GC=F,NA,NA,USD
2026-08-07T13:53:00.000Z,4416.6000976562,4417.3999023438,4413.7001953125,4415.1000976562,313,0.0,0.0,GC=F,NA,NA,USD
2026-08-07T13:54:00.000Z,4415.2001953125,4416.2001953125,4413.7001953125,4415.0,153,0.0,0.0,GC=F,NA,NA,USD
2026-08-07T13:55:00.000Z,4414.8999023438,4417.2001953125,4414.3999023438,4416.7998046875,278,0.0,0.0,GC=F,NA,NA,USD
2026-08-07T13:56:00.000Z,4417.1000976562,4417.1000976562,4406.3999023438,4406.7998046875,813,0.0,0.0,GC=F,NA,NA,USD
2026-08-07T13:57:00.000Z,4406.2998046875,4407.2998046875,4403.5,4405.8999023438,393,0.0,0.0,GC=F,NA,NA,USD
2026-08-07T13:58:00.000Z,4405.7001953125,4406.2998046875,4402.5,4403.2998046875,412,0.0,0.0,GC=F,NA,NA,USD
2026-08-07T13:59:00.000Z,4403.5,4408.2998046875,4402.8999023438,4408.2998046875,522,0.0,0.0,GC=F,NA,NA,USD
2026-08-07T14:00:00.000Z,4408.3999023438,4409.5,4404.0,4408.5,315,0.0,0.0,GC=F,NA,NA,USD
2026-08-07T14:01:00.000Z,4408.3999023438,4408.3999023438,4403.7998046875,4404.2001953125,231,0.0,0.0,GC=F,NA,NA,USD
2026-08-07T14:02:00.000Z,4404.0,4404.7001953125,4398.5,4401.2998046875,615,0.0,0.0,GC=F,NA,NA,USD
2026-08-07T14:03:00.000Z,4401.1000976562,4402.6000976562,4399.2998046875,4399.5,256,0.0,0.0,GC=F,NA,NA,USD
2026-08-07T14:04:00.000Z,4399.7998046875,4400.6000976562,4393.2998046875,4393.5,1062,0.0,0.0,GC=F,NA,NA,USD
2026-08-07T14:05:00.000Z,4393.6000976562,4395.0,4390.2998046875,4393.5,1030,0.0,0.0,GC=F,NA,NA,USD
2026-08-07T14:06:00.000Z,4393.5,4395.0,4390.2001953125,4394.7998046875,523,0.0,0.0,GC=F,NA,NA,USD
2026-08-07T14:07:00.000Z,4395.2001953125,4396.2001953125,4390.3999023438,4395.5,294,0.0,0.0,GC=F,NA,NA,USD
2026-08-07T14:08:00.000Z,4395.6000976562,4397.6000976562,4393.6000976562,4394.6000976562,415,0.0,0.0,GC=F,NA,NA,USD
2026-08-07T14:09:00.000Z,4394.7998046875,4397.7001953125,4393.0,4397.1000976562,401,0.0,0.0,GC=F,NA,NA,USD
2026-08-07T14:10:00.000Z,4397.1000976562,4401.5,4396.3999023438,4400.7001953125,414,0.0,0.0,GC=F,NA,NA,USD
2026-08-07T14:11:00.000Z,4400.2998046875,4400.3999023438,4393.2001953125,4393.2001953125,495,0.0,0.0,GC=F,NA,NA,USD
2026-08-07T14:12:00.000Z,4393.0,4394.2001953125,4387.6000976562,4393.6000976562,498,0.0,0.0,GC=F,NA,NA,USD
2026-08-07T14:13:00.000Z,4393.2001953125,4393.7001953125,4386.8999023438,4390.0,554,0.0,0.0,GC=F,NA,NA,USD
2026-08-07T14:14:00.000Z,4389.3999023438,4394.2998046875,4389.3999023438,4394.0,228,0.0,0.0,GC=F,NA,NA,USD
2026-08-07T14:15:00.000Z,4393.7998046875,4394.7001953125,4390.0,4391.7998046875,175,0.0,0.0,GC=F,NA,NA,USD
2026-08-07T14:16:00.000Z,4391.3999023438,4397.5,4391.0,4396.2001953125,193,0.0,0.0,GC=F,NA,NA,USD
2026-08-07T14:17:00.000Z,4396.2001953125,4401.0,4396.1000976562,4400.7998046875,296,0.0,0.0,GC=F,NA,NA,USD
2026-08-07T14:18:00.000Z,4400.7998046875,4406.7998046875,4400.7998046875,4405.6000976562,843,0.0,0.0,GC=F,NA,NA,USD
2026-08-07T14:19:00.000Z,4405.3999023438,4406.7998046875,4404.7998046875,4406.1000976562,437,0.0,0.0,GC=F,NA,NA,USD
2026-08-07T14:20:00.000Z,4405.6000976562,4407.5,4403.6000976562,4405.7998046875,329,0.0,0.0,GC=F,NA,NA,USD
2026-08-07T14:21:00.000Z,4405.7998046875,4408.3999023438,4405.6000976562,4406.2001953125,290,0.0,0.0,GC=F,NA,NA,USD
2026-08-07T14:22:00.000Z,4406.1000976562,4409.3999023438,4404.7001953125,4408.7998046875,643,0.0,0.0,GC=F,NA,NA,USD
2026-08-07T14:23:00.000Z,4408.8999023438,4410.2998046875,4408.5,4410.0,204,0.0,0.0,GC=F,NA,NA,USD
2026-08-07T14:24:00.000Z,4410.5,4411.7998046875,4408.5,4411.2998046875,255,0.0,0.0,GC=F,NA,NA,USD
2026-08-07T14:25:00.000Z,4411.3999023438,4411.7001953125,4409.2998046875,4410.2001953125,259,0.0,0.0,GC=F,NA,NA,USD
2026-08-07T14:26:00.000Z,4410.6000976562,4411.2001953125,4407.3999023438,4409.0,227,0.0,0.0,GC=F,NA,NA,USD
2026-08-07T14:27:00.000Z,4409.8999023438,4413.0,4407.7998046875,4412.0,296,0.0,0.0,GC=F,NA,NA,USD
2026-08-07T14:28:00.000Z,4411.7998046875,4412.2001953125,4408.7001953125,4409.7998046875,335,0.0,0.0,GC=F,NA,NA,USD
2026-08-07T14:29:00.000Z,4410.0,4410.1000976562,4408.3999023438,4408.7001953125,147,0.0,0.0,GC=F,NA,NA,USD
2026-08-07T14:30:00.000Z,4409.1000976562,4410.2001953125,4404.8999023438,4405.6000976562,451,0.0,0.0,GC=F,NA,NA,USD
2026-08-07T14:31:00.000Z,4406.2998046875,4407.7998046875,4403.7998046875,4407.5,192,0.0,0.0,GC=F,NA,NA,USD
2026-08-07T14:32:00.000Z,4407.2001953125,4407.6000976562,4405.2998046875,4405.7998046875,127,0.0,0.0,GC=F,NA,NA,USD
2026-08-07T14:33:00.000Z,4405.8999023438,4407.7998046875,4405.1000976562,4406.7001953125,145,0.0,0.0,GC=F,NA,NA,USD
2026-08-07T14:34:00.000Z,4405.8999023438,4411.0,4405.2001953125,4407.8999023438,415,0.0,0.0,GC=F,NA,NA,USD
2026-08-07T14:35:00.000Z,4408.5,4409.7001953125,4406.2998046875,4407.1000976562,199,0.0,0.0,GC=F,NA,NA,USD
2026-08-07T14:36:00.000Z,4407.1000976562,4409.3999023438,4406.6000976562,4408.8999023438,337,0.0,0.0,GC=F,NA,NA,USD
2026-08-07T14:37:00.000Z,4408.8999023438,4408.8999023438,4406.6000976562,4406.8999023438,159,0.0,0.0,GC=F,NA,NA,USD
2026-08-07T14:38:00.000Z,4406.6000976562,4407.6000976562,4404.3999023438,4405.0,181,0.0,0.0,GC=F,NA,NA,USD
2026-08-07T14:39:00.000Z,4404.7998046875,4405.7998046875,4403.2001953125,4404.1000976562,165,0.0,0.0,GC=F,NA,NA,USD
2026-08-07T14:40:00.000Z,4403.6000976562,4410.7001953125,4403.6000976562,4408.7001953125,360,0.0,0.0,GC=F,NA,NA,USD
2026-08-07T14:41:00.000Z,4409.0,4410.7001953125,4407.0,4410.2998046875,184,0.0,0.0,GC=F,NA,NA,USD
2026-08-07T14:42:00.000Z,4410.2998046875,4410.6000976562,4406.5,4407.2001953125,226,0.0,0.0,GC=F,NA,NA,USD
2026-08-07T14:43:00.000Z,4407.1000976562,4409.1000976562,4405.7001953125,4407.5,199,0.0,0.0,GC=F,NA,NA,USD
2026-08-07T14:44:00.000Z,4407.2998046875,4407.2998046875,4402.2998046875,4404.2998046875,404,0.0,0.0,GC=F,NA,NA,USD
2026-08-07T14:45:00.000Z,4404.7998046875,4407.6000976562,4403.6000976562,4407.2998046875,185,0.0,0.0,GC=F,NA,NA,USD
2026-08-07T14:46:00.000Z,4406.7998046875,4406.7998046875,4404.7001953125,4405.3999023438,204,0.0,0.0,GC=F,NA,NA,USD
2026-08-07T14:47:00.000Z,4405.2998046875,4405.5,4404.0,4404.2998046875,64,0.0,0.0,GC=F,NA,NA,USD
2026-08-07T14:48:00.000Z,4404.6000976562,4404.6000976562,4400.3999023438,4401.3999023438,243,0.0,0.0,GC=F,NA,NA,USD
2026-08-07T14:49:00.000Z,4401.2998046875,4403.1000976562,4400.6000976562,4403.1000976562,145,0.0,0.0,GC=F,NA,NA,USD
2026-08-07T14:50:00.000Z,4403.5,4407.6000976562,4403.2001953125,4407.6000976562,159,0.0,0.0,GC=F,NA,NA,USD
2026-08-07T14:51:00.000Z,4407.6000976562,4409.0,4404.8999023438,4405.7001953125,211,0.0,0.0,GC=F,NA,NA,USD
2026-08-07T14:52:00.000Z,4405.6000976562,4407.1000976562,4404.2998046875,4405.3999023438,143,0.0,0.0,GC=F,NA,NA,USD
2026-08-07T14:53:00.000Z,4405.5,4407.1000976562,4405.2998046875,4406.2001953125,151,0.0,0.0,GC=F,NA,NA,USD
2026-08-07T14:54:00.000Z,4406.2998046875,4407.2001953125,4405.0,4405.5,284,0.0,0.0,GC=F,NA,NA,USD
2026-08-07T14:55:00.000Z,4405.2001953125,4406.0,4403.2998046875,4406.0,116,0.0,0.0,GC=F,NA,NA,USD
2026-08-07T14:56:00.000Z,4406.2001953125,4406.5,4404.3999023438,4404.6000976562,67,0.0,0.0,GC=F,NA,NA,USD
2026-08-07T14:57:00.000Z,4404.8999023438,4404.8999023438,4400.8999023438,4402.5,300,0.0,0.0,GC=F,NA,NA,USD
2026-08-07T14:58:00.000Z,4402.1000976562,4403.8999023438,4400.7998046875,4403.8999023438,275,0.0,0.0,GC=F,NA,NA,USD
2026-08-07T14:59:00.000Z,4403.7001953125,4404.0,4400.1000976562,4401.2998046875,128,0.0,0.0,GC=F,NA,NA,USD
2026-08-07T15:00:00.000Z,4401.3999023438,4407.5,4400.0,4407.2001953125,294,0.0,0.0,GC=F,NA,NA,USD
2026-08-07T15:01:00.000Z,4407.2998046875,4409.2998046875,4404.7998046875,4405.6000976562,484,0.0,0.0,GC=F,NA,NA,USD
2026-08-07T15:02:00.000Z,4406.1000976562,4407.6000976562,4401.2001953125,4404.2001953125,264,0.0,0.0,GC=F,NA,NA,USD
2026-08-07T15:03:00.000Z,4405.0,4406.7998046875,4404.1000976562,4404.8999023438,177,0.0,0.0,GC=F,NA,NA,USD
2026-08-07T15:04:00.000Z,4405.2001953125,4406.8999023438,4404.3999023438,4405.5,211,0.0,0.0,GC=F,NA,NA,USD
2026-08-07T15:05:00.000Z,4405.2001953125,4407.2998046875,4405.0,4406.3999023438,370,0.0,0.0,GC=F,NA,NA,USD
2026-08-07T15:06:00.000Z,4406.0,4409.1000976562,4404.6000976562,4407.2998046875,235,0.0,0.0,GC=F,NA,NA,USD
2026-08-07T15:07:00.000Z,4407.7001953125,4410.7998046875,4407.5,4408.7001953125,183,0.0,0.0,GC=F,NA,NA,USD
2026-08-07T15:08:00.000Z,4408.2998046875,4410.7998046875,4407.8999023438,4410.0,129,0.0,0.0,GC=F,NA,NA,USD
2026-08-07T15:09:00.000Z,4409.7001953125,4414.0,4408.5,4408.7001953125,764,0.0,0.0,GC=F,NA,NA,USD
2026-08-07T15:10:00.000Z,4408.7998046875,4411.3999023438,4408.5,4411.1000976562,277,0.0,0.0,GC=F,NA,NA,USD
2026-08-07T15:11:00.000Z,4411.2001953125,4412.2998046875,4406.7998046875,4408.0,270,0.0,0.0,GC=F,NA,NA,USD
2026-08-07T15:12:00.000Z,4408.2001953125,4410.7001953125,4407.8999023438,4409.2998046875,191,0.0,0.0,GC=F,NA,NA,USD
2026-08-07T15:13:00.000Z,4409.2998046875,4412.2998046875,4409.2998046875,4412.0,133,0.0,0.0,GC=F,NA,NA,USD
2026-08-07T15:14:00.000Z,4411.8999023438,4416.0,4411.1000976562,4415.0,192,0.0,0.0,GC=F,NA,NA,USD
2026-08-07T15:15:00.000Z,4415.5,4415.5,4413.0,4413.2998046875,150,0.0,0.0,GC=F,NA,NA,USD
2026-08-07T15:16:00.000Z,4413.5,4414.7001953125,4412.0,4414.6000976562,203,0.0,0.0,GC=F,NA,NA,USD
2026-08-07T15:17:00.000Z,4414.3999023438,4417.1000976562,4414.2998046875,4416.0,240,0.0,0.0,GC=F,NA,NA,USD
2026-08-07T15:18:00.000Z,4415.1000976562,4416.7998046875,4414.3999023438,4415.3999023438,100,0.0,0.0,GC=F,NA,NA,USD
2026-08-07T15:19:00.000Z,4415.7998046875,4416.0,4413.1000976562,4414.2998046875,134,0.0,0.0,GC=F,NA,NA,USD
2026-08-07T15:20:00.000Z,4414.1000976562,4416.0,4414.1000976562,4415.6000976562,108,0.0,0.0,GC=F,NA,NA,USD
2026-08-07T15:21:00.000Z,4415.3999023438,4416.5,4414.2998046875,4416.1000976562,201,0.0,0.0,GC=F,NA,NA,USD
2026-08-07T15:22:00.000Z,4416.2998046875,4416.6000976562,4415.0,4416.3999023438,110,0.0,0.0,GC=F,NA,NA,USD
2026-08-07T15:23:00.000Z,4416.5,4418.1000976562,4415.1000976562,4418.1000976562,209,0.0,0.0,GC=F,NA,NA,USD
2026-08-07T15:24:00.000Z,4418.0,4418.1000976562,4416.2001953125,4416.6000976562,258,0.0,0.0,GC=F,NA,NA,USD
2026-08-07T15:25:00.000Z,4416.8999023438,4417.8999023438,4415.7001953125,4416.3999023438,210,0.0,0.0,GC=F,NA,NA,USD
2026-08-07T15:26:00.000Z,4416.0,4416.3999023438,4414.7998046875,4415.7001953125,137,0.0,0.0,GC=F,NA,NA,USD
2026-08-07T15:27:00.000Z,4415.5,4415.7998046875,4413.3999023438,4415.7001953125,251,0.0,0.0,GC=F,NA,NA,USD
2026-08-07T15:28:00.000Z,4415.2998046875,4415.6000976562,4412.2998046875,4413.1000976562,153,0.0,0.0,GC=F,NA,NA,USD
2026-08-07T15:29:00.000Z,4413.1000976562,4413.1000976562,4410.5,4410.7998046875,115,0.0,0.0,GC=F,NA,NA,USD
2026-08-07T15:30:00.000Z,4410.8999023438,4412.6000976562,4409.2998046875,4409.6000976562,250,0.0,0.0,GC=F,NA,NA,USD
2026-08-07T15:31:00.000Z,4409.1000976562,4409.5,4406.6000976562,4408.1000976562,238,0.0,0.0,GC=F,NA,NA,USD
2026-08-07T15:32:00.000Z,4407.7998046875,4409.3999023438,4406.7001953125,4409.3999023438,335,0.0,0.0,GC=F,NA,NA,USD
2026-08-07T15:33:00.000Z,4409.7998046875,4410.1000976562,4407.5,4409.0,153,0.0,0.0,GC=F,NA,NA,USD
2026-08-07T15:34:00.000Z,4408.8999023438,4410.1000976562,4408.6000976562,4409.2001953125,154,0.0,0.0,GC=F,NA,NA,USD
2026-08-07T15:35:00.000Z,4409.2001953125,4410.5,4408.2998046875,4409.8999023438,154,0.0,0.0,GC=F,NA,NA,USD
2026-08-07T15:36:00.000Z,4410.0,4411.8999023438,4408.8999023438,4411.5,97,0.0,0.0,GC=F,NA,NA,USD
2026-08-07T15:37:00.000Z,4412.0,4412.8999023438,4410.3999023438,4412.6000976562,154,0.0,0.0,GC=F,NA,NA,USD
2026-08-07T15:38:00.000Z,4412.6000976562,4413.2998046875,4412.0,4412.0,101,0.0,0.0,GC=F,NA,NA,USD
2026-08-07T15:39:00.000Z,4412.2998046875,4413.0,4410.8999023438,4411.7001953125,134,0.0,0.0,GC=F,NA,NA,USD
2026-08-07T15:40:00.000Z,4411.2998046875,4412.6000976562,4411.0,4411.5,72,0.0,0.0,GC=F,NA,NA,USD
2026-08-07T15:41:00.000Z,4411.2001953125,4412.2001953125,4407.7001953125,4409.2001953125,166,0.0,0.0,GC=F,NA,NA,USD
2026-08-07T15:42:00.000Z,4409.1000976562,4410.2001953125,4409.1000976562,4409.7998046875,45,0.0,0.0,GC=F,NA,NA,USD
2026-08-07T15:43:00.000Z,4409.7998046875,4410.2001953125,4408.7001953125,4409.0,73,0.0,0.0,GC=F,NA,NA,USD
2026-08-07T15:44:00.000Z,4408.8999023438,4410.1000976562,4407.7998046875,4408.7001953125,114,0.0,0.0,GC=F,NA,NA,USD
2026-08-07T15:45:00.000Z,4408.7998046875,4410.5,4408.5,4408.6000976562,165,0.0,0.0,GC=F,NA,NA,USD
2026-08-07T15:46:00.000Z,4408.7998046875,4409.5,4407.8999023438,4408.2998046875,89,0.0,0.0,GC=F,NA,NA,USD
2026-08-07T15:47:00.000Z,4407.3999023438,4409.7001953125,4407.2998046875,4409.5,72,0.0,0.0,GC=F,NA,NA,USD
2026-08-07T15:48:00.000Z,4409.7001953125,4410.7998046875,4408.7998046875,4409.7001953125,62,0.0,0.0,GC=F,NA,NA,USD
2026-08-07T15:49:00.000Z,4409.7001953125,4409.7001953125,4407.7998046875,4408.5,148,0.0,0.0,GC=F,NA,NA,USD
2026-08-07T15:50:00.000Z,4408.5,4409.6000976562,4407.8999023438,4408.7998046875,119,0.0,0.0,GC=F,NA,NA,USD
2026-08-07T15:51:00.000Z,4408.6000976562,4408.6000976562,4403.7001953125,4404.0,383,0.0,0.0,GC=F,NA,NA,USD
2026-08-07T15:52:00.000Z,4404.3999023438,4404.3999023438,4400.0,4401.3999023438,564,0.0,0.0,GC=F,NA,NA,USD
2026-08-07T15:53:00.000Z,4401.5,4401.5,4399.3999023438,4400.1000976562,155,0.0,0.0,GC=F,NA,NA,USD
2026-08-07T15:54:00.000Z,4400.6000976562,4402.2998046875,4398.8999023438,4402.2998046875,268,0.0,0.0,GC=F,NA,NA,USD
2026-08-07T15:55:00.000Z,4402.0,4402.6000976562,4400.2001953125,4402.0,246,0.0,0.0,GC=F,NA,NA,USD
2026-08-07T15:56:00.000Z,4402.0,4403.8999023438,4401.7001953125,4403.2998046875,143,0.0,0.0,GC=F,NA,NA,USD
2026-08-07T15:57:00.000Z,4403.2001953125,4404.5,4402.2001953125,4403.5,76,0.0,0.0,GC=F,NA,NA,USD
2026-08-07T15:58:00.000Z,4403.2001953125,4404.0,4401.7001953125,4402.2001953125,178,0.0,0.0,GC=F,NA,NA,USD
2026-08-07T15:59:00.000Z,4401.7998046875,4402.6000976562,4399.6000976562,4400.3999023438,105,0.0,0.0,GC=F,NA,NA,USD
2026-08-07T16:00:00.000Z,4400.3999023438,4400.7001953125,4397.8999023438,4400.0,230,0.0,0.0,GC=F,NA,NA,USD
2026-08-07T16:01:00.000Z,4400.0,4400.2998046875,4398.2998046875,4399.8999023438,97,0.0,0.0,GC=F,NA,NA,USD
2026-08-07T16:02:00.000Z,4400.1000976562,4401.2998046875,4399.7001953125,4399.8999023438,85,0.0,0.0,GC=F,NA,NA,USD
2026-08-07T16:03:00.000Z,4400.1000976562,4400.1000976562,4398.2001953125,4399.8999023438,253,0.0,0.0,GC=F,NA,NA,USD
2026-08-07T16:04:00.000Z,4400.0,4403.0,4399.5,4402.5,109,0.0,0.0,GC=F,NA,NA,USD
2026-08-07T16:05:00.000Z,4402.3999023438,4405.2998046875,4402.3999023438,4404.7001953125,226,0.0,0.0,GC=F,NA,NA,USD
2026-08-07T16:06:00.000Z,4404.7998046875,4405.2998046875,4404.1000976562,4405.1000976562,89,0.0,0.0,GC=F,NA,NA,USD
2026-08-07T16:07:00.000Z,4405.0,4407.3999023438,4404.8999023438,4407.2998046875,154,0.0,0.0,GC=F,NA,NA,USD
2026-08-07T16:08:00.000Z,4407.2998046875,4408.7001953125,4406.6000976562,4408.3999023438,191,0.0,0.0,GC=F,NA,NA,USD
2026-08-07T16:09:00.000Z,4408.3999023438,4409.2001953125,4406.5,4406.5,150,0.0,0.0,GC=F,NA,NA,USD
2026-08-07T16:10:00.000Z,4406.7998046875,4407.8999023438,4405.5,4405.5,118,0.0,0.0,GC=F,NA,NA,USD
2026-08-07T16:11:00.000Z,4406.0,4406.5,4404.8999023438,4405.3999023438,68,0.0,0.0,GC=F,NA,NA,USD
2026-08-07T16:12:00.000Z,4405.7001953125,4406.3999023438,4403.2001953125,4406.2998046875,135,0.0,0.0,GC=F,NA,NA,USD
2026-08-07T16:13:00.000Z,4406.5,4406.8999023438,4405.7001953125,4406.7001953125,45,0.0,0.0,GC=F,NA,NA,USD
2026-08-07T16:14:00.000Z,4406.3999023438,4407.6000976562,4406.2001953125,4407.0,61,0.0,0.0,GC=F,NA,NA,USD
2026-08-07T16:15:00.000Z,4407.2001953125,4407.7998046875,4406.2998046875,4406.2998046875,58,0.0,0.0,GC=F,NA,NA,USD
2026-08-07T16:16:00.000Z,4406.5,4407.3999023438,4405.1000976562,4407.2001953125,157,0.0,0.0,GC=F,NA,NA,USD
2026-08-07T16:17:00.000Z,4407.2998046875,4407.2998046875,4405.6000976562,4405.6000976562,91,0.0,0.0,GC=F,NA,NA,USD
2026-08-07T16:18:00.000Z,4405.0,4405.8999023438,4404.7001953125,4405.7001953125,82,0.0,0.0,GC=F,NA,NA,USD
2026-08-07T16:19:00.000Z,4405.1000976562,4405.5,4401.7998046875,4401.7998046875,83,0.0,0.0,GC=F,NA,NA,USD
2026-08-07T16:20:00.000Z,4401.7998046875,4409.3999023438,4401.7998046875,4404.7001953125,419,0.0,0.0,GC=F,NA,NA,USD
2026-08-07T16:21:00.000Z,4405.1000976562,4405.2001953125,4401.5,4402.8999023438,74,0.0,0.0,GC=F,NA,NA,USD
2026-08-07T16:22:00.000Z,4402.6000976562,4403.5,4401.7001953125,4401.7001953125,94,0.0,0.0,GC=F,NA,NA,USD
2026-08-07T16:23:00.000Z,4401.7998046875,4402.2998046875,4399.5,4399.5,78,0.0,0.0,GC=F,NA,NA,USD
2026-08-07T16:24:00.000Z,4399.3999023438,4399.6000976562,4397.5,4397.7001953125,411,0.0,0.0,GC=F,NA,NA,USD
2026-08-07T16:25:00.000Z,4397.3999023438,4397.3999023438,4394.2001953125,4396.1000976562,287,0.0,0.0,GC=F,NA,NA,USD
2026-08-07T16:26:00.000Z,4395.8999023438,4397.2001953125,4393.7998046875,4395.3999023438,202,0.0,0.0,GC=F,NA,NA,USD
2026-08-07T16:27:00.000Z,4395.7001953125,4396.6000976562,4394.2998046875,4396.6000976562,97,0.0,0.0,GC=F,NA,NA,USD
2026-08-07T16:28:00.000Z,4396.1000976562,4397.2001953125,4395.5,4396.7998046875,88,0.0,0.0,GC=F,NA,NA,USD
2026-08-07T16:29:00.000Z,4396.8999023438,4397.3999023438,4396.2001953125,4396.8999023438,51,0.0,0.0,GC=F,NA,NA,USD
2026-08-07T16:30:00.000Z,4396.7998046875,4397.2001953125,4394.3999023438,4395.1000976562,114,0.0,0.0,GC=F,NA,NA,USD
2026-08-07T16:31:00.000Z,4394.7998046875,4394.7998046875,4391.8999023438,4392.7998046875,267,0.0,0.0,GC=F,NA,NA,USD
2026-08-07T16:32:00.000Z,4392.7998046875,4398.5,4392.7998046875,4398.5,235,0.0,0.0,GC=F,NA,NA,USD
2026-08-07T16:33:00.000Z,4398.3999023438,4398.3999023438,4395.6000976562,4395.7001953125,225,0.0,0.0,GC=F,NA,NA,USD
2026-08-07T16:34:00.000Z,4395.3999023438,4398.5,4395.1000976562,4398.3999023438,113,0.0,0.0,GC=F,NA,NA,USD
2026-08-07T16:35:00.000Z,4398.5,4398.5,4397.2998046875,4398.2998046875,85,0.0,0.0,GC=F,NA,NA,USD
2026-08-07T16:36:00.000Z,4398.1000976562,4398.5,4397.1000976562,4397.7001953125,170,0.0,0.0,GC=F,NA,NA,USD
2026-08-07T16:37:00.000Z,4397.7998046875,4398.8999023438,4397.2001953125,4397.2998046875,115,0.0,0.0,GC=F,NA,NA,USD
2026-08-07T16:38:00.000Z,4397.3999023438,4400.7001953125,4395.7998046875,4400.7001953125,146,0.0,0.0,GC=F,NA,NA,USD
2026-08-07T16:39:00.000Z,4400.3999023438,4401.6000976562,4399.2001953125,4399.3999023438,168,0.0,0.0,GC=F,NA,NA,USD
2026-08-07T16:40:00.000Z,4399.3999023438,4400.2998046875,4399.2001953125,4399.5,132,0.0,0.0,GC=F,NA,NA,USD
2026-08-07T16:41:00.000Z,4399.3999023438,4400.7001953125,4399.3999023438,4400.7001953125,51,0.0,0.0,GC=F,NA,NA,USD
2026-08-07T16:42:00.000Z,4399.5,4399.7001953125,4397.0,4398.0,78,0.0,0.0,GC=F,NA,NA,USD
2026-08-07T16:43:00.000Z,4397.7001953125,4398.5,4397.3999023438,4398.2998046875,109,0.0,0.0,GC=F,NA,NA,USD
2026-08-07T16:44:00.000Z,4398.6000976562,4398.6000976562,4396.3999023438,4398.2998046875,150,0.0,0.0,GC=F,NA,NA,USD
2026-08-07T16:45:00.000Z,4398.1000976562,4401.8999023438,4397.7998046875,4401.5,196,0.0,0.0,GC=F,NA,NA,USD
2026-08-07T16:46:00.000Z,4401.5,4402.0,4399.5,4400.1000976562,153,0.0,0.0,GC=F,NA,NA,USD
2026-08-07T16:47:00.000Z,4399.8999023438,4400.5,4397.8999023438,4398.7998046875,99,0.0,0.0,GC=F,NA,NA,USD
2026-08-07T16:48:00.000Z,4398.5,4400.8999023438,4397.2001953125,4398.2998046875,194,0.0,0.0,GC=F,NA,NA,USD
2026-08-07T16:49:00.000Z,4398.2001953125,4398.5,4395.2998046875,4398.2001953125,199,0.0,0.0,GC=F,NA,NA,USD
2026-08-07T16:50:00.000Z,4397.7998046875,4398.5,4396.7998046875,4397.3999023438,115,0.0,0.0,GC=F,NA,NA,USD
2026-08-07T16:51:00.000Z,4397.2998046875,4397.6000976562,4395.2001953125,4395.5,70,0.0,0.0,GC=F,NA,NA,USD
2026-08-07T16:52:00.000Z,4395.8999023438,4396.0,4393.7001953125,4394.0,140,0.0,0.0,GC=F,NA,NA,USD
2026-08-07T16:53:00.000Z,4393.8999023438,4395.2001953125,4392.7001953125,4395.0,159,0.0,0.0,GC=F,NA,NA,USD
2026-08-07T16:54:00.000Z,4395.0,4395.5,4392.2001953125,4393.5,287,0.0,0.0,GC=F,NA,NA,USD
2026-08-07T16:55:00.000Z,4393.7001953125,4394.1000976562,4390.2001953125,4390.3999023438,312,0.0,0.0,GC=F,NA,NA,USD
2026-08-07T16:56:00.000Z,4390.2998046875,4391.2001953125,4389.8999023438,4389.8999023438,118,0.0,0.0,GC=F,NA,NA,USD
2026-08-07T16:57:00.000Z,4389.7001953125,4391.1000976562,4388.8999023438,4389.2998046875,122,0.0,0.0,GC=F,NA,NA,USD
2026-08-07T16:58:00.000Z,4389.1000976562,4390.0,4388.7998046875,4389.7998046875,96,0.0,0.0,GC=F,NA,NA,USD
2026-08-07T16:59:00.000Z,4390.0,4390.8999023438,4389.5,4389.5,62,0.0,0.0,GC=F,NA,NA,USD
2026-08-07T17:00:00.000Z,4388.7001953125,4389.5,4387.3999023438,4388.1000976562,163,0.0,0.0,GC=F,NA,NA,USD
2026-08-07T17:01:00.000Z,4388.2998046875,4392.6000976562,4388.1000976562,4391.8999023438,154,0.0,0.0,GC=F,NA,NA,USD
2026-08-07T17:02:00.000Z,4392.2998046875,4393.7998046875,4391.7001953125,4393.2998046875,103,0.0,0.0,GC=F,NA,NA,USD
2026-08-07T17:03:00.000Z,4393.3999023438,4394.2001953125,4392.5,4393.1000976562,71,0.0,0.0,GC=F,NA,NA,USD
2026-08-07T17:04:00.000Z,4393.2998046875,4394.7998046875,4393.2001953125,4394.5,96,0.0,0.0,GC=F,NA,NA,USD
2026-08-07T17:05:00.000Z,4394.2998046875,4396.3999023438,4394.1000976562,4396.2001953125,88,0.0,0.0,GC=F,NA,NA,USD
2026-08-07T17:06:00.000Z,4396.2998046875,4396.5,4395.2001953125,4396.1000976562,87,0.0,0.0,GC=F,NA,NA,USD
2026-08-07T17:07:00.000Z,4396.2001953125,4398.1000976562,4396.2001953125,4397.2998046875,177,0.0,0.0,GC=F,NA,NA,USD
2026-08-07T17:08:00.000Z,4396.7001953125,4397.2998046875,4395.5,4396.7001953125,147,0.0,0.0,GC=F,NA,NA,USD
2026-08-07T17:09:00.000Z,4396.8999023438,4397.0,4394.3999023438,4394.3999023438,62,0.0,0.0,GC=F,NA,NA,USD
2026-08-07T17:10:00.000Z,4395.2998046875,4397.2998046875,4395.2998046875,4396.7998046875,72,0.0,0.0,GC=F,NA,NA,USD
2026-08-07T17:11:00.000Z,4396.6000976562,4396.7998046875,4395.1000976562,4395.2998046875,71,0.0,0.0,GC=F,NA,NA,USD
2026-08-07T17:12:00.000Z,4395.1000976562,4395.5,4394.7001953125,4395.2001953125,57,0.0,0.0,GC=F,NA,NA,USD
2026-08-07T17:13:00.000Z,4394.8999023438,4395.8999023438,4394.7001953125,4394.8999023438,64,0.0,0.0,GC=F,NA,NA,USD
2026-08-07T17:14:00.000Z,4395.2998046875,4395.7001953125,4394.3999023438,4395.2001953125,76,0.0,0.0,GC=F,NA,NA,USD
2026-08-07T17:15:00.000Z,4395.0,4395.7998046875,4393.8999023438,4395.7998046875,155,0.0,0.0,GC=F,NA,NA,USD
2026-08-07T17:16:00.000Z,4395.6000976562,4395.7998046875,4394.1000976562,4394.5,97,0.0,0.0,GC=F,NA,NA,USD
2026-08-07T17:17:00.000Z,4394.2001953125,4394.6000976562,4393.2001953125,4394.3999023438,128,0.0,0.0,GC=F,NA,NA,USD
2026-08-07T17:18:00.000Z,4394.5,4395.3999023438,4394.2998046875,4394.2998046875,83,0.0,0.0,GC=F,NA,NA,USD
2026-08-07T17:19:00.000Z,4394.7001953125,4395.3999023438,4394.1000976562,4394.7001953125,203,0.0,0.0,GC=F,NA,NA,USD
2026-08-07T17:20:00.000Z,4394.5,4395.8999023438,4394.5,4395.2998046875,163,0.0,0.0,GC=F,NA,NA,USD
2026-08-07T17:21:00.000Z,4395.2001953125,4395.7998046875,4393.2998046875,4395.7998046875,293,0.0,0.0,GC=F,NA,NA,USD
2026-08-07T17:22:00.000Z,4395.8999023438,4397.2998046875,4395.5,4395.7001953125,249,0.0,0.0,GC=F,NA,NA,USD
2026-08-07T17:23:00.000Z,4395.6000976562,4398.2998046875,4395.6000976562,4398.2001953125,125,0.0,0.0,GC=F,NA,NA,USD
2026-08-07T17:24:00.000Z,4398.3999023438,4398.8999023438,4397.2998046875,4398.1000976562,278,0.0,0.0,GC=F,NA,NA,USD
2026-08-07T17:25:00.000Z,4398.1000976562,4399.2001953125,4396.5,4398.6000976562,539,0.0,0.0,GC=F,NA,NA,USD
2026-08-07T17:26:00.000Z,4398.3999023438,4399.2998046875,4397.6000976562,4398.2998046875,114,0.0,0.0,GC=F,NA,NA,USD
2026-08-07T17:27:00.000Z,4398.2001953125,4399.8999023438,4397.7998046875,4399.3999023438,425,0.0,0.0,GC=F,NA,NA,USD
2026-08-07T17:28:00.000Z,4399.2998046875,4401.5,4398.6000976562,4400.6000976562,332,0.0,0.0,GC=F,NA,NA,USD
2026-08-07T17:29:00.000Z,4401.0,4401.7001953125,4398.7998046875,4398.8999023438,1515,0.0,0.0,GC=F,NA,NA,USD
2026-08-07T17:30:00.000Z,4399.1000976562,4399.5,4397.2998046875,4398.0,475,0.0,0.0,GC=F,NA,NA,USD
2026-08-07T17:31:00.000Z,4398.0,4398.0,4394.8999023438,4395.7998046875,117,0.0,0.0,GC=F,NA,NA,USD
2026-08-07T17:32:00.000Z,4395.6000976562,4395.7001953125,4394.7001953125,4394.7998046875,69,0.0,0.0,GC=F,NA,NA,USD
2026-08-07T17:33:00.000Z,4394.7998046875,4399.5,4393.5,4397.1000976562,363,0.0,0.0,GC=F,NA,NA,USD
2026-08-07T17:34:00.000Z,4397.2001953125,4397.6000976562,4395.6000976562,4396.0,45,0.0,0.0,GC=F,NA,NA,USD
2026-08-07T17:35:00.000Z,4395.7998046875,4396.1000976562,4391.5,4392.1000976562,254,0.0,0.0,GC=F,NA,NA,USD
2026-08-07T17:36:00.000Z,4392.2998046875,4392.5,4389.0,4391.6000976562,619,0.0,0.0,GC=F,NA,NA,USD
2026-08-07T17:37:00.000Z,4391.7998046875,4392.3999023438,4391.2001953125,4392.2998046875,81,0.0,0.0,GC=F,NA,NA,USD
2026-08-07T17:38:00.000Z,4391.8999023438,4394.2998046875,4391.8999023438,4393.7001953125,58,0.0,0.0,GC=F,NA,NA,USD
2026-08-07T17:39:00.000Z,4393.5,4394.7998046875,4393.2001953125,4394.1000976562,51,0.0,0.0,GC=F,NA,NA,USD
2026-08-07T17:40:00.000Z,4394.2998046875,4396.0,4394.2998046875,4394.5,74,0.0,0.0,GC=F,NA,NA,USD
2026-08-07T17:41:00.000Z,4395.2998046875,4395.7998046875,4394.6000976562,4395.7998046875,28,0.0,0.0,GC=F,NA,NA,USD
2026-08-07T17:42:00.000Z,4395.8999023438,4398.0,4395.7998046875,4397.3999023438,62,0.0,0.0,GC=F,NA,NA,USD
2026-08-07T17:43:00.000Z,4397.3999023438,4397.3999023438,4396.0,4396.3999023438,43,0.0,0.0,GC=F,NA,NA,USD
2026-08-07T17:44:00.000Z,4395.8999023438,4396.3999023438,4395.7001953125,4395.7001953125,26,0.0,0.0,GC=F,NA,NA,USD
2026-08-07T17:45:00.000Z,4395.2998046875,4396.8999023438,4394.7998046875,4395.7998046875,61,0.0,0.0,GC=F,NA,NA,USD
2026-08-07T17:46:00.000Z,4396.2001953125,4396.6000976562,4395.3999023438,4395.6000976562,47,0.0,0.0,GC=F,NA,NA,USD
2026-08-07T17:47:00.000Z,4395.8999023438,4396.5,4394.2001953125,4395.2998046875,566,0.0,0.0,GC=F,NA,NA,USD
2026-08-07T17:48:00.000Z,4395.5,4396.2998046875,4394.7001953125,4396.2998046875,179,0.0,0.0,GC=F,NA,NA,USD
2026-08-07T17:49:00.000Z,4396.6000976562,4396.7998046875,4395.8999023438,4395.8999023438,20,0.0,0.0,GC=F,NA,NA,USD
2026-08-07T17:50:00.000Z,4396.2998046875,4399.3999023438,4396.2998046875,4398.8999023438,124,0.0,0.0,GC=F,NA,NA,USD
2026-08-07T17:51:00.000Z,4398.7001953125,4399.1000976562,4398.0,4399.1000976562,70,0.0,0.0,GC=F,NA,NA,USD
2026-08-07T17:52:00.000Z,4399.1000976562,4400.7998046875,4399.0,4400.5,154,0.0,0.0,GC=F,NA,NA,USD
2026-08-07T17:53:00.000Z,4400.3999023438,4400.8999023438,4399.7998046875,4400.6000976562,148,0.0,0.0,GC=F,NA,NA,USD
2026-08-07T17:54:00.000Z,4400.6000976562,4400.8999023438,4399.6000976562,4400.5,51,0.0,0.0,GC=F,NA,NA,USD
2026-08-07T17:55:00.000Z,4400.7001953125,4401.7998046875,4400.7001953125,4401.2998046875,98,0.0,0.0,GC=F,NA,NA,USD
2026-08-07T17:56:00.000Z,4401.2998046875,4402.2998046875,4401.2998046875,4401.6000976562,112,0.0,0.0,GC=F,NA,NA,USD
2026-08-07T17:57:00.000Z,4401.7001953125,4402.5,4400.8999023438,4401.2998046875,104,0.0,0.0,GC=F,NA,NA,USD
2026-08-07T17:58:00.000Z,4401.1000976562,4401.8999023438,4400.2998046875,4400.3999023438,66,0.0,0.0,GC=F,NA,NA,USD
2026-08-07T17:59:00.000Z,4400.3999023438,4400.3999023438,4399.3999023438,4400.0,43,0.0,0.0,GC=F,NA,NA,USD
2026-08-07T18:00:00.000Z,4399.7998046875,4400.2998046875,4398.8999023438,4400.2998046875,82,0.0,0.0,GC=F,NA,NA,USD
2026-08-07T18:01:00.000Z,4400.2001953125,4400.7001953125,4399.7001953125,4399.7998046875,52,0.0,0.0,GC=F,NA,NA,USD
2026-08-07T18:02:00.000Z,4400.2001953125,4400.2001953125,4398.7998046875,4399.8999023438,31,0.0,0.0,GC=F,NA,NA,USD
2026-08-07T18:03:00.000Z,4399.7998046875,4399.8999023438,4399.0,4399.2998046875,22,0.0,0.0,GC=F,NA,NA,USD
2026-08-07T18:04:00.000Z,4399.0,4400.0,4399.0,4400.0,31,0.0,0.0,GC=F,NA,NA,USD
2026-08-07T18:05:00.000Z,4399.7998046875,4401.5,4399.7001953125,4400.7001953125,86,0.0,0.0,GC=F,NA,NA,USD
2026-08-07T18:06:00.000Z,4401.2001953125,4403.0,4400.6000976562,4402.6000976562,89,0.0,0.0,GC=F,NA,NA,USD
2026-08-07T18:07:00.000Z,4402.2998046875,4402.5,4400.2998046875,4400.3999023438,33,0.0,0.0,GC=F,NA,NA,USD
2026-08-07T18:08:00.000Z,4400.7001953125,4401.5,4400.3999023438,4401.0,34,0.0,0.0,GC=F,NA,NA,USD
2026-08-07T18:09:00.000Z,4401.2998046875,4402.1000976562,4401.2001953125,4401.7001953125,17,0.0,0.0,GC=F,NA,NA,USD
2026-08-07T18:10:00.000Z,4401.7998046875,4402.5,4401.1000976562,4401.1000976562,90,0.0,0.0,GC=F,NA,NA,USD
2026-08-07T18:11:00.000Z,4400.8999023438,4401.0,4400.2001953125,4400.7998046875,42,0.0,0.0,GC=F,NA,NA,USD
2026-08-07T18:12:00.000Z,4400.6000976562,4400.7998046875,4399.6000976562,4399.6000976562,101,0.0,0.0,GC=F,NA,NA,USD
2026-08-07T18:13:00.000Z,4400.0,4400.6000976562,4397.6000976562,4397.6000976562,111,0.0,0.0,GC=F,NA,NA,USD
2026-08-07T18:14:00.000Z,4397.6000976562,4397.8999023438,4394.6000976562,4394.7998046875,195,0.0,0.0,GC=F,NA,NA,USD
2026-08-07T18:15:00.000Z,4395.0,4397.1000976562,4395.0,4397.1000976562,72,0.0,0.0,GC=F,NA,NA,USD
2026-08-07T18:16:00.000Z,4397.1000976562,4398.0,4396.8999023438,4397.7998046875,43,0.0,0.0,GC=F,NA,NA,USD
2026-08-07T18:17:00.000Z,4397.7001953125,4397.7001953125,4396.2001953125,4397.6000976562,65,0.0,0.0,GC=F,NA,NA,USD
2026-08-07T18:18:00.000Z,4397.3999023438,4397.7998046875,4396.6000976562,4396.7001953125,20,0.0,0.0,GC=F,NA,NA,USD
2026-08-07T18:19:00.000Z,4396.5,4396.8999023438,4395.7001953125,4395.7001953125,119,0.0,0.0,GC=F,NA,NA,USD
2026-08-07T18:20:00.000Z,4395.8999023438,4396.0,4392.5,4394.0,255,0.0,0.0,GC=F,NA,NA,USD
2026-08-07T18:21:00.000Z,4393.7998046875,4394.7001953125,4393.7998046875,4394.6000976562,40,0.0,0.0,GC=F,NA,NA,USD
2026-08-07T18:22:00.000Z,4394.2001953125,4395.0,4392.5,4392.5,41,0.0,0.0,GC=F,NA,NA,USD
2026-08-07T18:23:00.000Z,4392.5,4393.1000976562,4391.8999023438,4392.7001953125,43,0.0,0.0,GC=F,NA,NA,USD
2026-08-07T18:24:00.000Z,4392.6000976562,4393.5,4392.0,4393.5,64,0.0,0.0,GC=F,NA,NA,USD
2026-08-07T18:25:00.000Z,4393.5,4394.6000976562,4393.5,4394.0,36,0.0,0.0,GC=F,NA,NA,USD
2026-08-07T18:26:00.000Z,4394.0,4394.2998046875,4393.8999023438,4393.8999023438,30,0.0,0.0,GC=F,NA,NA,USD
2026-08-07T18:27:00.000Z,4393.7998046875,4395.5,4393.3999023438,4394.8999023438,38,0.0,0.0,GC=F,NA,NA,USD
2026-08-07T18:28:00.000Z,4394.7998046875,4394.7998046875,4392.2001953125,4392.2001953125,218,0.0,0.0,GC=F,NA,NA,USD
2026-08-07T18:29:00.000Z,4391.8999023438,4394.2998046875,4391.8999023438,4394.1000976562,127,0.0,0.0,GC=F,NA,NA,USD
2026-08-07T18:30:00.000Z,4394.2998046875,4395.6000976562,4393.5,4393.7998046875,53,0.0,0.0,GC=F,NA,NA,USD
2026-08-07T18:31:00.000Z,4393.7998046875,4395.3999023438,4393.7001953125,4394.6000976562,42,0.0,0.0,GC=F,NA,NA,USD
2026-08-07T18:32:00.000Z,4394.5,4397.2001953125,4394.5,4397.2001953125,44,0.0,0.0,GC=F,NA,NA,USD
2026-08-07T18:33:00.000Z,4397.0,4397.2998046875,4396.0,4397.2998046875,33,0.0,0.0,GC=F,NA,NA,USD
2026-08-07T18:34:00.000Z,4397.2001953125,4397.7998046875,4396.2001953125,4396.7001953125,46,0.0,0.0,GC=F,NA,NA,USD
2026-08-07T18:35:00.000Z,4397.1000976562,4398.2001953125,4396.7001953125,4398.0,67,0.0,0.0,GC=F,NA,NA,USD
2026-08-07T18:36:00.000Z,4398.3999023438,4398.8999023438,4397.2001953125,4398.3999023438,81,0.0,0.0,GC=F,NA,NA,USD
2026-08-07T18:37:00.000Z,4398.3999023438,4399.0,4398.1000976562,4398.1000976562,46,0.0,0.0,GC=F,NA,NA,USD
2026-08-07T18:38:00.000Z,4397.8999023438,4398.0,4396.7001953125,4397.0,99,0.0,0.0,GC=F,NA,NA,USD
2026-08-07T18:39:00.000Z,4397.2001953125,4398.0,4397.0,4397.0,33,0.0,0.0,GC=F,NA,NA,USD
2026-08-07T18:40:00.000Z,4397.0,4397.3999023438,4396.2998046875,4396.5,44,0.0,0.0,GC=F,NA,NA,USD
2026-08-07T18:41:00.000Z,4396.6000976562,4396.8999023438,4396.1000976562,4396.8999023438,29,0.0,0.0,GC=F,NA,NA,USD
2026-08-07T18:42:00.000Z,4396.8999023438,4396.8999023438,4395.6000976562,4395.6000976562,24,0.0,0.0,GC=F,NA,NA,USD
2026-08-07T18:43:00.000Z,4395.6000976562,4396.2998046875,4395.6000976562,4395.8999023438,12,0.0,0.0,GC=F,NA,NA,USD
2026-08-07T18:44:00.000Z,4395.2001953125,4395.7001953125,4393.2998046875,4394.1000976562,281,0.0,0.0,GC=F,NA,NA,USD
2026-08-07T18:45:00.000Z,4394.3999023438,4397.0,4394.1000976562,4397.0,98,0.0,0.0,GC=F,NA,NA,USD
2026-08-07T18:46:00.000Z,4397.3999023438,4397.3999023438,4396.6000976562,4396.6000976562,21,0.0,0.0,GC=F,NA,NA,USD
2026-08-07T18:47:00.000Z,4396.5,4397.2001953125,4396.3999023438,4396.7001953125,46,0.0,0.0,GC=F,NA,NA,USD
2026-08-07T18:48:00.000Z,4396.2998046875,4396.8999023438,4395.8999023438,4396.7998046875,45,0.0,0.0,GC=F,NA,NA,USD
2026-08-07T18:49:00.000Z,4397.0,4397.0,4396.1000976562,4396.7001953125,78,0.0,0.0,GC=F,NA,NA,USD
2026-08-07T18:50:00.000Z,4396.8999023438,4397.5,4396.0,4397.1000976562,94,0.0,0.0,GC=F,NA,NA,USD
2026-08-07T18:51:00.000Z,4396.6000976562,4397.0,4396.2001953125,4396.2001953125,28,0.0,0.0,GC=F,NA,NA,USD
2026-08-07T18:52:00.000Z,4396.0,4396.2001953125,4395.1000976562,4395.3999023438,61,0.0,0.0,GC=F,NA,NA,USD
2026-08-07T18:53:00.000Z,4395.1000976562,4395.3999023438,4394.1000976562,4394.7998046875,41,0.0,0.0,GC=F,NA,NA,USD
2026-08-07T18:54:00.000Z,4394.8999023438,4395.2001953125,4394.5,4395.2001953125,7,0.0,0.0,GC=F,NA,NA,USD
2026-08-07T18:55:00.000Z,4395.2998046875,4395.5,4394.2001953125,4394.3999023438,16,0.0,0.0,GC=F,NA,NA,USD
2026-08-07T18:56:00.000Z,4394.3999023438,4394.8999023438,4394.2001953125,4394.7998046875,20,0.0,0.0,GC=F,NA,NA,USD
2026-08-07T18:57:00.000Z,4394.8999023438,4395.3999023438,4394.8999023438,4395.0,19,0.0,0.0,GC=F,NA,NA,USD
2026-08-07T18:58:00.000Z,4395.0,4395.0,4394.3999023438,4394.7998046875,15,0.0,0.0,GC=F,NA,NA,USD
2026-08-07T18:59:00.000Z,4394.5,4396.1000976562,4393.3999023438,4395.6000976562,187,0.0,0.0,GC=F,NA,NA,USD
2026-08-07T19:00:00.000Z,4395.7001953125,4398.5,4395.7001953125,4398.1000976562,271,0.0,0.0,GC=F,NA,NA,USD
2026-08-07T19:01:00.000Z,4398.2001953125,4404.7998046875,4397.7998046875,4402.3999023438,258,0.0,0.0,GC=F,NA,NA,USD
2026-08-07T19:02:00.000Z,4402.0,4403.2001953125,4400.5,4401.1000976562,128,0.0,0.0,GC=F,NA,NA,USD
2026-08-07T19:03:00.000Z,4400.7001953125,4402.2001953125,4399.2998046875,4399.2998046875,110,0.0,0.0,GC=F,NA,NA,USD
2026-08-07T19:04:00.000Z,4399.5,4400.3999023438,4399.2001953125,4400.3999023438,10,0.0,0.0,GC=F,NA,NA,USD
2026-08-07T19:05:00.000Z,4400.3999023438,4402.2998046875,4400.2001953125,4401.7001953125,50,0.0,0.0,GC=F,NA,NA,USD
2026-08-07T19:06:00.000Z,4401.6000976562,4402.7001953125,4401.2998046875,4402.0,51,0.0,0.0,GC=F,NA,NA,USD
2026-08-07T19:07:00.000Z,4402.0,4402.0,4400.8999023438,4401.6000976562,24,0.0,0.0,GC=F,NA,NA,USD
2026-08-07T19:08:00.000Z,4401.7998046875,4403.5,4401.6000976562,4402.8999023438,65,0.0,0.0,GC=F,NA,NA,USD
2026-08-07T19:09:00.000Z,4402.8999023438,4405.2001953125,4402.2001953125,4405.0,53,0.0,0.0,GC=F,NA,NA,USD
2026-08-07T19:10:00.000Z,4404.7998046875,4406.1000976562,4404.7998046875,4405.5,94,0.0,0.0,GC=F,NA,NA,USD
2026-08-07T19:11:00.000Z,4405.5,4406.2998046875,4404.1000976562,4404.7001953125,142,0.0,0.0,GC=F,NA,NA,USD
2026-08-07T19:12:00.000Z,4404.3999023438,4404.8999023438,4403.6000976562,4404.2001953125,55,0.0,0.0,GC=F,NA,NA,USD
2026-08-07T19:13:00.000Z,4404.2001953125,4404.7998046875,4403.2998046875,4404.0,21,0.0,0.0,GC=F,NA,NA,USD
2026-08-07T19:14:00.000Z,4404.0,4404.3999023438,4403.7001953125,4403.7001953125,7,0.0,0.0,GC=F,NA,NA,USD
2026-08-07T19:15:00.000Z,4404.0,4404.7001953125,4403.2998046875,4404.7001953125,50,0.0,0.0,GC=F,NA,NA,USD
2026-08-07T19:16:00.000Z,4404.2998046875,4410.0,4403.3999023438,4409.7998046875,153,0.0,0.0,GC=F,NA,NA,USD
2026-08-07T19:17:00.000Z,4409.8999023438,4410.2998046875,4406.1000976562,4406.7998046875,93,0.0,0.0,GC=F,NA,NA,USD
2026-08-07T19:18:00.000Z,4407.0,4408.0,4406.2001953125,4407.0,64,0.0,0.0,GC=F,NA,NA,USD
2026-08-07T19:19:00.000Z,4407.0,4408.6000976562,4406.6000976562,4407.3999023438,61,0.0,0.0,GC=F,NA,NA,USD
2026-08-07T19:20:00.000Z,4407.2001953125,4410.0,4407.2001953125,4410.0,117,0.0,0.0,GC=F,NA,NA,USD
2026-08-07T19:21:00.000Z,4410.1000976562,4410.6000976562,4408.5,4408.5,107,0.0,0.0,GC=F,NA,NA,USD
2026-08-07T19:22:00.000Z,4408.0,4409.8999023438,4407.5,4408.0,65,0.0,0.0,GC=F,NA,NA,USD
2026-08-07T19:23:00.000Z,4408.1000976562,4409.2001953125,4407.8999023438,4409.2001953125,47,0.0,0.0,GC=F,NA,NA,USD
2026-08-07T19:24:00.000Z,4409.2998046875,4410.3999023438,4408.5,4409.0,72,0.0,0.0,GC=F,NA,NA,USD
2026-08-07T19:25:00.000Z,4409.0,4409.0,4408.0,4408.2998046875,38,0.0,0.0,GC=F,NA,NA,USD
2026-08-07T19:26:00.000Z,4408.6000976562,4409.0,4407.5,4408.2001953125,47,0.0,0.0,GC=F,NA,NA,USD
2026-08-07T19:27:00.000Z,4408.0,4408.3999023438,4407.1000976562,4408.3999023438,34,0.0,0.0,GC=F,NA,NA,USD
2026-08-07T19:28:00.000Z,4408.2998046875,4408.6000976562,4407.2998046875,4408.3999023438,28,0.0,0.0,GC=F,NA,NA,USD
2026-08-07T19:29:00.000Z,4408.7001953125,4409.0,4407.3999023438,4408.3999023438,42,0.0,0.0,GC=F,NA,NA,USD
2026-08-07T19:30:00.000Z,4408.6000976562,4408.6000976562,4406.7001953125,4407.1000976562,57,0.0,0.0,GC=F,NA,NA,USD
2026-08-07T19:31:00.000Z,4408.1000976562,4408.8999023438,4407.2001953125,4407.2001953125,21,0.0,0.0,GC=F,NA,NA,USD
2026-08-07T19:32:00.000Z,4406.7001953125,4406.7998046875,4405.3999023438,4406.2998046875,135,0.0,0.0,GC=F,NA,NA,USD
2026-08-07T19:33:00.000Z,4406.5,4407.2001953125,4405.7001953125,4405.7998046875,77,0.0,0.0,GC=F,NA,NA,USD
2026-08-07T19:34:00.000Z,4405.5,4406.0,4405.0,4405.8999023438,51,0.0,0.0,GC=F,NA,NA,USD
2026-08-07T19:35:00.000Z,4405.7998046875,4406.1000976562,4405.1000976562,4405.2001953125,69,0.0,0.0,GC=F,NA,NA,USD
2026-08-07T19:36:00.000Z,4405.0,4406.2001953125,4404.3999023438,4406.0,101,0.0,0.0,GC=F,NA,NA,USD
2026-08-07T19:37:00.000Z,4405.6000976562,4405.6000976562,4404.6000976562,4405.5,46,0.0,0.0,GC=F,NA,NA,USD
2026-08-07T19:38:00.000Z,4405.0,4407.2001953125,4405.0,4405.5,85,0.0,0.0,GC=F,NA,NA,USD
2026-08-07T19:39:00.000Z,4405.2001953125,4407.1000976562,4405.0,4406.0,44,0.0,0.0,GC=F,NA,NA,USD
2026-08-07T19:40:00.000Z,4406.2001953125,4406.7998046875,4404.6000976562,4405.6000976562,44,0.0,0.0,GC=F,NA,NA,USD
2026-08-07T19:41:00.000Z,4405.5,4407.2001953125,4405.1000976562,4407.1000976562,54,0.0,0.0,GC=F,NA,NA,USD
2026-08-07T19:42:00.000Z,4406.7001953125,4408.0,4406.7001953125,4407.2998046875,60,0.0,0.0,GC=F,NA,NA,USD
2026-08-07T19:43:00.000Z,4407.3999023438,4407.6000976562,4406.8999023438,4407.5,50,0.0,0.0,GC=F,NA,NA,USD
2026-08-07T19:44:00.000Z,4407.0,4408.1000976562,4407.0,4407.7998046875,56,0.0,0.0,GC=F,NA,NA,USD
2026-08-07T19:45:00.000Z,4407.5,4409.0,4407.2998046875,4408.2998046875,70,0.0,0.0,GC=F,NA,NA,USD
2026-08-07T19:46:00.000Z,4408.2998046875,4408.7001953125,4407.6000976562,4407.8999023438,109,0.0,0.0,GC=F,NA,NA,USD
2026-08-07T19:47:00.000Z,4408.1000976562,4408.5,4407.3999023438,4408.0,64,0.0,0.0,GC=F,NA,NA,USD
2026-08-07T19:48:00.000Z,4407.7001953125,4408.1000976562,4407.0,4407.7001953125,44,0.0,0.0,GC=F,NA,NA,USD
2026-08-07T19:49:00.000Z,4407.6000976562,4407.7001953125,4406.7001953125,4406.7001953125,41,0.0,0.0,GC=F,NA,NA,USD
2026-08-07T19:50:00.000Z,4407.2001953125,4408.7001953125,4406.3999023438,4408.3999023438,101,0.0,0.0,GC=F,NA,NA,USD
2026-08-07T19:51:00.000Z,4408.1000976562,4408.7001953125,4407.7998046875,4408.2001953125,57,0.0,0.0,GC=F,NA,NA,USD
2026-08-07T19:52:00.000Z,4408.0,4408.1000976562,4407.2001953125,4407.7001953125,54,0.0,0.0,GC=F,NA,NA,USD
2026-08-07T19:53:00.000Z,4407.5,4407.5,4403.7001953125,4403.8999023438,111,0.0,0.0,GC=F,NA,NA,USD
2026-08-07T19:54:00.000Z,4403.8999023438,4403.8999023438,4401.7001953125,4402.6000976562,165,0.0,0.0,GC=F,NA,NA,USD
2026-08-07T19:55:00.000Z,4402.3999023438,4403.2998046875,4401.2001953125,4402.2001953125,195,0.0,0.0,GC=F,NA,NA,USD
2026-08-07T19:56:00.000Z,4402.6000976562,4402.6000976562,4399.6000976562,4400.0,82,0.0,0.0,GC=F,NA,NA,USD
2026-08-07T19:57:00.000Z,4400.0,4400.3999023438,4399.6000976562,4400.3999023438,112,0.0,0.0,GC=F,NA,NA,USD
2026-08-07T19:58:00.000Z,4400.6000976562,4403.5,4400.6000976562,4403.3999023438,173,0.0,0.0,GC=F,NA,NA,USD
2026-08-07T19:59:00.000Z,4403.5,4404.7998046875,4402.5,4403.1000976562,168,0.0,0.0,GC=F,NA,NA,USD
2026-08-07T20:00:00.000Z,4403.0,4403.3999023438,4401.8999023438,4402.7001953125,83,0.0,0.0,GC=F,NA,NA,USD
2026-08-07T20:01:00.000Z,4402.6000976562,4404.6000976562,4402.6000976562,4404.2001953125,49,0.0,0.0,GC=F,NA,NA,USD
2026-08-07T20:02:00.000Z,4403.8999023438,4404.3999023438,4402.5,4402.6000976562,26,0.0,0.0,GC=F,NA,NA,USD
2026-08-07T20:03:00.000Z,4403.2001953125,4403.3999023438,4402.5,4402.7998046875,37,0.0,0.0,GC=F,NA,NA,USD
2026-08-07T20:04:00.000Z,4403.1000976562,4403.5,4402.8999023438,4402.8999023438,39,0.0,0.0,GC=F,NA,NA,USD
2026-08-07T20:05:00.000Z,4402.8999023438,4403.7998046875,4402.8999023438,4403.7998046875,12,0.0,0.0,GC=F,NA,NA,USD
2026-08-07T20:06:00.000Z,4403.8999023438,4403.8999023438,4402.6000976562,4402.6000976562,9,0.0,0.0,GC=F,NA,NA,USD
2026-08-07T20:07:00.000Z,4402.2998046875,4402.6000976562,4402.1000976562,4402.3999023438,10,0.0,0.0,GC=F,NA,NA,USD
2026-08-07T20:08:00.000Z,4401.8999023438,4402.7998046875,4401.8999023438,4402.6000976562,12,0.0,0.0,GC=F,NA,NA,USD
2026-08-07T20:09:00.000Z,4402.2998046875,4402.2998046875,4401.2001953125,4401.2001953125,45,0.0,0.0,GC=F,NA,NA,USD
2026-08-07T20:10:00.000Z,4400.8999023438,4400.8999023438,4398.6000976562,4399.3999023438,94,0.0,0.0,GC=F,NA,NA,USD
2026-08-07T20:11:00.000Z,4399.1000976562,4399.6000976562,4397.5,4399.1000976562,253,0.0,0.0,GC=F,NA,NA,USD
2026-08-07T20:12:00.000Z,4398.7001953125,4400.8999023438,4398.7001953125,4400.7001953125,70,0.0,0.0,GC=F,NA,NA,USD
2026-08-07T20:13:00.000Z,4400.6000976562,4401.2001953125,4400.3999023438,4400.7001953125,37,0.0,0.0,GC=F,NA,NA,USD
2026-08-07T20:14:00.000Z,4400.6000976562,4401.7998046875,4400.6000976562,4401.7998046875,25,0.0,0.0,GC=F,NA,NA,USD
2026-08-07T20:15:00.000Z,4401.7001953125,4401.7001953125,4400.0,4400.0,153,0.0,0.0,GC=F,NA,NA,USD
2026-08-07T20:16:00.000Z,4400.1000976562,4402.2001953125,4399.8999023438,4401.6000976562,67,0.0,0.0,GC=F,NA,NA,USD
2026-08-07T20:17:00.000Z,4401.2998046875,4401.3999023438,4400.1000976562,4400.1000976562,53,0.0,0.0,GC=F,NA,NA,USD
2026-08-07T20:18:00.000Z,4400.2001953125,4400.6000976562,4399.2998046875,4399.2998046875,142,0.0,0.0,GC=F,NA,NA,USD
2026-08-07T20:19:00.000Z,4399.2998046875,4399.5,4398.8999023438,4399.2001953125,27,0.0,0.0,GC=F,NA,NA,USD
2026-08-07T20:20:00.000Z,4399.2001953125,4399.2001953125,4398.2001953125,4398.7998046875,10,0.0,0.0,GC=F,NA,NA,USD
2026-08-07T20:21:00.000Z,4398.6000976562,4399.2001953125,4398.6000976562,4399.2001953125,6,0.0,0.0,GC=F,NA,NA,USD
2026-08-07T20:22:00.000Z,4398.7001953125,4398.7998046875,4398.2998046875,4398.7001953125,7,0.0,0.0,GC=F,NA,NA,USD
2026-08-07T20:23:00.000Z,4398.5,4398.6000976562,4398.2998046875,4398.2998046875,3,0.0,0.0,GC=F,NA,NA,USD
2026-08-07T20:24:00.000Z,4398.2998046875,4398.6000976562,4398.1000976562,4398.6000976562,9,0.0,0.0,GC=F,NA,NA,USD
2026-08-07T20:25:00.000Z,4398.7001953125,4399.3999023438,4397.1000976562,4398.6000976562,135,0.0,0.0,GC=F,NA,NA,USD
2026-08-07T20:26:00.000Z,4398.7001953125,4398.7998046875,4397.3999023438,4397.7001953125,146,0.0,0.0,GC=F,NA,NA,USD
2026-08-07T20:27:00.000Z,4397.2001953125,4397.2001953125,4396.5,4396.7998046875,21,0.0,0.0,GC=F,NA,NA,USD
2026-08-07T20:28:00.000Z,4396.7998046875,4398.8999023438,4396.7998046875,4398.8999023438,22,0.0,0.0,GC=F,NA,NA,USD
2026-08-07T20:29:00.000Z,4398.5,4398.7001953125,4397.2998046875,4397.2998046875,36,0.0,0.0,GC=F,NA,NA,USD
2026-08-07T20:30:00.000Z,4396.8999023438,4396.8999023438,4395.2998046875,4396.1000976562,55,0.0,0.0,GC=F,NA,NA,USD
2026-08-07T20:31:00.000Z,4395.7998046875,4395.7998046875,4395.5,4395.6000976562,30,0.0,0.0,GC=F,NA,NA,USD
2026-08-07T20:32:00.000Z,4396.0,4397.1000976562,4396.0,4396.3999023438,21,0.0,0.0,GC=F,NA,NA,USD
2026-08-07T20:33:00.000Z,4396.1000976562,4396.7001953125,4395.6000976562,4396.6000976562,24,0.0,0.0,GC=F,NA,NA,USD
2026-08-07T20:34:00.000Z,4396.2001953125,4396.7998046875,4396.2001953125,4396.6000976562,14,0.0,0.0,GC=F,NA,NA,USD
2026-08-07T20:35:00.000Z,4396.8999023438,4399.5,4396.8999023438,4399.2998046875,44,0.0,0.0,GC=F,NA,NA,USD
2026-08-07T20:36:00.000Z,4399.1000976562,4399.2998046875,4398.3999023438,4398.6000976562,38,0.0,0.0,GC=F,NA,NA,USD
2026-08-07T20:37:00.000Z,4398.2998046875,4398.3999023438,4398.2001953125,4398.2998046875,9,0.0,0.0,GC=F,NA,NA,USD
2026-08-07T20:38:00.000Z,4398.7998046875,4400.2001953125,4398.7001953125,4400.0,63,0.0,0.0,GC=F,NA,NA,USD
2026-08-07T20:39:00.000Z,4399.8999023438,4400.3999023438,4399.8999023438,4400.1000976562,22,0.0,0.0,GC=F,NA,NA,USD
2026-08-07T20:40:00.000Z,4400.0,4401.5,4400.0,4401.2998046875,12,0.0,0.0,GC=F,NA,NA,USD
2026-08-07T20:41:00.000Z,4401.3999023438,4401.6000976562,4400.7998046875,4400.8999023438,12,0.0,0.0,GC=F,NA,NA,USD
2026-08-07T20:42:00.000Z,4400.7001953125,4400.7001953125,4399.5,4399.5,15,0.0,0.0,GC=F,NA,NA,USD
2026-08-07T20:43:00.000Z,4399.7998046875,4400.2998046875,4399.7001953125,4399.7001953125,11,0.0,0.0,GC=F,NA,NA,USD
2026-08-07T20:44:00.000Z,4400.1000976562,4400.7998046875,4400.1000976562,4400.7998046875,12,0.0,0.0,GC=F,NA,NA,USD
2026-08-07T20:45:00.000Z,4400.5,4400.8999023438,4399.5,4400.0,33,0.0,0.0,GC=F,NA,NA,USD
2026-08-07T20:46:00.000Z,4400.5,4400.8999023438,4400.2998046875,4400.6000976562,37,0.0,0.0,GC=F,NA,NA,USD
2026-08-07T20:47:00.000Z,4400.7001953125,4400.7001953125,4400.0,4400.0,13,0.0,0.0,GC=F,NA,NA,USD
2026-08-07T20:48:00.000Z,4399.7001953125,4399.7001953125,4398.3999023438,4398.8999023438,159,0.0,0.0,GC=F,NA,NA,USD
2026-08-07T20:49:00.000Z,4398.8999023438,4399.2001953125,4398.8999023438,4399.2001953125,3,0.0,0.0,GC=F,NA,NA,USD
2026-08-07T20:50:00.000Z,4399.1000976562,4399.7998046875,4399.0,4399.7001953125,11,0.0,0.0,GC=F,NA,NA,USD
2026-08-07T20:51:00.000Z,4399.7001953125,4399.7001953125,4399.3999023438,4399.3999023438,9,0.0,0.0,GC=F,NA,NA,USD
2026-08-07T20:52:00.000Z,4399.6000976562,4400.2998046875,4399.1000976562,4400.2998046875,19,0.0,0.0,GC=F,NA,NA,USD
2026-08-07T20:53:00.000Z,4400.2001953125,4400.2998046875,4399.5,4399.8999023438,19,0.0,0.0,GC=F,NA,NA,USD
2026-08-07T20:54:00.000Z,4399.7998046875,4400.5,4399.6000976562,4400.5,13,0.0,0.0,GC=F,NA,NA,USD
2026-08-07T20:55:00.000Z,4400.8999023438,4400.8999023438,4399.1000976562,4399.7998046875,50,0.0,0.0,GC=F,NA,NA,USD
2026-08-07T20:56:00.000Z,4399.3999023438,4400.1000976562,4399.2001953125,4399.8999023438,14,0.0,0.0,GC=F,NA,NA,USD
2026-08-07T20:57:00.000Z,4400.2001953125,4401.3999023438,4400.1000976562,4401.3999023438,45,0.0,0.0,GC=F,NA,NA,USD
2026-08-07T20:58:00.000Z,4401.1000976562,4402.6000976562,4400.5,4401.3999023438,99,0.0,0.0,GC=F,NA,NA,USD
2026-08-07T20:59:00.000Z,4400.7998046875,4401.2998046875,4399.7001953125,4399.7001953125,45,0.0,0.0,GC=F,NA,NA,USD
2026-08-09T22:10:00.000Z,4398.0,4399.1000976562,4398.0,4398.2998046875,0,0.0,0.0,GC=F,NA,NA,USD
2026-08-09T22:11:00.000Z,4399.0,4403.8999023438,4399.0,4403.8999023438,78,0.0,0.0,GC=F,NA,NA,USD
2026-08-09T22:12:00.000Z,4404.0,4405.0,4402.5,4404.0,60,0.0,0.0,GC=F,NA,NA,USD
2026-08-09T22:13:00.000Z,4404.1000976562,4405.5,4402.8999023438,4403.3999023438,76,0.0,0.0,GC=F,NA,NA,USD
2026-08-09T22:14:00.000Z,4402.8999023438,4404.5,4401.7998046875,4402.2998046875,29,0.0,0.0,GC=F,NA,NA,USD
2026-08-09T22:15:00.000Z,4402.2998046875,4402.6000976562,4401.0,4402.6000976562,22,0.0,0.0,GC=F,NA,NA,USD
2026-08-09T22:16:00.000Z,4402.5,4404.0,4402.5,4403.7001953125,20,0.0,0.0,GC=F,NA,NA,USD
2026-08-09T22:17:00.000Z,4404.1000976562,4404.1000976562,4402.5,4403.1000976562,29,0.0,0.0,GC=F,NA,NA,USD
2026-08-09T22:18:00.000Z,4402.5,4402.5,4400.3999023438,4401.0,43,0.0,0.0,GC=F,NA,NA,USD
2026-08-09T22:19:00.000Z,4400.8999023438,4401.0,4398.7001953125,4399.2001953125,41,0.0,0.0,GC=F,NA,NA,USD
2026-08-09T22:20:00.000Z,4399.1000976562,4399.5,4398.8999023438,4398.8999023438,14,0.0,0.0,GC=F,NA,NA,USD
2026-08-09T22:21:00.000Z,4399.0,4399.3999023438,4398.7001953125,4398.8999023438,17,0.0,0.0,GC=F,NA,NA,USD
2026-08-09T22:22:00.000Z,4398.6000976562,4399.6000976562,4397.0,4398.7001953125,49,0.0,0.0,GC=F,NA,NA,USD
2026-08-09T22:23:00.000Z,4398.2998046875,4398.7001953125,4398.1000976562,4398.5,18,0.0,0.0,GC=F,NA,NA,USD
2026-08-09T22:24:00.000Z,4398.2001953125,4398.2001953125,4397.7998046875,4398.2001953125,13,0.0,0.0,GC=F,NA,NA,USD
2026-08-09T22:25:00.000Z,4398.5,4401.2001953125,4398.5,4400.3999023438,52,0.0,0.0,GC=F,NA,NA,USD
2026-08-09T22:26:00.000Z,4400.6000976562,4402.7001953125,4400.5,4402.7001953125,57,0.0,0.0,GC=F,NA,NA,USD
2026-08-09T22:27:00.000Z,4402.2998046875,4402.5,4401.6000976562,4402.3999023438,17,0.0,0.0,GC=F,NA,NA,USD
2026-08-09T22:28:00.000Z,4402.0,4402.3999023438,4401.3999023438,4401.7001953125,24,0.0,0.0,GC=F,NA,NA,USD
2026-08-09T22:29:00.000Z,4401.7001953125,4402.8999023438,4401.2001953125,4402.8999023438,31,0.0,0.0,GC=F,NA,NA,USD
2026-08-09T22:30:00.000Z,4402.8999023438,4403.7001953125,4402.2001953125,4403.1000976562,17,0.0,0.0,GC=F,NA,NA,USD
2026-08-09T22:31:00.000Z,4403.7998046875,4404.3999023438,4401.7001953125,4401.7001953125,38,0.0,0.0,GC=F,NA,NA,USD
2026-08-09T22:32:00.000Z,4402.7998046875,4402.8999023438,4402.1000976562,4402.1000976562,7,0.0,0.0,GC=F,NA,NA,USD
2026-08-09T22:33:00.000Z,4402.3999023438,4402.7001953125,4400.7998046875,4401.7001953125,24,0.0,0.0,GC=F,NA,NA,USD
2026-08-09T22:34:00.000Z,4402.2998046875,4402.3999023438,4399.3999023438,4401.8999023438,46,0.0,0.0,GC=F,NA,NA,USD
2026-08-09T22:35:00.000Z,4401.6000976562,4401.6000976562,4399.7001953125,4399.8999023438,13,0.0,0.0,GC=F,NA,NA,USD
2026-08-09T22:36:00.000Z,4400.2998046875,4400.6000976562,4399.8999023438,4400.2001953125,11,0.0,0.0,GC=F,NA,NA,USD
2026-08-09T22:37:00.000Z,4399.7001953125,4399.7001953125,4398.6000976562,4398.6000976562,32,0.0,0.0,GC=F,NA,NA,USD
2026-08-09T22:38:00.000Z,4399.2001953125,4400.1000976562,4399.2001953125,4400.1000976562,4,0.0,0.0,GC=F,NA,NA,USD
2026-08-09T22:39:00.000Z,4399.7998046875,4400.2998046875,4399.7998046875,4400.2998046875,3,0.0,0.0,GC=F,NA,NA,USD
2026-08-09T22:40:00.000Z,4400.2998046875,4401.2998046875,4400.2998046875,4400.7998046875,5,0.0,0.0,GC=F,NA,NA,USD
2026-08-09T22:42:00.000Z,4401.1000976562,4401.1000976562,4400.5,4400.7998046875,4,0.0,0.0,GC=F,NA,NA,USD
2026-08-09T22:43:00.000Z,4400.5,4400.5,4399.7998046875,4400.5,15,0.0,0.0,GC=F,NA,NA,USD
2026-08-09T22:44:00.000Z,4399.0,4399.2001953125,4398.8999023438,4398.8999023438,4,0.0,0.0,GC=F,NA,NA,USD
2026-08-09T22:45:00.000Z,4398.7998046875,4398.7998046875,4398.7998046875,4398.7998046875,1,0.0,0.0,GC=F,NA,NA,USD
2026-08-09T22:46:00.000Z,4398.7001953125,4399.5,4398.7001953125,4399.2001953125,14,0.0,0.0,GC=F,NA,NA,USD
2026-08-09T22:47:00.000Z,4399.6000976562,4400.6000976562,4399.2998046875,4400.6000976562,22,0.0,0.0,GC=F,NA,NA,USD
2026-08-09T22:48:00.000Z,4400.1000976562,4402.5,4400.1000976562,4402.0,51,0.0,0.0,GC=F,NA,NA,USD
2026-08-09T22:49:00.000Z,4402.7001953125,4402.7001953125,4402.0,4402.5,12,0.0,0.0,GC=F,NA,NA,USD
2026-08-09T22:50:00.000Z,4402.0,4402.6000976562,4401.7001953125,4402.6000976562,8,0.0,0.0,GC=F,NA,NA,USD
2026-08-09T22:51:00.000Z,4402.6000976562,4403.0,4402.6000976562,4403.0,6,0.0,0.0,GC=F,NA,NA,USD
2026-08-09T22:52:00.000Z,4402.1000976562,4402.1000976562,4400.7998046875,4401.3999023438,18,0.0,0.0,GC=F,NA,NA,USD
2026-08-09T22:53:00.000Z,4401.5,4401.7001953125,4401.0,4401.0,27,0.0,0.0,GC=F,NA,NA,USD
2026-08-09T22:54:00.000Z,4401.0,4401.0,4400.7998046875,4400.8999023438,5,0.0,0.0,GC=F,NA,NA,USD
2026-08-09T22:55:00.000Z,4401.1000976562,4401.1000976562,4401.0,4401.0,2,0.0,0.0,GC=F,NA,NA,USD
2026-08-09T22:56:00.000Z,4400.6000976562,4400.6000976562,4400.6000976562,4400.6000976562,2,0.0,0.0,GC=F,NA,NA,USD
2026-08-09T22:57:00.000Z,4400.1000976562,4400.7998046875,4400.1000976562,4400.7998046875,4,0.0,0.0,GC=F,NA,NA,USD
2026-08-09T22:58:00.000Z,4401.0,4401.1000976562,4401.0,4401.1000976562,4,0.0,0.0,GC=F,NA,NA,USD
2026-08-09T22:59:00.000Z,4401.3999023438,4401.3999023438,4400.2001953125,4400.2001953125,8,0.0,0.0,GC=F,NA,NA,USD
2026-08-09T23:00:00.000Z,4400.3999023438,4401.1000976562,4399.5,4401.1000976562,21,0.0,0.0,GC=F,NA,NA,USD
2026-08-09T23:01:00.000Z,4401.1000976562,4402.0,4401.1000976562,4401.7998046875,17,0.0,0.0,GC=F,NA,NA,USD
2026-08-09T23:02:00.000Z,4402.2001953125,4403.7998046875,4402.2001953125,4403.6000976562,54,0.0,0.0,GC=F,NA,NA,USD
2026-08-09T23:03:00.000Z,4403.6000976562,4404.2001953125,4403.0,4404.1000976562,15,0.0,0.0,GC=F,NA,NA,USD
2026-08-09T23:04:00.000Z,4404.3999023438,4406.3999023438,4404.2998046875,4405.7998046875,72,0.0,0.0,GC=F,NA,NA,USD
2026-08-09T23:05:00.000Z,4405.7001953125,4405.7001953125,4403.7001953125,4404.1000976562,66,0.0,0.0,GC=F,NA,NA,USD
2026-08-09T23:06:00.000Z,4404.7998046875,4406.7998046875,4404.7998046875,4406.2998046875,36,0.0,0.0,GC=F,NA,NA,USD
2026-08-09T23:07:00.000Z,4406.3999023438,4406.3999023438,4405.2998046875,4405.7001953125,10,0.0,0.0,GC=F,NA,NA,USD
2026-08-09T23:08:00.000Z,4405.7998046875,4406.0,4405.0,4405.1000976562,29,0.0,0.0,GC=F,NA,NA,USD
2026-08-09T23:09:00.000Z,4405.2001953125,4405.3999023438,4405.0,4405.1000976562,12,0.0,0.0,GC=F,NA,NA,USD
2026-08-09T23:10:00.000Z,4405.1000976562,4405.1000976562,4405.1000976562,4405.1000976562,1,0.0,0.0,GC=F,NA,NA,USD
2026-08-09T23:11:00.000Z,4405.2001953125,4405.2001953125,4404.8999023438,4404.8999023438,3,0.0,0.0,GC=F,NA,NA,USD
2026-08-09T23:12:00.000Z,4404.5,4405.3999023438,4404.5,4405.3999023438,7,0.0,0.0,GC=F,NA,NA,USD
2026-08-09T23:13:00.000Z,4405.1000976562,4406.0,4405.0,4406.0,22,0.0,0.0,GC=F,NA,NA,USD
2026-08-09T23:14:00.000Z,4406.0,4406.7001953125,4405.2998046875,4405.2998046875,23,0.0,0.0,GC=F,NA,NA,USD
2026-08-09T23:15:00.000Z,4405.7001953125,4406.1000976562,4405.5,4405.5,9,0.0,0.0,GC=F,NA,NA,USD
2026-08-09T23:16:00.000Z,4405.7001953125,4405.7998046875,4405.2998046875,4405.7998046875,8,0.0,0.0,GC=F,NA,NA,USD
2026-08-09T23:17:00.000Z,4406.1000976562,4406.1000976562,4405.1000976562,4405.1000976562,19,0.0,0.0,GC=F,NA,NA,USD
2026-08-09T23:18:00.000Z,4405.0,4405.0,4403.1000976562,4403.1000976562,29,0.0,0.0,GC=F,NA,NA,USD
2026-08-09T23:19:00.000Z,4403.3999023438,4405.7998046875,4403.3999023438,4405.0,40,0.0,0.0,GC=F,NA,NA,USD
2026-08-09T23:20:00.000Z,4404.6000976562,4404.6000976562,4404.2001953125,4404.2001953125,7,0.0,0.0,GC=F,NA,NA,USD
2026-08-09T23:21:00.000Z,4405.1000976562,4405.7998046875,4405.1000976562,4405.7998046875,4,0.0,0.0,GC=F,NA,NA,USD
2026-08-09T23:22:00.000Z,4405.7998046875,4406.3999023438,4405.5,4406.3999023438,44,0.0,0.0,GC=F,NA,NA,USD
2026-08-09T23:23:00.000Z,4406.5,4407.8999023438,4406.5,4407.8999023438,16,0.0,0.0,GC=F,NA,NA,USD
2026-08-09T23:24:00.000Z,4407.2001953125,4407.8999023438,4406.7998046875,4407.1000976562,35,0.0,0.0,GC=F,NA,NA,USD
2026-08-09T23:25:00.000Z,4407.2998046875,4407.2998046875,4406.7001953125,4406.8999023438,9,0.0,0.0,GC=F,NA,NA,USD
2026-08-09T23:26:00.000Z,4406.3999023438,4407.7998046875,4406.2998046875,4407.7998046875,11,0.0,0.0,GC=F,NA,NA,USD
2026-08-09T23:27:00.000Z,4407.6000976562,4408.0,4407.2998046875,4407.7001953125,11,0.0,0.0,GC=F,NA,NA,USD
2026-08-09T23:28:00.000Z,4407.5,4407.8999023438,4405.5,4405.8999023438,28,0.0,0.0,GC=F,NA,NA,USD
2026-08-09T23:29:00.000Z,4406.0,4406.7998046875,4405.0,4405.5,40,0.0,0.0,GC=F,NA,NA,USD
2026-08-09T23:30:00.000Z,4405.5,4406.5,4405.5,4405.7998046875,19,0.0,0.0,GC=F,NA,NA,USD
2026-08-09T23:31:00.000Z,4405.2998046875,4405.2998046875,4403.7001953125,4404.1000976562,31,0.0,0.0,GC=F,NA,NA,USD
2026-08-09T23:32:00.000Z,4403.2998046875,4403.2998046875,4400.5,4401.8999023438,123,0.0,0.0,GC=F,NA,NA,USD
2026-08-09T23:33:00.000Z,4402.5,4402.6000976562,4400.5,4400.6000976562,49,0.0,0.0,GC=F,NA,NA,USD
2026-08-09T23:34:00.000Z,4400.2001953125,4401.0,4399.1000976562,4401.0,61,0.0,0.0,GC=F,NA,NA,USD
2026-08-09T23:35:00.000Z,4400.7001953125,4401.7001953125,4400.7001953125,4400.7998046875,35,0.0,0.0,GC=F,NA,NA,USD
2026-08-09T23:36:00.000Z,4400.7998046875,4401.1000976562,4400.2001953125,4400.7998046875,13,0.0,0.0,GC=F,NA,NA,USD
2026-08-09T23:37:00.000Z,4400.7998046875,4401.8999023438,4400.2001953125,4400.2001953125,54,0.0,0.0,GC=F,NA,NA,USD
2026-08-09T23:38:00.000Z,4400.5,4400.5,4398.8999023438,4399.2001953125,21,0.0,0.0,GC=F,NA,NA,USD
2026-08-09T23:39:00.000Z,4399.3999023438,4401.8999023438,4399.2001953125,4401.7001953125,26,0.0,0.0,GC=F,NA,NA,USD
2026-08-09T23:40:00.000Z,4401.6000976562,4401.6000976562,4401.1000976562,4401.5,13,0.0,0.0,GC=F,NA,NA,USD
2026-08-09T23:41:00.000Z,4400.5,4400.7001953125,4400.5,4400.7001953125,3,0.0,0.0,GC=F,NA,NA,USD
2026-08-09T23:42:00.000Z,4400.6000976562,4400.7001953125,4400.5,4400.7001953125,5,0.0,0.0,GC=F,NA,NA,USD
2026-08-09T23:43:00.000Z,4400.2998046875,4400.8999023438,4400.2001953125,4400.8999023438,4,0.0,0.0,GC=F,NA,NA,USD
2026-08-09T23:44:00.000Z,4400.7998046875,4401.1000976562,4400.0,4401.1000976562,24,0.0,0.0,GC=F,NA,NA,USD
2026-08-09T23:45:00.000Z,4400.7001953125,4402.2001953125,4400.3999023438,4401.1000976562,27,0.0,0.0,GC=F,NA,NA,USD
2026-08-09T23:46:00.000Z,4401.1000976562,4401.5,4401.1000976562,4401.3999023438,3,0.0,0.0,GC=F,NA,NA,USD
2026-08-09T23:47:00.000Z,4400.3999023438,4401.3999023438,4400.3999023438,4401.0,16,0.0,0.0,GC=F,NA,NA,USD
2026-08-09T23:48:00.000Z,4401.2998046875,4402.0,4400.8999023438,4401.6000976562,13,0.0,0.0,GC=F,NA,NA,USD
2026-08-09T23:49:00.000Z,4401.6000976562,4401.6000976562,4401.0,4401.0,5,0.0,0.0,GC=F,NA,NA,USD
2026-08-09T23:50:00.000Z,4400.7998046875,4400.7998046875,4400.0,4400.1000976562,15,0.0,0.0,GC=F,NA,NA,USD
2026-08-09T23:51:00.000Z,4400.2998046875,4400.2998046875,4399.7001953125,4400.2998046875,5,0.0,0.0,GC=F,NA,NA,USD
2026-08-09T23:52:00.000Z,4400.7998046875,4401.0,4400.7998046875,4401.0,2,0.0,0.0,GC=F,NA,NA,USD
2026-08-09T23:53:00.000Z,4401.3999023438,4402.0,4399.7001953125,4400.7001953125,17,0.0,0.0,GC=F,NA,NA,USD
2026-08-09T23:54:00.000Z,4399.7001953125,4399.7001953125,4399.7001953125,4399.7001953125,57,0.0,0.0,GC=F,NA,NA,USD
2026-08-09T23:55:00.000Z,4399.1000976562,4399.3999023438,4398.0,4398.7001953125,37,0.0,0.0,GC=F,NA,NA,USD
2026-08-09T23:56:00.000Z,4398.7001953125,4398.7001953125,4395.0,4395.0,90,0.0,0.0,GC=F,NA,NA,USD
2026-08-09T23:57:00.000Z,4395.2001953125,4395.2998046875,4393.5,4394.0,99,0.0,0.0,GC=F,NA,NA,USD
2026-08-09T23:58:00.000Z,4394.2001953125,4394.2001953125,4392.6000976562,4392.7001953125,55,0.0,0.0,GC=F,NA,NA,USD
2026-08-09T23:59:00.000Z,4393.1000976562,4393.1000976562,4390.7998046875,4392.0,44,0.0,0.0,GC=F,NA,NA,USD
2026-08-10T00:00:00.000Z,4391.8999023438,4395.3999023438,4391.3999023438,4395.0,92,0.0,0.0,GC=F,NA,NA,USD
2026-08-10T00:01:00.000Z,4394.7001953125,4396.5,4394.2998046875,4396.5,31,0.0,0.0,GC=F,NA,NA,USD
2026-08-10T00:02:00.000Z,4395.7998046875,4398.1000976562,4395.7998046875,4397.6000976562,61,0.0,0.0,GC=F,NA,NA,USD
2026-08-10T00:03:00.000Z,4397.5,4399.5,4397.5,4398.6000976562,44,0.0,0.0,GC=F,NA,NA,USD
2026-08-10T00:04:00.000Z,4398.6000976562,4399.7001953125,4397.8999023438,4399.6000976562,24,0.0,0.0,GC=F,NA,NA,USD
2026-08-10T00:05:00.000Z,4399.1000976562,4401.5,4398.7001953125,4400.7001953125,35,0.0,0.0,GC=F,NA,NA,USD
2026-08-10T00:06:00.000Z,4400.5,4400.6000976562,4399.0,4399.3999023438,47,0.0,0.0,GC=F,NA,NA,USD
2026-08-10T00:07:00.000Z,4399.6000976562,4400.2998046875,4399.1000976562,4400.2998046875,15,0.0,0.0,GC=F,NA,NA,USD
2026-08-10T00:08:00.000Z,4400.3999023438,4402.6000976562,4399.7998046875,4401.0,27,0.0,0.0,GC=F,NA,NA,USD
2026-08-10T00:09:00.000Z,4401.0,4402.0,4400.6000976562,4400.8999023438,15,0.0,0.0,GC=F,NA,NA,USD
2026-08-10T00:10:00.000Z,4400.6000976562,4402.7998046875,4399.0,4402.6000976562,51,0.0,0.0,GC=F,NA,NA,USD
2026-08-10T00:11:00.000Z,4401.7001953125,4401.7001953125,4399.0,4399.2998046875,31,0.0,0.0,GC=F,NA,NA,USD
2026-08-10T00:12:00.000Z,4399.1000976562,4402.2001953125,4399.1000976562,4402.2001953125,18,0.0,0.0,GC=F,NA,NA,USD
2026-08-10T00:13:00.000Z,4402.7001953125,4405.1000976562,4402.5,4403.8999023438,48,0.0,0.0,GC=F,NA,NA,USD
2026-08-10T00:14:00.000Z,4403.7998046875,4406.0,4403.3999023438,4403.3999023438,71,0.0,0.0,GC=F,NA,NA,USD
2026-08-10T00:15:00.000Z,4403.7001953125,4404.5,4401.7001953125,4401.8999023438,60,0.0,0.0,GC=F,NA,NA,USD
2026-08-10T00:16:00.000Z,4401.2998046875,4401.2998046875,4398.2001953125,4398.8999023438,70,0.0,0.0,GC=F,NA,NA,USD
2026-08-10T00:17:00.000Z,4399.0,4400.7001953125,4399.0,4400.2998046875,17,0.0,0.0,GC=F,NA,NA,USD
2026-08-10T00:18:00.000Z,4400.5,4401.0,4400.1000976562,4401.0,30,0.0,0.0,GC=F,NA,NA,USD
2026-08-10T00:19:00.000Z,4400.7998046875,4404.7001953125,4400.7998046875,4403.2998046875,83,0.0,0.0,GC=F,NA,NA,USD
2026-08-10T00:20:00.000Z,4402.5,4402.8999023438,4401.7998046875,4401.7998046875,12,0.0,0.0,GC=F,NA,NA,USD
2026-08-10T00:21:00.000Z,4400.2001953125,4400.2001953125,4398.0,4398.6000976562,37,0.0,0.0,GC=F,NA,NA,USD
2026-08-10T00:22:00.000Z,4398.8999023438,4399.7998046875,4398.7998046875,4399.3999023438,12,0.0,0.0,GC=F,NA,NA,USD
2026-08-10T00:23:00.000Z,4399.2998046875,4399.5,4398.2998046875,4399.5,9,0.0,0.0,GC=F,NA,NA,USD
2026-08-10T00:24:00.000Z,4399.0,4399.7998046875,4398.5,4398.7001953125,27,0.0,0.0,GC=F,NA,NA,USD
2026-08-10T00:25:00.000Z,4398.7001953125,4399.3999023438,4396.5,4396.5,40,0.0,0.0,GC=F,NA,NA,USD
2026-08-10T00:26:00.000Z,4396.7001953125,4398.2001953125,4396.1000976562,4398.2001953125,44,0.0,0.0,GC=F,NA,NA,USD
2026-08-10T00:27:00.000Z,4398.1000976562,4398.7001953125,4397.2998046875,4397.3999023438,27,0.0,0.0,GC=F,NA,NA,USD
2026-08-10T00:28:00.000Z,4398.2001953125,4398.2001953125,4397.0,4397.2998046875,13,0.0,0.0,GC=F,NA,NA,USD
2026-08-10T00:29:00.000Z,4397.2001953125,4397.2998046875,4396.2001953125,4396.7001953125,21,0.0,0.0,GC=F,NA,NA,USD
2026-08-10T00:30:00.000Z,4396.6000976562,4397.7001953125,4395.5,4397.3999023438,44,0.0,0.0,GC=F,NA,NA,USD
2026-08-10T00:31:00.000Z,4397.7001953125,4398.1000976562,4396.7001953125,4396.7001953125,17,0.0,0.0,GC=F,NA,NA,USD
2026-08-10T00:32:00.000Z,4396.1000976562,4396.2998046875,4395.8999023438,4396.1000976562,10,0.0,0.0,GC=F,NA,NA,USD
2026-08-10T00:33:00.000Z,4396.2001953125,4396.2001953125,4394.2001953125,4395.2001953125,61,0.0,0.0,GC=F,NA,NA,USD
2026-08-10T00:34:00.000Z,4395.0,4395.5,4394.7001953125,4395.5,15,0.0,0.0,GC=F,NA,NA,USD
2026-08-10T00:35:00.000Z,4395.7998046875,4395.8999023438,4393.3999023438,4393.7001953125,18,0.0,0.0,GC=F,NA,NA,USD
2026-08-10T00:36:00.000Z,4393.0,4394.2998046875,4392.3999023438,4394.0,39,0.0,0.0,GC=F,NA,NA,USD
2026-08-10T00:37:00.000Z,4393.2001953125,4395.0,4393.2001953125,4394.3999023438,16,0.0,0.0,GC=F,NA,NA,USD
2026-08-10T00:38:00.000Z,4394.6000976562,4395.2001953125,4394.0,4395.0,16,0.0,0.0,GC=F,NA,NA,USD
2026-08-10T00:39:00.000Z,4395.2998046875,4396.2001953125,4395.0,4396.0,39,0.0,0.0,GC=F,NA,NA,USD
2026-08-10T00:40:00.000Z,4395.7998046875,4397.2998046875,4395.7998046875,4396.0,18,0.0,0.0,GC=F,NA,NA,USD
2026-08-10T00:41:00.000Z,4395.7001953125,4395.7001953125,4393.7001953125,4394.2001953125,23,0.0,0.0,GC=F,NA,NA,USD
2026-08-10T00:42:00.000Z,4394.6000976562,4395.8999023438,4394.5,4394.6000976562,28,0.0,0.0,GC=F,NA,NA,USD
2026-08-10T00:43:00.000Z,4394.3999023438,4394.3999023438,4393.2998046875,4393.8999023438,18,0.0,0.0,GC=F,NA,NA,USD
2026-08-10T00:44:00.000Z,4393.7001953125,4393.7001953125,4392.6000976562,4393.2998046875,31,0.0,0.0,GC=F,NA,NA,USD
2026-08-10T00:45:00.000Z,4393.0,4395.1000976562,4393.0,4395.0,35,0.0,0.0,GC=F,NA,NA,USD
2026-08-10T00:46:00.000Z,4394.3999023438,4394.3999023438,4392.7998046875,4392.7998046875,11,0.0,0.0,GC=F,NA,NA,USD
2026-08-10T00:47:00.000Z,4392.6000976562,4393.7998046875,4392.6000976562,4393.6000976562,8,0.0,0.0,GC=F,NA,NA,USD
2026-08-10T00:48:00.000Z,4393.6000976562,4394.1000976562,4392.5,4392.7001953125,13,0.0,0.0,GC=F,NA,NA,USD
2026-08-10T00:49:00.000Z,4392.7998046875,4394.5,4392.2001953125,4394.5,24,0.0,0.0,GC=F,NA,NA,USD
2026-08-10T00:50:00.000Z,4394.7001953125,4396.2001953125,4394.2001953125,4394.7998046875,39,0.0,0.0,GC=F,NA,NA,USD
2026-08-10T00:51:00.000Z,4394.7998046875,4395.1000976562,4394.0,4394.2998046875,34,0.0,0.0,GC=F,NA,NA,USD
2026-08-10T00:52:00.000Z,4395.7001953125,4396.1000976562,4393.3999023438,4393.5,18,0.0,0.0,GC=F,NA,NA,USD
2026-08-10T00:53:00.000Z,4393.7998046875,4394.6000976562,4393.3999023438,4394.5,18,0.0,0.0,GC=F,NA,NA,USD
2026-08-10T00:54:00.000Z,4394.3999023438,4394.5,4392.3999023438,4392.3999023438,27,0.0,0.0,GC=F,NA,NA,USD
2026-08-10T00:55:00.000Z,4393.1000976562,4393.6000976562,4391.2001953125,4391.7001953125,57,0.0,0.0,GC=F,NA,NA,USD
2026-08-10T00:56:00.000Z,4391.2998046875,4391.2998046875,4389.7998046875,4390.6000976562,81,0.0,0.0,GC=F,NA,NA,USD
2026-08-10T00:57:00.000Z,4391.0,4391.8999023438,4390.0,4391.2998046875,45,0.0,0.0,GC=F,NA,NA,USD
2026-08-10T00:58:00.000Z,4391.2998046875,4391.7998046875,4389.7998046875,4390.2001953125,36,0.0,0.0,GC=F,NA,NA,USD
2026-08-10T00:59:00.000Z,4390.0,4392.0,4389.7998046875,4391.2998046875,44,0.0,0.0,GC=F,NA,NA,USD
2026-08-10T01:00:00.000Z,4391.5,4392.3999023438,4386.0,4390.2001953125,411,0.0,0.0,GC=F,NA,NA,USD
2026-08-10T01:01:00.000Z,4390.5,4397.7998046875,4389.3999023438,4396.6000976562,215,0.0,0.0,GC=F,NA,NA,USD
2026-08-10T01:02:00.000Z,4397.2001953125,4397.7998046875,4394.0,4396.5,176,0.0,0.0,GC=F,NA,NA,USD
2026-08-10T01:03:00.000Z,4396.5,4400.0,4393.6000976562,4393.8999023438,212,0.0,0.0,GC=F,NA,NA,USD
2026-08-10T01:04:00.000Z,4393.7998046875,4393.7998046875,4386.5,4386.6000976562,232,0.0,0.0,GC=F,NA,NA,USD
2026-08-10T01:05:00.000Z,4386.3999023438,4387.2998046875,4382.0,4382.0,593,0.0,0.0,GC=F,NA,NA,USD
2026-08-10T01:06:00.000Z,4382.5,4384.8999023438,4382.0,4384.6000976562,347,0.0,0.0,GC=F,NA,NA,USD
2026-08-10T01:07:00.000Z,4384.8999023438,4386.7998046875,4383.6000976562,4383.7001953125,173,0.0,0.0,GC=F,NA,NA,USD
2026-08-10T01:08:00.000Z,4384.2001953125,4385.7001953125,4383.5,4383.7998046875,89,0.0,0.0,GC=F,NA,NA,USD
2026-08-10T01:09:00.000Z,4384.0,4386.7001953125,4383.0,4384.1000976562,149,0.0,0.0,GC=F,NA,NA,USD
2026-08-10T01:10:00.000Z,4383.7001953125,4384.7001953125,4382.6000976562,4383.5,91,0.0,0.0,GC=F,NA,NA,USD
2026-08-10T01:11:00.000Z,4383.1000976562,4383.5,4382.0,4383.5,210,0.0,0.0,GC=F,NA,NA,USD
2026-08-10T01:12:00.000Z,4382.8999023438,4384.7001953125,4382.7001953125,4384.3999023438,53,0.0,0.0,GC=F,NA,NA,USD
2026-08-10T01:13:00.000Z,4384.0,4384.6000976562,4382.0,4382.2998046875,80,0.0,0.0,GC=F,NA,NA,USD
2026-08-10T01:14:00.000Z,4382.1000976562,4383.6000976562,4382.0,4382.8999023438,148,0.0,0.0,GC=F,NA,NA,USD
2026-08-10T01:15:00.000Z,4383.5,4385.0,4382.0,4385.0,123,0.0,0.0,GC=F,NA,NA,USD
2026-08-10T01:16:00.000Z,4384.7998046875,4386.1000976562,4384.2998046875,4386.0,68,0.0,0.0,GC=F,NA,NA,USD
2026-08-10T01:17:00.000Z,4385.2998046875,4385.3999023438,4382.0,4382.0,336,0.0,0.0,GC=F,NA,NA,USD
2026-08-10T01:18:00.000Z,4382.0,4383.5,4382.0,4382.2001953125,101,0.0,0.0,GC=F,NA,NA,USD
2026-08-10T01:19:00.000Z,4382.7001953125,4384.2998046875,4382.2001953125,4384.2998046875,40,0.0,0.0,GC=F,NA,NA,USD
2026-08-10T01:20:00.000Z,4384.5,4385.5,4382.0,4382.2001953125,125,0.0,0.0,GC=F,NA,NA,USD
2026-08-10T01:21:00.000Z,4382.2001953125,4383.5,4382.0,4383.2998046875,91,0.0,0.0,GC=F,NA,NA,USD
2026-08-10T01:22:00.000Z,4383.7001953125,4384.6000976562,4382.2998046875,4383.2998046875,80,0.0,0.0,GC=F,NA,NA,USD
2026-08-10T01:23:00.000Z,4383.2001953125,4388.2001953125,4383.2001953125,4386.3999023438,252,0.0,0.0,GC=F,NA,NA,USD
2026-08-10T01:24:00.000Z,4386.6000976562,4388.7998046875,4384.2998046875,4388.1000976562,278,0.0,0.0,GC=F,NA,NA,USD
2026-08-10T01:25:00.000Z,4388.3999023438,4388.5,4385.7998046875,4386.1000976562,107,0.0,0.0,GC=F,NA,NA,USD
2026-08-10T01:26:00.000Z,4385.7001953125,4385.7001953125,4383.3999023438,4383.7001953125,83,0.0,0.0,GC=F,NA,NA,USD
2026-08-10T01:27:00.000Z,4383.3999023438,4383.3999023438,4382.0,4382.3999023438,229,0.0,0.0,GC=F,NA,NA,USD
2026-08-10T01:28:00.000Z,4382.6000976562,4383.0,4382.2998046875,4383.0,24,0.0,0.0,GC=F,NA,NA,USD
2026-08-10T01:29:00.000Z,4382.7998046875,4383.2998046875,4376.7001953125,4376.8999023438,584,0.0,0.0,GC=F,NA,NA,USD
2026-08-10T01:30:00.000Z,4376.7001953125,4378.0,4376.1000976562,4376.7001953125,171,0.0,0.0,GC=F,NA,NA,USD
2026-08-10T01:31:00.000Z,4376.3999023438,4377.5,4375.3999023438,4376.0,109,0.0,0.0,GC=F,NA,NA,USD
2026-08-10T01:32:00.000Z,4375.8999023438,4376.3999023438,4374.3999023438,4375.3999023438,124,0.0,0.0,GC=F,NA,NA,USD
2026-08-10T01:33:00.000Z,4375.7001953125,4378.7001953125,4375.1000976562,4377.6000976562,62,0.0,0.0,GC=F,NA,NA,USD
2026-08-10T01:34:00.000Z,4378.0,4381.2001953125,4378.0,4380.5,127,0.0,0.0,GC=F,NA,NA,USD
2026-08-10T01:35:00.000Z,4380.2998046875,4380.2998046875,4377.3999023438,4379.2998046875,51,0.0,0.0,GC=F,NA,NA,USD
2026-08-10T01:36:00.000Z,4379.7001953125,4380.1000976562,4378.6000976562,4379.5,29,0.0,0.0,GC=F,NA,NA,USD
2026-08-10T01:37:00.000Z,4380.0,4380.0,4376.8999023438,4377.7001953125,93,0.0,0.0,GC=F,NA,NA,USD
2026-08-10T01:38:00.000Z,4378.0,4378.8999023438,4377.2001953125,4377.6000976562,49,0.0,0.0,GC=F,NA,NA,USD
2026-08-10T01:39:00.000Z,4377.7001953125,4378.7001953125,4376.2001953125,4377.2001953125,45,0.0,0.0,GC=F,NA,NA,USD
2026-08-10T01:40:00.000Z,4377.2001953125,4377.2001953125,4374.2001953125,4374.2998046875,78,0.0,0.0,GC=F,NA,NA,USD
2026-08-10T01:41:00.000Z,4374.7001953125,4375.6000976562,4373.8999023438,4374.2001953125,78,0.0,0.0,GC=F,NA,NA,USD
2026-08-10T01:42:00.000Z,4375.2998046875,4376.2001953125,4374.7998046875,4375.7998046875,34,0.0,0.0,GC=F,NA,NA,USD
2026-08-10T01:43:00.000Z,4376.5,4377.1000976562,4375.7001953125,4376.8999023438,22,0.0,0.0,GC=F,NA,NA,USD
2026-08-10T01:44:00.000Z,4377.3999023438,4378.3999023438,4376.6000976562,4377.8999023438,55,0.0,0.0,GC=F,NA,NA,USD
2026-08-10T01:45:00.000Z,4378.0,4379.8999023438,4377.8999023438,4379.2998046875,66,0.0,0.0,GC=F,NA,NA,USD
2026-08-10T01:46:00.000Z,4379.2998046875,4379.2998046875,4376.8999023438,4377.2998046875,57,0.0,0.0,GC=F,NA,NA,USD
2026-08-10T01:47:00.000Z,4377.3999023438,4377.5,4376.3999023438,4377.3999023438,25,0.0,0.0,GC=F,NA,NA,USD
2026-08-10T01:48:00.000Z,4378.0,4380.7001953125,4376.8999023438,4380.5,86,0.0,0.0,GC=F,NA,NA,USD
2026-08-10T01:49:00.000Z,4381.0,4381.7001953125,4379.0,4381.2001953125,70,0.0,0.0,GC=F,NA,NA,USD
2026-08-10T01:50:00.000Z,4380.7998046875,4383.3999023438,4379.8999023438,4382.6000976562,69,0.0,0.0,GC=F,NA,NA,USD
2026-08-10T01:51:00.000Z,4382.8999023438,4383.7001953125,4381.6000976562,4383.1000976562,90,0.0,0.0,GC=F,NA,NA,USD
2026-08-10T01:52:00.000Z,4383.1000976562,4383.7998046875,4381.2998046875,4381.6000976562,45,0.0,0.0,GC=F,NA,NA,USD
2026-08-10T01:53:00.000Z,4381.5,4381.6000976562,4379.5,4381.2001953125,45,0.0,0.0,GC=F,NA,NA,USD
2026-08-10T01:54:00.000Z,4380.7998046875,4381.3999023438,4379.6000976562,4380.8999023438,68,0.0,0.0,GC=F,NA,NA,USD
2026-08-10T01:55:00.000Z,4380.7001953125,4381.6000976562,4380.2001953125,4380.5,38,0.0,0.0,GC=F,NA,NA,USD
2026-08-10T01:56:00.000Z,4380.7998046875,4382.2001953125,4380.3999023438,4380.7998046875,24,0.0,0.0,GC=F,NA,NA,USD
2026-08-10T01:57:00.000Z,4380.7998046875,4380.7998046875,4378.2001953125,4378.2001953125,54,0.0,0.0,GC=F,NA,NA,USD
2026-08-10T01:58:00.000Z,4378.5,4380.0,4378.2001953125,4379.7001953125,26,0.0,0.0,GC=F,NA,NA,USD
2026-08-10T01:59:00.000Z,4380.0,4384.2998046875,4380.0,4383.0,166,0.0,0.0,GC=F,NA,NA,USD
2026-08-10T02:00:00.000Z,4382.7998046875,4383.3999023438,4381.1000976562,4382.6000976562,88,0.0,0.0,GC=F,NA,NA,USD
2026-08-10T02:01:00.000Z,4382.7001953125,4383.7998046875,4380.3999023438,4380.7001953125,31,0.0,0.0,GC=F,NA,NA,USD
2026-08-10T02:02:00.000Z,4381.0,4382.7998046875,4381.0,4381.3999023438,49,0.0,0.0,GC=F,NA,NA,USD
2026-08-10T02:03:00.000Z,4381.7001953125,4383.7998046875,4381.7001953125,4382.7998046875,27,0.0,0.0,GC=F,NA,NA,USD
2026-08-10T02:04:00.000Z,4382.5,4383.6000976562,4381.7998046875,4382.7998046875,49,0.0,0.0,GC=F,NA,NA,USD
2026-08-10T02:05:00.000Z,4382.5,4382.6000976562,4379.8999023438,4380.0,51,0.0,0.0,GC=F,NA,NA,USD
2026-08-10T02:06:00.000Z,4379.8999023438,4380.5,4379.7001953125,4380.5,33,0.0,0.0,GC=F,NA,NA,USD
2026-08-10T02:07:00.000Z,4380.7998046875,4384.5,4380.2998046875,4384.2001953125,53,0.0,0.0,GC=F,NA,NA,USD
2026-08-10T02:08:00.000Z,4384.1000976562,4385.0,4382.3999023438,4382.6000976562,54,0.0,0.0,GC=F,NA,NA,USD
2026-08-10T02:09:00.000Z,4382.3999023438,4384.5,4382.2998046875,4384.1000976562,35,0.0,0.0,GC=F,NA,NA,USD
2026-08-10T02:10:00.000Z,4384.2998046875,4385.2998046875,4384.2998046875,4384.3999023438,51,0.0,0.0,GC=F,NA,NA,USD
2026-08-10T02:11:00.000Z,4384.5,4385.5,4384.3999023438,4385.5,47,0.0,0.0,GC=F,NA,NA,USD
2026-08-10T02:12:00.000Z,4385.7001953125,4386.3999023438,4382.7001953125,4382.7001953125,46,0.0,0.0,GC=F,NA,NA,USD
2026-08-10T02:13:00.000Z,4382.6000976562,4386.1000976562,4382.2001953125,4386.1000976562,49,0.0,0.0,GC=F,NA,NA,USD
2026-08-10T02:14:00.000Z,4385.5,4386.6000976562,4385.0,4385.1000976562,57,0.0,0.0,GC=F,NA,NA,USD
2026-08-10T02:15:00.000Z,4385.0,4385.5,4384.3999023438,4384.7001953125,32,0.0,0.0,GC=F,NA,NA,USD
2026-08-10T02:16:00.000Z,4384.5,4385.3999023438,4384.5,4385.1000976562,21,0.0,0.0,GC=F,NA,NA,USD
2026-08-10T02:17:00.000Z,4385.0,4385.0,4384.0,4384.8999023438,17,0.0,0.0,GC=F,NA,NA,USD
2026-08-10T02:18:00.000Z,4384.7998046875,4386.2001953125,4384.6000976562,4386.1000976562,33,0.0,0.0,GC=F,NA,NA,USD
2026-08-10T02:19:00.000Z,4386.1000976562,4386.1000976562,4384.6000976562,4385.2998046875,28,0.0,0.0,GC=F,NA,NA,USD
2026-08-10T02:20:00.000Z,4384.6000976562,4385.5,4384.5,4384.8999023438,16,0.0,0.0,GC=F,NA,NA,USD
2026-08-10T02:21:00.000Z,4384.8999023438,4388.0,4384.8999023438,4387.6000976562,72,0.0,0.0,GC=F,NA,NA,USD
2026-08-10T02:22:00.000Z,4387.7998046875,4388.2001953125,4386.2001953125,4386.3999023438,93,0.0,0.0,GC=F,NA,NA,USD
2026-08-10T02:23:00.000Z,4386.2998046875,4387.7001953125,4385.2001953125,4387.7001953125,77,0.0,0.0,GC=F,NA,NA,USD
2026-08-10T02:24:00.000Z,4387.8999023438,4387.8999023438,4386.6000976562,4387.0,33,0.0,0.0,GC=F,NA,NA,USD
2026-08-10T02:25:00.000Z,4387.0,4387.7998046875,4386.3999023438,4386.3999023438,29,0.0,0.0,GC=F,NA,NA,USD
2026-08-10T02:26:00.000Z,4386.7001953125,4388.1000976562,4386.6000976562,4388.0,67,0.0,0.0,GC=F,NA,NA,USD
2026-08-10T02:27:00.000Z,4388.2998046875,4389.5,4388.2998046875,4388.8999023438,45,0.0,0.0,GC=F,NA,NA,USD
2026-08-10T02:28:00.000Z,4388.7998046875,4390.6000976562,4388.7998046875,4390.5,46,0.0,0.0,GC=F,NA,NA,USD
2026-08-10T02:29:00.000Z,4390.2998046875,4392.1000976562,4390.2998046875,4390.8999023438,136,0.0,0.0,GC=F,NA,NA,USD
2026-08-10T02:30:00.000Z,4391.0,4392.5,4387.3999023438,4387.5,144,0.0,0.0,GC=F,NA,NA,USD
2026-08-10T02:31:00.000Z,4387.5,4388.0,4384.6000976562,4386.7998046875,116,0.0,0.0,GC=F,NA,NA,USD
2026-08-10T02:32:00.000Z,4387.2001953125,4389.3999023438,4387.0,4389.3999023438,52,0.0,0.0,GC=F,NA,NA,USD
2026-08-10T02:33:00.000Z,4389.5,4390.2998046875,4387.7001953125,4389.2001953125,102,0.0,0.0,GC=F,NA,NA,USD
2026-08-10T02:34:00.000Z,4389.1000976562,4390.2001953125,4387.8999023438,4387.8999023438,45,0.0,0.0,GC=F,NA,NA,USD
2026-08-10T02:35:00.000Z,4388.2998046875,4390.1000976562,4387.5,4387.7001953125,61,0.0,0.0,GC=F,NA,NA,USD
2026-08-10T02:36:00.000Z,4388.2001953125,4388.2998046875,4386.8999023438,4386.8999023438,28,0.0,0.0,GC=F,NA,NA,USD
2026-08-10T02:37:00.000Z,4387.2001953125,4387.7001953125,4385.7001953125,4387.7001953125,31,0.0,0.0,GC=F,NA,NA,USD
2026-08-10T02:38:00.000Z,4386.7998046875,4386.7998046875,4385.2001953125,4385.7001953125,42,0.0,0.0,GC=F,NA,NA,USD
2026-08-10T02:39:00.000Z,4385.3999023438,4386.0,4384.8999023438,4385.6000976562,32,0.0,0.0,GC=F,NA,NA,USD
2026-08-10T02:40:00.000Z,4385.8999023438,4386.0,4384.7998046875,4385.1000976562,19,0.0,0.0,GC=F,NA,NA,USD
2026-08-10T02:41:00.000Z,4384.7998046875,4386.2001953125,4383.3999023438,4386.2001953125,90,0.0,0.0,GC=F,NA,NA,USD
2026-08-10T02:42:00.000Z,4386.2998046875,4389.3999023438,4385.6000976562,4389.3999023438,132,0.0,0.0,GC=F,NA,NA,USD
2026-08-10T02:43:00.000Z,4389.6000976562,4390.0,4387.3999023438,4388.2001953125,59,0.0,0.0,GC=F,NA,NA,USD
2026-08-10T02:44:00.000Z,4388.2998046875,4388.2998046875,4386.6000976562,4386.6000976562,19,0.0,0.0,GC=F,NA,NA,USD
2026-08-10T02:45:00.000Z,4386.7998046875,4387.3999023438,4385.6000976562,4385.7998046875,31,0.0,0.0,GC=F,NA,NA,USD
2026-08-10T02:46:00.000Z,4386.2998046875,4386.7998046875,4384.2001953125,4384.2001953125,54,0.0,0.0,GC=F,NA,NA,USD
2026-08-10T02:47:00.000Z,4384.2001953125,4384.7998046875,4381.7001953125,4383.3999023438,94,0.0,0.0,GC=F,NA,NA,USD
2026-08-10T02:48:00.000Z,4383.7998046875,4384.7001953125,4383.0,4383.7998046875,49,0.0,0.0,GC=F,NA,NA,USD
2026-08-10T02:49:00.000Z,4383.2998046875,4383.3999023438,4381.2998046875,4383.3999023438,88,0.0,0.0,GC=F,NA,NA,USD
2026-08-10T02:50:00.000Z,4383.7001953125,4384.7001953125,4383.2998046875,4383.7001953125,68,0.0,0.0,GC=F,NA,NA,USD
2026-08-10T02:51:00.000Z,4383.2998046875,4383.5,4383.0,4383.2998046875,20,0.0,0.0,GC=F,NA,NA,USD
2026-08-10T02:52:00.000Z,4383.0,4383.2001953125,4382.5,4382.5,35,0.0,0.0,GC=F,NA,NA,USD
2026-08-10T02:53:00.000Z,4382.0,4382.0,4379.2998046875,4380.3999023438,151,0.0,0.0,GC=F,NA,NA,USD
2026-08-10T02:54:00.000Z,4379.7998046875,4380.5,4379.3999023438,4379.3999023438,68,0.0,0.0,GC=F,NA,NA,USD
2026-08-10T02:55:00.000Z,4379.6000976562,4380.7001953125,4379.6000976562,4380.2998046875,15,0.0,0.0,GC=F,NA,NA,USD
2026-08-10T02:56:00.000Z,4380.0,4380.7001953125,4380.0,4380.1000976562,61,0.0,0.0,GC=F,NA,NA,USD
2026-08-10T02:57:00.000Z,4380.3999023438,4382.2001953125,4380.2998046875,4382.2001953125,72,0.0,0.0,GC=F,NA,NA,USD
2026-08-10T02:58:00.000Z,4382.0,4382.3999023438,4379.6000976562,4379.8999023438,69,0.0,0.0,GC=F,NA,NA,USD
2026-08-10T02:59:00.000Z,4379.7001953125,4380.3999023438,4379.0,4380.0,24,0.0,0.0,GC=F,NA,NA,USD
2026-08-10T03:00:00.000Z,4379.6000976562,4380.5,4378.8999023438,4378.8999023438,26,0.0,0.0,GC=F,NA,NA,USD
2026-08-10T03:01:00.000Z,4378.2998046875,4381.1000976562,4378.2998046875,4380.7001953125,66,0.0,0.0,GC=F,NA,NA,USD
2026-08-10T03:02:00.000Z,4380.1000976562,4380.8999023438,4379.7998046875,4379.7998046875,20,0.0,0.0,GC=F,NA,NA,USD
2026-08-10T03:03:00.000Z,4379.2001953125,4379.6000976562,4378.6000976562,4378.7998046875,28,0.0,0.0,GC=F,NA,NA,USD
2026-08-10T03:04:00.000Z,4378.6000976562,4379.3999023438,4378.2001953125,4378.8999023438,37,0.0,0.0,GC=F,NA,NA,USD
2026-08-10T03:05:00.000Z,4378.8999023438,4379.0,4378.0,4378.0,29,0.0,0.0,GC=F,NA,NA,USD
2026-08-10T03:06:00.000Z,4378.0,4378.5,4377.7001953125,4377.8999023438,27,0.0,0.0,GC=F,NA,NA,USD
2026-08-10T03:07:00.000Z,4377.7998046875,4378.7001953125,4377.7001953125,4378.6000976562,12,0.0,0.0,GC=F,NA,NA,USD
2026-08-10T03:08:00.000Z,4378.8999023438,4379.2998046875,4378.3999023438,4378.5,24,0.0,0.0,GC=F,NA,NA,USD
2026-08-10T03:09:00.000Z,4378.2001953125,4378.5,4377.3999023438,4377.6000976562,29,0.0,0.0,GC=F,NA,NA,USD
2026-08-10T03:10:00.000Z,4377.7998046875,4379.7001953125,4377.7001953125,4379.7001953125,14,0.0,0.0,GC=F,NA,NA,USD
2026-08-10T03:11:00.000Z,4380.0,4380.0,4378.1000976562,4378.6000976562,20,0.0,0.0,GC=F,NA,NA,USD
2026-08-10T03:12:00.000Z,4378.5,4378.7001953125,4378.2001953125,4378.5,9,0.0,0.0,GC=F,NA,NA,USD
2026-08-10T03:13:00.000Z,4378.2001953125,4378.7998046875,4377.6000976562,4378.7998046875,22,0.0,0.0,GC=F,NA,NA,USD
2026-08-10T03:14:00.000Z,4378.8999023438,4380.2001953125,4378.2998046875,4379.8999023438,26,0.0,0.0,GC=F,NA,NA,USD
2026-08-10T03:15:00.000Z,4380.0,4381.3999023438,4379.7998046875,4380.3999023438,49,0.0,0.0,GC=F,NA,NA,USD
2026-08-10T03:16:00.000Z,4380.3999023438,4381.8999023438,4380.3999023438,4381.7998046875,34,0.0,0.0,GC=F,NA,NA,USD
2026-08-10T03:17:00.000Z,4381.8999023438,4382.3999023438,4381.5,4382.2998046875,26,0.0,0.0,GC=F,NA,NA,USD
2026-08-10T03:18:00.000Z,4381.8999023438,4382.0,4380.2001953125,4381.2998046875,170,0.0,0.0,GC=F,NA,NA,USD
2026-08-10T03:19:00.000Z,4382.2001953125,4384.2001953125,4382.2001953125,4384.2001953125,69,0.0,0.0,GC=F,NA,NA,USD
2026-08-10T03:20:00.000Z,4384.2001953125,4385.1000976562,4383.2998046875,4384.8999023438,47,0.0,0.0,GC=F,NA,NA,USD
2026-08-10T03:21:00.000Z,4384.5,4385.7998046875,4384.5,4385.7998046875,68,0.0,0.0,GC=F,NA,NA,USD
2026-08-10T03:22:00.000Z,4385.0,4385.2998046875,4384.5,4384.8999023438,16,0.0,0.0,GC=F,NA,NA,USD
2026-08-10T03:23:00.000Z,4384.8999023438,4385.2998046875,4383.7998046875,4385.2998046875,26,0.0,0.0,GC=F,NA,NA,USD
2026-08-10T03:24:00.000Z,4385.6000976562,4386.7001953125,4383.6000976562,4383.6000976562,50,0.0,0.0,GC=F,NA,NA,USD
2026-08-10T03:25:00.000Z,4383.7001953125,4385.2998046875,4383.7001953125,4384.7998046875,27,0.0,0.0,GC=F,NA,NA,USD
2026-08-10T03:26:00.000Z,4384.5,4384.7001953125,4384.2998046875,4384.3999023438,19,0.0,0.0,GC=F,NA,NA,USD
2026-08-10T03:27:00.000Z,4384.2998046875,4385.3999023438,4384.2001953125,4385.0,24,0.0,0.0,GC=F,NA,NA,USD
2026-08-10T03:28:00.000Z,4385.0,4388.2998046875,4385.0,4388.2001953125,113,0.0,0.0,GC=F,NA,NA,USD
2026-08-10T03:29:00.000Z,4387.7998046875,4388.1000976562,4386.2998046875,4387.8999023438,235,0.0,0.0,GC=F,NA,NA,USD
2026-08-10T03:30:00.000Z,4387.7001953125,4388.7998046875,4386.2001953125,4386.7998046875,71,0.0,0.0,GC=F,NA,NA,USD
2026-08-10T03:31:00.000Z,4386.5,4386.8999023438,4386.5,4386.8999023438,8,0.0,0.0,GC=F,NA,NA,USD
2026-08-10T03:32:00.000Z,4387.3999023438,4388.2001953125,4387.1000976562,4387.1000976562,10,0.0,0.0,GC=F,NA,NA,USD
2026-08-10T03:33:00.000Z,4387.3999023438,4388.3999023438,4387.3999023438,4388.2001953125,25,0.0,0.0,GC=F,NA,NA,USD
2026-08-10T03:34:00.000Z,4388.6000976562,4388.6000976562,4387.7998046875,4388.2998046875,26,0.0,0.0,GC=F,NA,NA,USD
2026-08-10T03:35:00.000Z,4388.5,4389.0,4387.7001953125,4388.6000976562,34,0.0,0.0,GC=F,NA,NA,USD
2026-08-10T03:36:00.000Z,4388.8999023438,4390.2998046875,4388.8999023438,4389.1000976562,84,0.0,0.0,GC=F,NA,NA,USD
2026-08-10T03:37:00.000Z,4389.0,4390.2001953125,4388.7001953125,4388.8999023438,40,0.0,0.0,GC=F,NA,NA,USD
2026-08-10T03:38:00.000Z,4388.6000976562,4388.8999023438,4386.5,4386.5,43,0.0,0.0,GC=F,NA,NA,USD
2026-08-10T03:39:00.000Z,4386.7998046875,4387.7001953125,4386.7998046875,4387.6000976562,21,0.0,0.0,GC=F,NA,NA,USD
2026-08-10T03:40:00.000Z,4387.2001953125,4387.2998046875,4385.7001953125,4385.7001953125,51,0.0,0.0,GC=F,NA,NA,USD
2026-08-10T03:41:00.000Z,4385.8999023438,4386.5,4385.3999023438,4385.5,58,0.0,0.0,GC=F,NA,NA,USD
2026-08-10T03:42:00.000Z,4386.0,4386.0,4385.6000976562,4386.0,7,0.0,0.0,GC=F,NA,NA,USD
2026-08-10T03:43:00.000Z,4385.7998046875,4386.3999023438,4385.7998046875,4385.8999023438,13,0.0,0.0,GC=F,NA,NA,USD
2026-08-10T03:44:00.000Z,4386.0,4386.2001953125,4385.5,4386.0,15,0.0,0.0,GC=F,NA,NA,USD
2026-08-10T03:45:00.000Z,4385.7998046875,4385.8999023438,4385.2998046875,4385.5,12,0.0,0.0,GC=F,NA,NA,USD
2026-08-10T03:46:00.000Z,4385.6000976562,4386.6000976562,4384.6000976562,4386.3999023438,59,0.0,0.0,GC=F,NA,NA,USD
2026-08-10T03:47:00.000Z,4386.2001953125,4387.8999023438,4386.0,4387.3999023438,34,0.0,0.0,GC=F,NA,NA,USD
2026-08-10T03:48:00.000Z,4387.0,4387.7998046875,4386.7998046875,4387.2998046875,24,0.0,0.0,GC=F,NA,NA,USD
2026-08-10T03:49:00.000Z,4387.5,4388.1000976562,4387.3999023438,4387.5,13,0.0,0.0,GC=F,NA,NA,USD
2026-08-10T03:50:00.000Z,4387.6000976562,4388.2998046875,4387.5,4388.2998046875,19,0.0,0.0,GC=F,NA,NA,USD
2026-08-10T03:51:00.000Z,4388.2998046875,4388.2998046875,4387.0,4387.8999023438,21,0.0,0.0,GC=F,NA,NA,USD
2026-08-10T03:52:00.000Z,4387.6000976562,4388.3999023438,4387.5,4387.8999023438,11,0.0,0.0,GC=F,NA,NA,USD
2026-08-10T03:53:00.000Z,4387.7998046875,4388.5,4387.2998046875,4388.5,24,0.0,0.0,GC=F,NA,NA,USD
2026-08-10T03:54:00.000Z,4388.5,4388.6000976562,4387.8999023438,4388.0,9,0.0,0.0,GC=F,NA,NA,USD
2026-08-10T03:55:00.000Z,4388.1000976562,4388.1000976562,4387.7001953125,4387.7001953125,4,0.0,0.0,GC=F,NA,NA,USD
2026-08-10T03:56:00.000Z,4387.7998046875,4388.5,4387.0,4387.0,28,0.0,0.0,GC=F,NA,NA,USD
2026-08-10T03:57:00.000Z,4386.8999023438,4387.7001953125,4386.8999023438,4387.7001953125,7,0.0,0.0,GC=F,NA,NA,USD
2026-08-10T03:58:00.000Z,4387.3999023438,4388.2998046875,4387.1000976562,4387.7998046875,30,0.0,0.0,GC=F,NA,NA,USD
2026-08-10T04:00:00.000Z,4387.7001953125,4389.0,4387.2001953125,4388.1000976562,18,0.0,0.0,GC=F,NA,NA,USD
2026-08-10T04:01:00.000Z,4387.5,4387.7001953125,4386.2001953125,4386.5,21,0.0,0.0,GC=F,NA,NA,USD
2026-08-10T04:02:00.000Z,4386.3999023438,4386.3999023438,4385.0,4385.2998046875,51,0.0,0.0,GC=F,NA,NA,USD
2026-08-10T04:03:00.000Z,4385.5,4385.7998046875,4383.6000976562,4385.2001953125,80,0.0,0.0,GC=F,NA,NA,USD
2026-08-10T04:04:00.000Z,4385.3999023438,4386.3999023438,4384.7001953125,4386.3999023438,78,0.0,0.0,GC=F,NA,NA,USD
2026-08-10T04:05:00.000Z,4386.7001953125,4387.2001953125,4385.5,4385.6000976562,43,0.0,0.0,GC=F,NA,NA,USD
2026-08-10T04:06:00.000Z,4385.5,4386.3999023438,4384.6000976562,4385.5,53,0.0,0.0,GC=F,NA,NA,USD
2026-08-10T04:07:00.000Z,4385.5,4385.6000976562,4384.0,4385.1000976562,194,0.0,0.0,GC=F,NA,NA,USD
2026-08-10T04:08:00.000Z,4384.8999023438,4387.2001953125,4383.7998046875,4387.0,104,0.0,0.0,GC=F,NA,NA,USD
2026-08-10T04:09:00.000Z,4386.7001953125,4387.7998046875,4386.6000976562,4387.5,23,0.0,0.0,GC=F,NA,NA,USD
2026-08-10T04:10:00.000Z,4387.8999023438,4389.7998046875,4387.8999023438,4389.7998046875,62,0.0,0.0,GC=F,NA,NA,USD
2026-08-10T04:11:00.000Z,4389.7998046875,4391.2001953125,4389.7001953125,4390.1000976562,73,0.0,0.0,GC=F,NA,NA,USD
2026-08-10T04:12:00.000Z,4391.2998046875,4392.3999023438,4390.7001953125,4390.7001953125,88,0.0,0.0,GC=F,NA,NA,USD
2026-08-10T04:13:00.000Z,4391.2998046875,4392.6000976562,4391.2998046875,4391.6000976562,46,0.0,0.0,GC=F,NA,NA,USD
2026-08-10T04:14:00.000Z,4391.7998046875,4393.2001953125,4391.6000976562,4392.6000976562,75,0.0,0.0,GC=F,NA,NA,USD
2026-08-10T04:15:00.000Z,4392.7998046875,4394.1000976562,4391.7001953125,4393.7998046875,261,0.0,0.0,GC=F,NA,NA,USD
2026-08-10T04:16:00.000Z,4393.3999023438,4393.7998046875,4391.3999023438,4391.6000976562,82,0.0,0.0,GC=F,NA,NA,USD
2026-08-10T04:17:00.000Z,4391.2998046875,4391.7001953125,4391.2998046875,4391.7001953125,9,0.0,0.0,GC=F,NA,NA,USD
2026-08-10T04:18:00.000Z,4391.2998046875,4392.2998046875,4391.2998046875,4392.2998046875,11,0.0,0.0,GC=F,NA,NA,USD
2026-08-10T04:19:00.000Z,4392.7001953125,4394.2998046875,4392.7001953125,4394.2998046875,36,0.0,0.0,GC=F,NA,NA,USD
2026-08-10T04:20:00.000Z,4394.0,4395.2998046875,4393.5,4395.2001953125,42,0.0,0.0,GC=F,NA,NA,USD
2026-08-10T04:21:00.000Z,4395.3999023438,4397.6000976562,4395.3999023438,4396.8999023438,82,0.0,0.0,GC=F,NA,NA,USD
2026-08-10T04:22:00.000Z,4396.7998046875,4397.7998046875,4396.7001953125,4397.7001953125,44,0.0,0.0,GC=F,NA,NA,USD
2026-08-10T04:23:00.000Z,4397.2998046875,4397.2998046875,4395.8999023438,4396.3999023438,38,0.0,0.0,GC=F,NA,NA,USD
2026-08-10T04:24:00.000Z,4396.7998046875,4397.1000976562,4396.5,4397.1000976562,17,0.0,0.0,GC=F,NA,NA,USD
2026-08-10T04:25:00.000Z,4397.2001953125,4397.2998046875,4395.7001953125,4397.1000976562,62,0.0,0.0,GC=F,NA,NA,USD
2026-08-10T04:26:00.000Z,4396.7998046875,4397.6000976562,4395.7998046875,4395.8999023438,43,0.0,0.0,GC=F,NA,NA,USD
2026-08-10T04:27:00.000Z,4396.0,4396.3999023438,4395.0,4395.0,18,0.0,0.0,GC=F,NA,NA,USD
2026-08-10T04:28:00.000Z,4395.2001953125,4395.2001953125,4394.2998046875,4394.6000976562,20,0.0,0.0,GC=F,NA,NA,USD
2026-08-10T04:29:00.000Z,4394.7001953125,4394.7001953125,4394.2998046875,4394.5,9,0.0,0.0,GC=F,NA,NA,USD
2026-08-10T04:30:00.000Z,4394.8999023438,4394.8999023438,4393.6000976562,4393.6000976562,17,0.0,0.0,GC=F,NA,NA,USD
2026-08-10T04:31:00.000Z,4393.6000976562,4394.2998046875,4393.6000976562,4394.2998046875,8,0.0,0.0,GC=F,NA,NA,USD
2026-08-10T04:32:00.000Z,4394.1000976562,4394.2998046875,4393.2998046875,4394.0,23,0.0,0.0,GC=F,NA,NA,USD
2026-08-10T04:33:00.000Z,4393.8999023438,4394.7001953125,4393.3999023438,4394.2001953125,13,0.0,0.0,GC=F,NA,NA,USD
2026-08-10T04:34:00.000Z,4394.7998046875,4396.2998046875,4394.2998046875,4394.7998046875,87,0.0,0.0,GC=F,NA,NA,USD
2026-08-10T04:35:00.000Z,4394.7998046875,4395.8999023438,4394.7998046875,4395.7998046875,24,0.0,0.0,GC=F,NA,NA,USD
2026-08-10T04:36:00.000Z,4394.8999023438,4395.3999023438,4394.5,4394.5,7,0.0,0.0,GC=F,NA,NA,USD
2026-08-10T04:37:00.000Z,4394.3999023438,4396.6000976562,4394.1000976562,4395.7998046875,52,0.0,0.0,GC=F,NA,NA,USD
2026-08-10T04:38:00.000Z,4395.8999023438,4396.2001953125,4395.3999023438,4395.5,15,0.0,0.0,GC=F,NA,NA,USD
2026-08-10T04:39:00.000Z,4395.2998046875,4395.2998046875,4393.7998046875,4393.7998046875,30,0.0,0.0,GC=F,NA,NA,USD
2026-08-10T04:40:00.000Z,4393.8999023438,4393.8999023438,4390.2998046875,4390.3999023438,78,0.0,0.0,GC=F,NA,NA,USD
2026-08-10T04:41:00.000Z,4390.7001953125,4392.0,4389.7998046875,4389.7998046875,49,0.0,0.0,GC=F,NA,NA,USD
2026-08-10T04:42:00.000Z,4390.0,4391.0,4389.8999023438,4390.0,34,0.0,0.0,GC=F,NA,NA,USD
2026-08-10T04:43:00.000Z,4390.2001953125,4391.5,4390.2001953125,4391.5,11,0.0,0.0,GC=F,NA,NA,USD
2026-08-10T04:44:00.000Z,4391.3999023438,4392.1000976562,4391.1000976562,4392.1000976562,135,0.0,0.0,GC=F,NA,NA,USD
2026-08-10T04:45:00.000Z,4392.1000976562,4393.2001953125,4391.5,4392.0,138,0.0,0.0,GC=F,NA,NA,USD
2026-08-10T04:46:00.000Z,4392.2998046875,4394.2001953125,4391.2001953125,4393.5,191,0.0,0.0,GC=F,NA,NA,USD
2026-08-10T04:47:00.000Z,4393.6000976562,4395.0,4393.6000976562,4394.7998046875,41,0.0,0.0,GC=F,NA,NA,USD
2026-08-10T04:48:00.000Z,4394.7001953125,4394.7001953125,4393.5,4393.7998046875,25,0.0,0.0,GC=F,NA,NA,USD
2026-08-10T04:49:00.000Z,4394.0,4394.0,4393.1000976562,4393.3999023438,30,0.0,0.0,GC=F,NA,NA,USD
2026-08-10T04:50:00.000Z,4393.8999023438,4393.8999023438,4393.0,4393.6000976562,20,0.0,0.0,GC=F,NA,NA,USD
2026-08-10T04:51:00.000Z,4393.7998046875,4394.0,4393.1000976562,4393.7998046875,18,0.0,0.0,GC=F,NA,NA,USD
2026-08-10T04:52:00.000Z,4393.5,4393.7001953125,4393.2001953125,4393.5,19,0.0,0.0,GC=F,NA,NA,USD
2026-08-10T04:53:00.000Z,4393.7998046875,4395.7001953125,4393.7998046875,4395.7001953125,56,0.0,0.0,GC=F,NA,NA,USD
2026-08-10T04:54:00.000Z,4395.7001953125,4396.8999023438,4395.7001953125,4396.0,37,0.0,0.0,GC=F,NA,NA,USD
2026-08-10T04:55:00.000Z,4395.5,4396.8999023438,4395.2001953125,4396.7998046875,48,0.0,0.0,GC=F,NA,NA,USD
2026-08-10T04:56:00.000Z,4396.7001953125,4397.8999023438,4396.3999023438,4397.8999023438,49,0.0,0.0,GC=F,NA,NA,USD
2026-08-10T04:57:00.000Z,4397.7001953125,4398.2001953125,4396.5,4396.8999023438,61,0.0,0.0,GC=F,NA,NA,USD
2026-08-10T04:58:00.000Z,4396.5,4398.8999023438,4396.2998046875,4398.0,62,0.0,0.0,GC=F,NA,NA,USD
2026-08-10T04:59:00.000Z,4397.7998046875,4399.7998046875,4397.7998046875,4399.5,206,0.0,0.0,GC=F,NA,NA,USD
2026-08-10T05:00:00.000Z,4399.1000976562,4399.7001953125,4395.3999023438,4395.8999023438,167,0.0,0.0,GC=F,NA,NA,USD
2026-08-10T05:01:00.000Z,4395.7998046875,4397.6000976562,4395.7998046875,4396.7998046875,117,0.0,0.0,GC=F,NA,NA,USD
2026-08-10T05:02:00.000Z,4396.7998046875,4396.7998046875,4395.0,4395.7001953125,45,0.0,0.0,GC=F,NA,NA,USD
2026-08-10T05:03:00.000Z,4395.6000976562,4397.1000976562,4395.6000976562,4397.0,26,0.0,0.0,GC=F,NA,NA,USD
2026-08-10T05:04:00.000Z,4397.1000976562,4397.3999023438,4396.6000976562,4396.8999023438,16,0.0,0.0,GC=F,NA,NA,USD
2026-08-10T05:05:00.000Z,4397.2001953125,4398.3999023438,4396.8999023438,4398.1000976562,57,0.0,0.0,GC=F,NA,NA,USD
2026-08-10T05:06:00.000Z,4398.0,4398.8999023438,4398.0,4398.8999023438,18,0.0,0.0,GC=F,NA,NA,USD
2026-08-10T05:07:00.000Z,4398.7001953125,4398.7001953125,4397.1000976562,4397.1000976562,18,0.0,0.0,GC=F,NA,NA,USD
2026-08-10T05:08:00.000Z,4397.1000976562,4397.1000976562,4396.3999023438,4396.6000976562,33,0.0,0.0,GC=F,NA,NA,USD
2026-08-10T05:09:00.000Z,4396.5,4397.2001953125,4396.2998046875,4396.2998046875,20,0.0,0.0,GC=F,NA,NA,USD
2026-08-10T05:10:00.000Z,4396.3999023438,4396.3999023438,4395.8999023438,4396.1000976562,11,0.0,0.0,GC=F,NA,NA,USD
2026-08-10T05:11:00.000Z,4396.2998046875,4396.3999023438,4395.2998046875,4395.7001953125,30,0.0,0.0,GC=F,NA,NA,USD
2026-08-10T05:12:00.000Z,4395.3999023438,4395.3999023438,4393.2001953125,4394.7998046875,186,0.0,0.0,GC=F,NA,NA,USD
2026-08-10T05:13:00.000Z,4395.0,4395.2998046875,4393.7001953125,4394.2998046875,81,0.0,0.0,GC=F,NA,NA,USD
2026-08-10T05:14:00.000Z,4394.5,4394.7001953125,4393.8999023438,4394.7001953125,13,0.0,0.0,GC=F,NA,NA,USD
2026-08-10T05:15:00.000Z,4395.1000976562,4395.7998046875,4395.1000976562,4395.7001953125,20,0.0,0.0,GC=F,NA,NA,USD
2026-08-10T05:16:00.000Z,4395.8999023438,4395.8999023438,4393.5,4393.8999023438,84,0.0,0.0,GC=F,NA,NA,USD
2026-08-10T05:17:00.000Z,4393.8999023438,4394.2001953125,4393.7001953125,4394.2001953125,17,0.0,0.0,GC=F,NA,NA,USD
2026-08-10T05:18:00.000Z,4394.0,4394.0,4392.6000976562,4392.7001953125,41,0.0,0.0,GC=F,NA,NA,USD
2026-08-10T05:19:00.000Z,4393.1000976562,4393.2998046875,4392.8999023438,4392.8999023438,9,0.0,0.0,GC=F,NA,NA,USD
2026-08-10T05:20:00.000Z,4393.1000976562,4395.0,4393.1000976562,4394.8999023438,54,0.0,0.0,GC=F,NA,NA,USD
2026-08-10T05:21:00.000Z,4395.0,4395.0,4394.5,4394.5,21,0.0,0.0,GC=F,NA,NA,USD
2026-08-10T05:22:00.000Z,4394.3999023438,4394.7998046875,4394.3999023438,4394.7998046875,3,0.0,0.0,GC=F,NA,NA,USD
2026-08-10T05:23:00.000Z,4395.1000976562,4396.0,4395.1000976562,4395.6000976562,13,0.0,0.0,GC=F,NA,NA,USD
2026-08-10T05:24:00.000Z,4395.2998046875,4395.6000976562,4394.6000976562,4394.6000976562,21,0.0,0.0,GC=F,NA,NA,USD
2026-08-10T05:25:00.000Z,4394.7001953125,4394.8999023438,4394.2998046875,4394.6000976562,20,0.0,0.0,GC=F,NA,NA,USD
2026-08-10T05:26:00.000Z,4394.5,4394.5,4393.2998046875,4393.8999023438,40,0.0,0.0,GC=F,NA,NA,USD
2026-08-10T05:27:00.000Z,4393.8999023438,4394.2001953125,4393.1000976562,4393.8999023438,33,0.0,0.0,GC=F,NA,NA,USD
2026-08-10T05:28:00.000Z,4393.7998046875,4394.2998046875,4393.6000976562,4394.2998046875,8,0.0,0.0,GC=F,NA,NA,USD
2026-08-10T05:29:00.000Z,4394.0,4394.0,4393.5,4393.7001953125,12,0.0,0.0,GC=F,NA,NA,USD
2026-08-10T05:30:00.000Z,4393.5,4397.8999023438,4392.7001953125,4393.7001953125,190,0.0,0.0,GC=F,NA,NA,USD
2026-08-10T05:31:00.000Z,4394.2001953125,4396.6000976562,4391.5,4396.1000976562,112,0.0,0.0,GC=F,NA,NA,USD
2026-08-10T05:32:00.000Z,4396.2998046875,4397.3999023438,4394.7998046875,4395.7998046875,98,0.0,0.0,GC=F,NA,NA,USD
2026-08-10T05:33:00.000Z,4396.0,4399.0,4395.7001953125,4399.0,61,0.0,0.0,GC=F,NA,NA,USD
2026-08-10T05:34:00.000Z,4399.0,4401.2998046875,4398.5,4400.5,167,0.0,0.0,GC=F,NA,NA,USD
2026-08-10T05:35:00.000Z,4400.8999023438,4402.2001953125,4399.0,4399.2001953125,127,0.0,0.0,GC=F,NA,NA,USD
2026-08-10T05:36:00.000Z,4399.3999023438,4400.8999023438,4399.0,4400.2001953125,134,0.0,0.0,GC=F,NA,NA,USD
2026-08-10T05:37:00.000Z,4400.1000976562,4401.1000976562,4399.1000976562,4400.3999023438,124,0.0,0.0,GC=F,NA,NA,USD
2026-08-10T05:38:00.000Z,4400.2001953125,4400.2001953125,4398.7998046875,4399.7001953125,82,0.0,0.0,GC=F,NA,NA,USD
2026-08-10T05:39:00.000Z,4400.0,4402.2001953125,4400.0,4401.5,92,0.0,0.0,GC=F,NA,NA,USD
2026-08-10T05:40:00.000Z,4401.8999023438,4404.3999023438,4401.6000976562,4403.8999023438,228,0.0,0.0,GC=F,NA,NA,USD
2026-08-10T05:41:00.000Z,4403.8999023438,4404.1000976562,4402.5,4402.6000976562,52,0.0,0.0,GC=F,NA,NA,USD
2026-08-10T05:42:00.000Z,4402.8999023438,4403.6000976562,4402.6000976562,4402.8999023438,54,0.0,0.0,GC=F,NA,NA,USD
2026-08-10T05:43:00.000Z,4403.1000976562,4403.2998046875,4399.1000976562,4401.6000976562,100,0.0,0.0,GC=F,NA,NA,USD
2026-08-10T05:44:00.000Z,4401.5,4404.0,4401.2001953125,4403.8999023438,41,0.0,0.0,GC=F,NA,NA,USD
2026-08-10T05:45:00.000Z,4403.5,4403.7001953125,4400.7998046875,4401.6000976562,32,0.0,0.0,GC=F,NA,NA,USD
2026-08-10T05:46:00.000Z,4401.3999023438,4401.8999023438,4401.3999023438,4401.8999023438,23,0.0,0.0,GC=F,NA,NA,USD
2026-08-10T05:47:00.000Z,4402.2001953125,4405.6000976562,4402.2001953125,4405.3999023438,324,0.0,0.0,GC=F,NA,NA,USD
2026-08-10T05:48:00.000Z,4404.8999023438,4406.7998046875,4404.7998046875,4406.3999023438,104,0.0,0.0,GC=F,NA,NA,USD
2026-08-10T05:49:00.000Z,4406.0,4407.2998046875,4406.0,4406.1000976562,72,0.0,0.0,GC=F,NA,NA,USD
2026-08-10T05:50:00.000Z,4406.0,4408.0,4405.3999023438,4408.0,49,0.0,0.0,GC=F,NA,NA,USD
2026-08-10T05:51:00.000Z,4408.0,4412.5,4407.6000976562,4411.5,373,0.0,0.0,GC=F,NA,NA,USD
2026-08-10T05:52:00.000Z,4411.1000976562,4411.8999023438,4409.7998046875,4411.2001953125,90,0.0,0.0,GC=F,NA,NA,USD
2026-08-10T05:53:00.000Z,4411.3999023438,4412.0,4410.0,4410.6000976562,78,0.0,0.0,GC=F,NA,NA,USD
2026-08-10T05:54:00.000Z,4410.7998046875,4410.7998046875,4408.3999023438,4408.7001953125,56,0.0,0.0,GC=F,NA,NA,USD
2026-08-10T05:55:00.000Z,4408.7001953125,4409.1000976562,4405.0,4406.0,56,0.0,0.0,GC=F,NA,NA,USD
2026-08-10T05:56:00.000Z,4406.1000976562,4408.7998046875,4405.2001953125,4408.6000976562,80,0.0,0.0,GC=F,NA,NA,USD
2026-08-10T05:57:00.000Z,4408.7998046875,4409.2001953125,4408.2001953125,4408.5,43,0.0,0.0,GC=F,NA,NA,USD
2026-08-10T05:58:00.000Z,4408.2998046875,4409.3999023438,4407.8999023438,4408.1000976562,40,0.0,0.0,GC=F,NA,NA,USD
2026-08-10T05:59:00.000Z,4408.3999023438,4408.3999023438,4407.0,4407.0,65,0.0,0.0,GC=F,NA,NA,USD
2026-08-10T06:00:00.000Z,4407.2998046875,4407.5,4405.1000976562,4405.7001953125,126,0.0,0.0,GC=F,NA,NA,USD
2026-08-10T06:01:00.000Z,4405.7001953125,4406.2001953125,4404.2001953125,4405.2998046875,81,0.0,0.0,GC=F,NA,NA,USD
2026-08-10T06:02:00.000Z,4405.1000976562,4405.6000976562,4404.5,4405.0,45,0.0,0.0,GC=F,NA,NA,USD
2026-08-10T06:03:00.000Z,4404.8999023438,4405.8999023438,4403.7998046875,4405.8999023438,66,0.0,0.0,GC=F,NA,NA,USD
2026-08-10T06:04:00.000Z,4405.8999023438,4406.1000976562,4401.5,4402.2998046875,122,0.0,0.0,GC=F,NA,NA,USD
2026-08-10T06:05:00.000Z,4402.3999023438,4404.3999023438,4401.8999023438,4404.3999023438,97,0.0,0.0,GC=F,NA,NA,USD
2026-08-10T06:06:00.000Z,4404.0,4405.5,4403.6000976562,4405.2998046875,56,0.0,0.0,GC=F,NA,NA,USD
2026-08-10T06:07:00.000Z,4404.7998046875,4405.0,4403.8999023438,4403.8999023438,41,0.0,0.0,GC=F,NA,NA,USD
2026-08-10T06:08:00.000Z,4403.7001953125,4405.0,4403.3999023438,4404.7998046875,22,0.0,0.0,GC=F,NA,NA,USD
2026-08-10T06:09:00.000Z,4404.7998046875,4406.2998046875,4404.7998046875,4405.7001953125,38,0.0,0.0,GC=F,NA,NA,USD
2026-08-10T06:10:00.000Z,4405.7001953125,4407.8999023438,4405.7001953125,4407.6000976562,56,0.0,0.0,GC=F,NA,NA,USD
2026-08-10T06:11:00.000Z,4407.2998046875,4408.2998046875,4406.3999023438,4408.2998046875,29,0.0,0.0,GC=F,NA,NA,USD
2026-08-10T06:12:00.000Z,4408.3999023438,4409.5,4408.0,4409.2998046875,66,0.0,0.0,GC=F,NA,NA,USD
2026-08-10T06:13:00.000Z,4409.5,4409.8999023438,4408.7998046875,4408.8999023438,24,0.0,0.0,GC=F,NA,NA,USD
2026-08-10T06:14:00.000Z,4408.6000976562,4408.6000976562,4406.8999023438,4407.0,49,0.0,0.0,GC=F,NA,NA,USD
2026-08-10T06:15:00.000Z,4407.2001953125,4408.0,4406.6000976562,4407.6000976562,67,0.0,0.0,GC=F,NA,NA,USD
2026-08-10T06:16:00.000Z,4408.2998046875,4409.6000976562,4408.0,4408.5,53,0.0,0.0,GC=F,NA,NA,USD
2026-08-10T06:17:00.000Z,4408.5,4409.0,4405.7998046875,4406.7001953125,55,0.0,0.0,GC=F,NA,NA,USD
2026-08-10T06:18:00.000Z,4406.2998046875,4406.2998046875,4404.1000976562,4404.1000976562,46,0.0,0.0,GC=F,NA,NA,USD
2026-08-10T06:19:00.000Z,4403.8999023438,4404.0,4402.5,4402.7998046875,85,0.0,0.0,GC=F,NA,NA,USD
2026-08-10T06:20:00.000Z,4402.6000976562,4404.1000976562,4402.3999023438,4403.7001953125,28,0.0,0.0,GC=F,NA,NA,USD
2026-08-10T06:21:00.000Z,4402.6000976562,4404.1000976562,4402.2998046875,4404.1000976562,32,0.0,0.0,GC=F,NA,NA,USD
2026-08-10T06:22:00.000Z,4403.2998046875,4404.5,4403.2001953125,4404.0,61,0.0,0.0,GC=F,NA,NA,USD
2026-08-10T06:23:00.000Z,4403.7998046875,4404.8999023438,4403.6000976562,4404.8999023438,91,0.0,0.0,GC=F,NA,NA,USD
2026-08-10T06:24:00.000Z,4404.7001953125,4405.1000976562,4403.0,4405.1000976562,106,0.0,0.0,GC=F,NA,NA,USD
2026-08-10T06:25:00.000Z,4404.7998046875,4404.7998046875,4404.0,4404.2998046875,15,0.0,0.0,GC=F,NA,NA,USD
2026-08-10T06:26:00.000Z,4404.3999023438,4404.3999023438,4403.3999023438,4403.3999023438,28,0.0,0.0,GC=F,NA,NA,USD
2026-08-10T06:27:00.000Z,4403.6000976562,4405.5,4403.6000976562,4404.8999023438,43,0.0,0.0,GC=F,NA,NA,USD
2026-08-10T06:28:00.000Z,4405.0,4407.0,4404.7998046875,4406.7998046875,89,0.0,0.0,GC=F,NA,NA,USD
2026-08-10T06:29:00.000Z,4406.7001953125,4407.7998046875,4406.2001953125,4407.7001953125,55,0.0,0.0,GC=F,NA,NA,USD
2026-08-10T06:30:00.000Z,4407.6000976562,4408.6000976562,4406.7001953125,4406.7001953125,64,0.0,0.0,GC=F,NA,NA,USD
2026-08-10T06:31:00.000Z,4406.8999023438,4407.3999023438,4406.1000976562,4407.3999023438,39,0.0,0.0,GC=F,NA,NA,USD
2026-08-10T06:32:00.000Z,4407.2998046875,4407.5,4406.3999023438,4407.0,43,0.0,0.0,GC=F,NA,NA,USD
2026-08-10T06:33:00.000Z,4407.2001953125,4408.8999023438,4407.1000976562,4407.8999023438,191,0.0,0.0,GC=F,NA,NA,USD
2026-08-10T06:34:00.000Z,4407.6000976562,4407.6000976562,4406.6000976562,4407.3999023438,24,0.0,0.0,GC=F,NA,NA,USD
2026-08-10T06:35:00.000Z,4407.2001953125,4407.6000976562,4406.5,4406.8999023438,33,0.0,0.0,GC=F,NA,NA,USD
2026-08-10T06:36:00.000Z,4406.7001953125,4406.8999023438,4405.2998046875,4406.2998046875,101,0.0,0.0,GC=F,NA,NA,USD
2026-08-10T06:37:00.000Z,4406.7998046875,4407.2998046875,4406.0,4406.7998046875,39,0.0,0.0,GC=F,NA,NA,USD
2026-08-10T06:38:00.000Z,4407.2998046875,4409.3999023438,4406.2001953125,4406.2001953125,352,0.0,0.0,GC=F,NA,NA,USD
2026-08-10T06:39:00.000Z,4406.2001953125,4408.6000976562,4405.3999023438,4408.2001953125,116,0.0,0.0,GC=F,NA,NA,USD
2026-08-10T06:40:00.000Z,4408.2998046875,4408.6000976562,4406.6000976562,4406.6000976562,44,0.0,0.0,GC=F,NA,NA,USD
2026-08-10T06:41:00.000Z,4406.8999023438,4408.3999023438,4406.5,4407.5,42,0.0,0.0,GC=F,NA,NA,USD
2026-08-10T06:42:00.000Z,4407.3999023438,4409.2001953125,4407.3999023438,4408.5,219,0.0,0.0,GC=F,NA,NA,USD
2026-08-10T06:43:00.000Z,4408.6000976562,4415.2001953125,4408.2998046875,4413.7998046875,379,0.0,0.0,GC=F,NA,NA,USD
2026-08-10T06:44:00.000Z,4413.5,4414.8999023438,4413.2001953125,4414.6000976562,61,0.0,0.0,GC=F,NA,NA,USD
2026-08-10T06:45:00.000Z,4415.0,4415.7001953125,4414.8999023438,4415.7001953125,57,0.0,0.0,GC=F,NA,NA,USD
2026-08-10T06:46:00.000Z,4415.3999023438,4417.0,4414.6000976562,4417.0,120,0.0,0.0,GC=F,NA,NA,USD
2026-08-10T06:47:00.000Z,4417.0,4418.0,4415.5,4416.3999023438,147,0.0,0.0,GC=F,NA,NA,USD
2026-08-10T06:48:00.000Z,4416.5,4417.8999023438,4416.5,4417.3999023438,47,0.0,0.0,GC=F,NA,NA,USD
2026-08-10T06:49:00.000Z,4417.2998046875,4417.5,4416.1000976562,4416.2001953125,50,0.0,0.0,GC=F,NA,NA,USD
2026-08-10T06:50:00.000Z,4416.1000976562,4416.6000976562,4415.3999023438,4415.8999023438,29,0.0,0.0,GC=F,NA,NA,USD
2026-08-10T06:51:00.000Z,4415.6000976562,4416.0,4415.1000976562,4416.0,29,0.0,0.0,GC=F,NA,NA,USD
2026-08-10T06:52:00.000Z,4416.5,4416.7998046875,4415.3999023438,4415.7998046875,20,0.0,0.0,GC=F,NA,NA,USD
2026-08-10T06:53:00.000Z,4416.0,4416.3999023438,4415.2001953125,4415.7001953125,19,0.0,0.0,GC=F,NA,NA,USD
2026-08-10T06:54:00.000Z,4415.3999023438,4416.8999023438,4415.2001953125,4416.8999023438,19,0.0,0.0,GC=F,NA,NA,USD
2026-08-10T06:55:00.000Z,4416.7001953125,4418.0,4416.5,4416.7001953125,57,0.0,0.0,GC=F,NA,NA,USD
2026-08-10T06:56:00.000Z,4416.6000976562,4418.0,4416.1000976562,4418.0,120,0.0,0.0,GC=F,NA,NA,USD
2026-08-10T06:57:00.000Z,4417.7001953125,4419.1000976562,4417.7001953125,4418.6000976562,139,0.0,0.0,GC=F,NA,NA,USD
2026-08-10T06:58:00.000Z,4418.7001953125,4419.5,4418.1000976562,4418.7001953125,36,0.0,0.0,GC=F,NA,NA,USD
2026-08-10T06:59:00.000Z,4418.3999023438,4418.5,4417.3999023438,4417.7998046875,44,0.0,0.0,GC=F,NA,NA,USD
2026-08-10T07:00:00.000Z,4417.7998046875,4418.3999023438,4415.7001953125,4416.5,116,0.0,0.0,GC=F,NA,NA,USD
2026-08-10T07:01:00.000Z,4416.7001953125,4416.7001953125,4413.7001953125,4413.8999023438,81,0.0,0.0,GC=F,NA,NA,USD
2026-08-10T07:02:00.000Z,4413.5,4414.3999023438,4413.1000976562,4414.3999023438,38,0.0,0.0,GC=F,NA,NA,USD
2026-08-10T07:03:00.000Z,4414.2001953125,4415.3999023438,4413.7001953125,4414.1000976562,97,0.0,0.0,GC=F,NA,NA,USD
2026-08-10T07:04:00.000Z,4414.2998046875,4414.6000976562,4414.1000976562,4414.2001953125,60,0.0,0.0,GC=F,NA,NA,USD
2026-08-10T07:05:00.000Z,4414.0,4415.3999023438,4414.0,4414.3999023438,54,0.0,0.0,GC=F,NA,NA,USD
2026-08-10T07:06:00.000Z,4414.2998046875,4416.7001953125,4414.0,4414.7001953125,190,0.0,0.0,GC=F,NA,NA,USD
2026-08-10T07:07:00.000Z,4414.7001953125,4414.8999023438,4414.2998046875,4414.2998046875,17,0.0,0.0,GC=F,NA,NA,USD
2026-08-10T07:08:00.000Z,4414.7998046875,4415.2998046875,4414.5,4415.2001953125,20,0.0,0.0,GC=F,NA,NA,USD
2026-08-10T07:09:00.000Z,4415.2001953125,4415.2001953125,4413.5,4413.5,32,0.0,0.0,GC=F,NA,NA,USD
2026-08-10T07:10:00.000Z,4413.0,4414.0,4412.7001953125,4413.1000976562,25,0.0,0.0,GC=F,NA,NA,USD
2026-08-10T07:11:00.000Z,4412.8999023438,4413.5,4412.0,4412.8999023438,59,0.0,0.0,GC=F,NA,NA,USD
2026-08-10T07:12:00.000Z,4412.3999023438,4412.8999023438,4411.5,4411.7001953125,92,0.0,0.0,GC=F,NA,NA,USD
2026-08-10T07:13:00.000Z,4411.7001953125,4412.5,4409.6000976562,4409.8999023438,194,0.0,0.0,GC=F,NA,NA,USD
2026-08-10T07:14:00.000Z,4409.8999023438,4410.8999023438,4409.3999023438,4410.2998046875,190,0.0,0.0,GC=F,NA,NA,USD
2026-08-10T07:15:00.000Z,4410.5,4410.8999023438,4410.0,4410.2998046875,77,0.0,0.0,GC=F,NA,NA,USD
2026-08-10T07:16:00.000Z,4410.2001953125,4412.2998046875,4409.7001953125,4411.5,305,0.0,0.0,GC=F,NA,NA,USD
2026-08-10T07:17:00.000Z,4411.7001953125,4415.6000976562,4411.5,4415.3999023438,106,0.0,0.0,GC=F,NA,NA,USD
2026-08-10T07:18:00.000Z,4415.2998046875,4416.2998046875,4414.8999023438,4415.6000976562,87,0.0,0.0,GC=F,NA,NA,USD
2026-08-10T07:19:00.000Z,4415.2998046875,4415.2998046875,4413.3999023438,4413.6000976562,34,0.0,0.0,GC=F,NA,NA,USD
2026-08-10T07:20:00.000Z,4414.0,4414.0,4412.5,4412.7001953125,50,0.0,0.0,GC=F,NA,NA,USD
2026-08-10T07:21:00.000Z,4412.6000976562,4412.7001953125,4411.5,4412.3999023438,52,0.0,0.0,GC=F,NA,NA,USD
2026-08-10T07:22:00.000Z,4413.8999023438,4414.3999023438,4413.6000976562,4414.0,83,0.0,0.0,GC=F,NA,NA,USD
2026-08-10T07:23:00.000Z,4414.0,4416.1000976562,4413.6000976562,4415.8999023438,58,0.0,0.0,GC=F,NA,NA,USD
2026-08-10T07:24:00.000Z,4415.7001953125,4418.5,4415.6000976562,4417.3999023438,92,0.0,0.0,GC=F,NA,NA,USD
2026-08-10T07:25:00.000Z,4417.5,4418.2998046875,4417.0,4417.1000976562,85,0.0,0.0,GC=F,NA,NA,USD
2026-08-10T07:26:00.000Z,4417.1000976562,4417.3999023438,4413.2001953125,4413.2001953125,84,0.0,0.0,GC=F,NA,NA,USD
2026-08-10T07:27:00.000Z,4413.0,4413.5,4411.7998046875,4411.7998046875,68,0.0,0.0,GC=F,NA,NA,USD
2026-08-10T07:28:00.000Z,4412.0,4414.2001953125,4412.0,4413.7998046875,61,0.0,0.0,GC=F,NA,NA,USD
2026-08-10T07:29:00.000Z,4413.7001953125,4414.8999023438,4412.7001953125,4414.5,121,0.0,0.0,GC=F,NA,NA,USD
2026-08-10T07:30:00.000Z,4414.2998046875,4414.3999023438,4412.5,4413.6000976562,72,0.0,0.0,GC=F,NA,NA,USD
2026-08-10T07:31:00.000Z,4413.2001953125,4413.2001953125,4412.0,4413.1000976562,21,0.0,0.0,GC=F,NA,NA,USD
2026-08-10T07:32:00.000Z,4413.1000976562,4413.2998046875,4412.3999023438,4412.7001953125,33,0.0,0.0,GC=F,NA,NA,USD
2026-08-10T07:33:00.000Z,4413.1000976562,4413.2998046875,4412.5,4413.2001953125,39,0.0,0.0,GC=F,NA,NA,USD
2026-08-10T07:34:00.000Z,4413.1000976562,4413.2001953125,4412.2001953125,4412.6000976562,36,0.0,0.0,GC=F,NA,NA,USD
2026-08-10T07:35:00.000Z,4412.6000976562,4415.2001953125,4412.3999023438,4414.3999023438,82,0.0,0.0,GC=F,NA,NA,USD
2026-08-10T07:36:00.000Z,4414.0,4414.8999023438,4413.6000976562,4414.5,56,0.0,0.0,GC=F,NA,NA,USD
2026-08-10T07:37:00.000Z,4414.6000976562,4415.0,4413.5,4414.6000976562,69,0.0,0.0,GC=F,NA,NA,USD
2026-08-10T07:38:00.000Z,4415.2998046875,4418.0,4415.2998046875,4417.8999023438,98,0.0,0.0,GC=F,NA,NA,USD
2026-08-10T07:39:00.000Z,4417.7001953125,4419.5,4416.8999023438,4418.0,171,0.0,0.0,GC=F,NA,NA,USD
2026-08-10T07:40:00.000Z,4418.0,4419.3999023438,4416.8999023438,4416.8999023438,133,0.0,0.0,GC=F,NA,NA,USD
2026-08-10T07:41:00.000Z,4416.7998046875,4417.2998046875,4415.7001953125,4417.0,65,0.0,0.0,GC=F,NA,NA,USD
2026-08-10T07:42:00.000Z,4417.0,4417.7998046875,4416.7001953125,4417.5,22,0.0,0.0,GC=F,NA,NA,USD
2026-08-10T07:43:00.000Z,4417.6000976562,4417.8999023438,4417.2001953125,4417.3999023438,74,0.0,0.0,GC=F,NA,NA,USD
2026-08-10T07:44:00.000Z,4417.8999023438,4418.7001953125,4417.7998046875,4418.7001953125,35,0.0,0.0,GC=F,NA,NA,USD
2026-08-10T07:45:00.000Z,4418.6000976562,4421.5,4417.6000976562,4419.2001953125,180,0.0,0.0,GC=F,NA,NA,USD
2026-08-10T07:46:00.000Z,4419.2998046875,4420.3999023438,4418.6000976562,4419.6000976562,51,0.0,0.0,GC=F,NA,NA,USD
2026-08-10T07:47:00.000Z,4420.2998046875,4420.8999023438,4419.1000976562,4419.5,43,0.0,0.0,GC=F,NA,NA,USD
2026-08-10T07:48:00.000Z,4419.1000976562,4419.5,4417.7998046875,4418.5,124,0.0,0.0,GC=F,NA,NA,USD
2026-08-10T07:49:00.000Z,4418.0,4418.0,4416.2001953125,4416.5,47,0.0,0.0,GC=F,NA,NA,USD
2026-08-10T07:50:00.000Z,4416.7998046875,4417.8999023438,4416.1000976562,4416.6000976562,65,0.0,0.0,GC=F,NA,NA,USD
2026-08-10T07:51:00.000Z,4416.3999023438,4417.3999023438,4415.2998046875,4415.2998046875,56,0.0,0.0,GC=F,NA,NA,USD
2026-08-10T07:52:00.000Z,4415.5,4416.0,4415.0,4416.0,53,0.0,0.0,GC=F,NA,NA,USD
2026-08-10T07:53:00.000Z,4415.7998046875,4416.0,4415.5,4415.5,19,0.0,0.0,GC=F,NA,NA,USD
2026-08-10T07:54:00.000Z,4415.0,4415.5,4414.1000976562,4414.7001953125,26,0.0,0.0,GC=F,NA,NA,USD
2026-08-10T07:55:00.000Z,4414.8999023438,4415.1000976562,4414.0,4414.7998046875,63,0.0,0.0,GC=F,NA,NA,USD
2026-08-10T07:56:00.000Z,4414.6000976562,4415.2001953125,4414.0,4414.7998046875,19,0.0,0.0,GC=F,NA,NA,USD
2026-08-10T07:57:00.000Z,4415.0,4415.1000976562,4414.7001953125,4415.1000976562,15,0.0,0.0,GC=F,NA,NA,USD
2026-08-10T07:58:00.000Z,4415.2001953125,4415.3999023438,4414.7998046875,4415.3999023438,15,0.0,0.0,GC=F,NA,NA,USD
2026-08-10T07:59:00.000Z,4415.0,4415.8999023438,4414.2998046875,4414.7001953125,37,0.0,0.0,GC=F,NA,NA,USD
2026-08-10T08:00:00.000Z,4415.0,4415.2998046875,4414.5,4414.8999023438,73,0.0,0.0,GC=F,NA,NA,USD
2026-08-10T08:01:00.000Z,4414.6000976562,4414.6000976562,4413.6000976562,4414.2998046875,39,0.0,0.0,GC=F,NA,NA,USD
2026-08-10T08:02:00.000Z,4414.2998046875,4415.5,4414.1000976562,4415.5,25,0.0,0.0,GC=F,NA,NA,USD
2026-08-10T08:03:00.000Z,4414.7998046875,4415.1000976562,4413.8999023438,4414.1000976562,139,0.0,0.0,GC=F,NA,NA,USD
2026-08-10T08:04:00.000Z,4413.7998046875,4415.5,4413.5,4415.2001953125,45,0.0,0.0,GC=F,NA,NA,USD
2026-08-10T08:05:00.000Z,4415.2001953125,4415.2001953125,4413.7998046875,4415.0,24,0.0,0.0,GC=F,NA,NA,USD
2026-08-10T08:06:00.000Z,4414.7998046875,4414.7998046875,4413.0,4414.3999023438,30,0.0,0.0,GC=F,NA,NA,USD
2026-08-10T08:07:00.000Z,4414.6000976562,4415.5,4414.1000976562,4415.0,29,0.0,0.0,GC=F,NA,NA,USD
2026-08-10T08:08:00.000Z,4414.2001953125,4414.2001953125,4412.2998046875,4413.2001953125,199,0.0,0.0,GC=F,NA,NA,USD
2026-08-10T08:09:00.000Z,4412.8999023438,4413.2001953125,4411.1000976562,4412.7001953125,62,0.0,0.0,GC=F,NA,NA,USD
2026-08-10T08:10:00.000Z,4411.6000976562,4412.7001953125,4411.6000976562,4412.2001953125,17,0.0,0.0,GC=F,NA,NA,USD
2026-08-10T08:11:00.000Z,4412.5,4412.6000976562,4411.2998046875,4412.1000976562,32,0.0,0.0,GC=F,NA,NA,USD
2026-08-10T08:12:00.000Z,4411.8999023438,4412.7001953125,4411.7998046875,4412.6000976562,16,0.0,0.0,GC=F,NA,NA,USD
2026-08-10T08:13:00.000Z,4412.6000976562,4413.0,4412.5,4412.5,9,0.0,0.0,GC=F,NA,NA,USD
2026-08-10T08:14:00.000Z,4413.0,4414.0,4413.0,4414.0,23,0.0,0.0,GC=F,NA,NA,USD
2026-08-10T08:15:00.000Z,4413.5,4413.7998046875,4412.8999023438,4413.7998046875,14,0.0,0.0,GC=F,NA,NA,USD
2026-08-10T08:16:00.000Z,4413.8999023438,4414.0,4412.7998046875,4413.8999023438,29,0.0,0.0,GC=F,NA,NA,USD
2026-08-10T08:17:00.000Z,4414.0,4414.3999023438,4413.1000976562,4413.2001953125,13,0.0,0.0,GC=F,NA,NA,USD
2026-08-10T08:18:00.000Z,4413.1000976562,4414.3999023438,4412.7001953125,4414.3999023438,25,0.0,0.0,GC=F,NA,NA,USD
2026-08-10T08:19:00.000Z,4414.2001953125,4414.7998046875,4414.0,4414.1000976562,37,0.0,0.0,GC=F,NA,NA,USD
2026-08-10T08:20:00.000Z,4414.5,4414.5,4413.2998046875,4413.2998046875,6,0.0,0.0,GC=F,NA,NA,USD
2026-08-10T08:21:00.000Z,4413.2001953125,4413.2998046875,4412.8999023438,4413.2998046875,22,0.0,0.0,GC=F,NA,NA,USD
2026-08-10T08:22:00.000Z,4413.0,4413.8999023438,4412.2001953125,4413.1000976562,47,0.0,0.0,GC=F,NA,NA,USD
2026-08-10T08:23:00.000Z,4412.8999023438,4413.3999023438,4412.7001953125,4413.3999023438,44,0.0,0.0,GC=F,NA,NA,USD
2026-08-10T08:24:00.000Z,4413.1000976562,4413.2001953125,4411.3999023438,4411.3999023438,39,0.0,0.0,GC=F,NA,NA,USD
2026-08-10T08:25:00.000Z,4412.1000976562,4412.3999023438,4411.5,4412.3999023438,42,0.0,0.0,GC=F,NA,NA,USD
2026-08-10T08:26:00.000Z,4412.6000976562,4413.6000976562,4412.0,4413.6000976562,67,0.0,0.0,GC=F,NA,NA,USD
2026-08-10T08:27:00.000Z,4413.7001953125,4414.3999023438,4413.5,4414.0,58,0.0,0.0,GC=F,NA,NA,USD
2026-08-10T08:28:00.000Z,4413.7998046875,4415.0,4413.7998046875,4414.6000976562,79,0.0,0.0,GC=F,NA,NA,USD
2026-08-10T08:29:00.000Z,4414.7001953125,4415.7001953125,4414.3999023438,4415.1000976562,74,0.0,0.0,GC=F,NA,NA,USD
2026-08-10T08:30:00.000Z,4414.7998046875,4415.7001953125,4414.2001953125,4414.8999023438,46,0.0,0.0,GC=F,NA,NA,USD
2026-08-10T08:31:00.000Z,4414.8999023438,4416.0,4412.7998046875,4412.7998046875,86,0.0,0.0,GC=F,NA,NA,USD
2026-08-10T08:32:00.000Z,4412.8999023438,4413.7998046875,4411.1000976562,4411.1000976562,45,0.0,0.0,GC=F,NA,NA,USD
2026-08-10T08:33:00.000Z,4411.2001953125,4411.7001953125,4408.6000976562,4409.2998046875,208,0.0,0.0,GC=F,NA,NA,USD
2026-08-10T08:34:00.000Z,4409.5,4410.0,4408.2001953125,4409.7001953125,83,0.0,0.0,GC=F,NA,NA,USD
2026-08-10T08:35:00.000Z,4409.8999023438,4410.6000976562,4409.3999023438,4409.3999023438,51,0.0,0.0,GC=F,NA,NA,USD
2026-08-10T08:36:00.000Z,4409.5,4409.7001953125,4409.0,4409.3999023438,66,0.0,0.0,GC=F,NA,NA,USD
2026-08-10T08:37:00.000Z,4409.3999023438,4409.7998046875,4408.7998046875,4409.3999023438,36,0.0,0.0,GC=F,NA,NA,USD
2026-08-10T08:38:00.000Z,4409.5,4409.8999023438,4408.6000976562,4408.6000976562,54,0.0,0.0,GC=F,NA,NA,USD
2026-08-10T08:39:00.000Z,4408.6000976562,4408.6000976562,4407.5,4407.5,108,0.0,0.0,GC=F,NA,NA,USD
2026-08-10T08:40:00.000Z,4407.7001953125,4408.7998046875,4407.6000976562,4407.8999023438,72,0.0,0.0,GC=F,NA,NA,USD
2026-08-10T08:41:00.000Z,4408.2001953125,4408.2001953125,4405.8999023438,4407.0,74,0.0,0.0,GC=F,NA,NA,USD
2026-08-10T08:42:00.000Z,4406.8999023438,4406.8999023438,4404.7001953125,4405.1000976562,99,0.0,0.0,GC=F,NA,NA,USD
2026-08-10T08:43:00.000Z,4405.6000976562,4406.2001953125,4405.2001953125,4405.3999023438,51,0.0,0.0,GC=F,NA,NA,USD
2026-08-10T08:44:00.000Z,4405.6000976562,4405.6000976562,4404.8999023438,4405.2998046875,30,0.0,0.0,GC=F,NA,NA,USD
2026-08-10T08:45:00.000Z,4405.2001953125,4405.6000976562,4404.7001953125,4405.2998046875,47,0.0,0.0,GC=F,NA,NA,USD
2026-08-10T08:46:00.000Z,4405.3999023438,4407.3999023438,4404.7998046875,4407.2001953125,112,0.0,0.0,GC=F,NA,NA,USD
2026-08-10T08:47:00.000Z,4407.2001953125,4408.2998046875,4406.7001953125,4407.5,69,0.0,0.0,GC=F,NA,NA,USD
2026-08-10T08:48:00.000Z,4407.3999023438,4408.2001953125,4405.8999023438,4406.0,232,0.0,0.0,GC=F,NA,NA,USD
2026-08-10T08:49:00.000Z,4405.7998046875,4406.0,4405.6000976562,4405.6000976562,18,0.0,0.0,GC=F,NA,NA,USD
2026-08-10T08:50:00.000Z,4405.3999023438,4405.5,4404.0,4404.8999023438,65,0.0,0.0,GC=F,NA,NA,USD
2026-08-10T08:51:00.000Z,4404.6000976562,4407.0,4404.2001953125,4406.3999023438,90,0.0,0.0,GC=F,NA,NA,USD
2026-08-10T08:52:00.000Z,4406.7001953125,4407.5,4405.6000976562,4406.0,216,0.0,0.0,GC=F,NA,NA,USD
2026-08-10T08:53:00.000Z,4405.6000976562,4406.7998046875,4405.5,4406.1000976562,202,0.0,0.0,GC=F,NA,NA,USD
2026-08-10T08:54:00.000Z,4406.1000976562,4406.3999023438,4405.2001953125,4405.2001953125,32,0.0,0.0,GC=F,NA,NA,USD
2026-08-10T08:55:00.000Z,4405.3999023438,4405.8999023438,4405.1000976562,4405.5,18,0.0,0.0,GC=F,NA,NA,USD
2026-08-10T08:56:00.000Z,4405.5,4406.1000976562,4402.8999023438,4405.6000976562,517,0.0,0.0,GC=F,NA,NA,USD
2026-08-10T08:57:00.000Z,4405.5,4405.5,4404.2998046875,4404.7001953125,81,0.0,0.0,GC=F,NA,NA,USD
2026-08-10T08:58:00.000Z,4405.2001953125,4407.6000976562,4404.7998046875,4405.2998046875,133,0.0,0.0,GC=F,NA,NA,USD
2026-08-10T08:59:00.000Z,4405.2001953125,4406.1000976562,4404.7001953125,4405.6000976562,54,0.0,0.0,GC=F,NA,NA,USD
2026-08-10T09:00:00.000Z,4405.6000976562,4405.6000976562,4404.6000976562,4405.2001953125,54,0.0,0.0,GC=F,NA,NA,USD
2026-08-10T09:01:00.000Z,4405.2001953125,4406.7998046875,4405.2001953125,4405.6000976562,95,0.0,0.0,GC=F,NA,NA,USD
2026-08-10T09:02:00.000Z,4405.6000976562,4406.7998046875,4405.3999023438,4406.3999023438,32,0.0,0.0,GC=F,NA,NA,USD
2026-08-10T09:03:00.000Z,4406.3999023438,4406.8999023438,4405.8999023438,4406.7001953125,50,0.0,0.0,GC=F,NA,NA,USD
2026-08-10T09:04:00.000Z,4406.5,4407.7998046875,4406.5,4407.5,57,0.0,0.0,GC=F,NA,NA,USD
2026-08-10T09:05:00.000Z,4407.2001953125,4408.1000976562,4406.7001953125,4407.7998046875,89,0.0,0.0,GC=F,NA,NA,USD
2026-08-10T09:06:00.000Z,4407.7998046875,4407.7998046875,4405.5,4405.5,31,0.0,0.0,GC=F,NA,NA,USD
2026-08-10T09:07:00.000Z,4405.2998046875,4406.3999023438,4404.7998046875,4406.3999023438,37,0.0,0.0,GC=F,NA,NA,USD
2026-08-10T09:08:00.000Z,4406.0,4406.3999023438,4405.0,4405.2998046875,188,0.0,0.0,GC=F,NA,NA,USD
2026-08-10T09:09:00.000Z,4405.2998046875,4406.8999023438,4405.2998046875,4406.7998046875,183,0.0,0.0,GC=F,NA,NA,USD
2026-08-10T09:10:00.000Z,4406.6000976562,4407.1000976562,4405.8999023438,4406.7998046875,82,0.0,0.0,GC=F,NA,NA,USD
2026-08-10T09:11:00.000Z,4406.6000976562,4409.0,4406.6000976562,4408.7001953125,204,0.0,0.0,GC=F,NA,NA,USD
2026-08-10T09:12:00.000Z,4408.7998046875,4409.1000976562,4406.8999023438,4407.8999023438,222,0.0,0.0,GC=F,NA,NA,USD
2026-08-10T09:13:00.000Z,4407.7998046875,4409.2001953125,4407.5,4408.7001953125,31,0.0,0.0,GC=F,NA,NA,USD
2026-08-10T09:14:00.000Z,4408.3999023438,4409.0,4408.0,4408.8999023438,22,0.0,0.0,GC=F,NA,NA,USD
2026-08-10T09:15:00.000Z,4409.0,4409.0,4407.2001953125,4407.7998046875,39,0.0,0.0,GC=F,NA,NA,USD
2026-08-10T09:16:00.000Z,4407.8999023438,4407.8999023438,4406.7998046875,4406.8999023438,61,0.0,0.0,GC=F,NA,NA,USD
2026-08-10T09:17:00.000Z,4407.0,4407.7001953125,4406.8999023438,4407.0,73,0.0,0.0,GC=F,NA,NA,USD
2026-08-10T09:18:00.000Z,4407.3999023438,4408.2001953125,4407.0,4407.1000976562,55,0.0,0.0,GC=F,NA,NA,USD
2026-08-10T09:19:00.000Z,4407.0,4407.2001953125,4405.2998046875,4406.2998046875,66,0.0,0.0,GC=F,NA,NA,USD
2026-08-10T09:20:00.000Z,4406.2998046875,4406.5,4406.1000976562,4406.2998046875,5,0.0,0.0,GC=F,NA,NA,USD
2026-08-10T09:21:00.000Z,4406.1000976562,4407.0,4406.0,4406.6000976562,15,0.0,0.0,GC=F,NA,NA,USD
2026-08-10T09:22:00.000Z,4406.7001953125,4407.7001953125,4406.5,4407.7001953125,21,0.0,0.0,GC=F,NA,NA,USD
2026-08-10T09:23:00.000Z,4407.1000976562,4407.2998046875,4406.5,4407.1000976562,41,0.0,0.0,GC=F,NA,NA,USD
2026-08-10T09:24:00.000Z,4407.2001953125,4407.2998046875,4407.0,4407.2998046875,8,0.0,0.0,GC=F,NA,NA,USD
2026-08-10T09:25:00.000Z,4406.7998046875,4407.6000976562,4406.5,4407.6000976562,26,0.0,0.0,GC=F,NA,NA,USD
2026-08-10T09:26:00.000Z,4407.7998046875,4408.0,4407.2998046875,4407.7001953125,38,0.0,0.0,GC=F,NA,NA,USD
2026-08-10T09:27:00.000Z,4407.7001953125,4407.7001953125,4406.0,4406.1000976562,41,0.0,0.0,GC=F,NA,NA,USD
2026-08-10T09:28:00.000Z,4406.0,4406.6000976562,4404.1000976562,4406.6000976562,151,0.0,0.0,GC=F,NA,NA,USD
2026-08-10T09:29:00.000Z,4406.7001953125,4407.0,4405.7001953125,4406.1000976562,62,0.0,0.0,GC=F,NA,NA,USD
2026-08-10T09:30:00.000Z,4405.7001953125,4406.1000976562,4401.6000976562,4402.8999023438,330,0.0,0.0,GC=F,NA,NA,USD
2026-08-10T09:31:00.000Z,4402.8999023438,4402.8999023438,4401.0,4401.6000976562,157,0.0,0.0,GC=F,NA,NA,USD
2026-08-10T09:32:00.000Z,4401.7998046875,4403.1000976562,4401.0,4402.2998046875,216,0.0,0.0,GC=F,NA,NA,USD
2026-08-10T09:33:00.000Z,4402.2998046875,4404.6000976562,4401.0,4404.6000976562,137,0.0,0.0,GC=F,NA,NA,USD
2026-08-10T09:34:00.000Z,4404.7001953125,4405.2998046875,4402.7001953125,4403.3999023438,157,0.0,0.0,GC=F,NA,NA,USD
2026-08-10T09:35:00.000Z,4403.2001953125,4403.5,4402.0,4402.5,80,0.0,0.0,GC=F,NA,NA,USD
2026-08-10T09:36:00.000Z,4402.7001953125,4402.7001953125,4398.3999023438,4400.7001953125,351,0.0,0.0,GC=F,NA,NA,USD
2026-08-10T09:37:00.000Z,4400.8999023438,4402.2001953125,4400.0,4401.6000976562,168,0.0,0.0,GC=F,NA,NA,USD
2026-08-10T09:38:00.000Z,4402.0,4402.5,4401.2001953125,4401.2001953125,67,0.0,0.0,GC=F,NA,NA,USD
2026-08-10T09:39:00.000Z,4401.0,4401.7001953125,4400.8999023438,4401.3999023438,104,0.0,0.0,GC=F,NA,NA,USD
2026-08-10T09:40:00.000Z,4401.3999023438,4402.7998046875,4401.0,4402.7998046875,104,0.0,0.0,GC=F,NA,NA,USD
2026-08-10T09:41:00.000Z,4402.7001953125,4403.3999023438,4402.5,4402.7998046875,47,0.0,0.0,GC=F,NA,NA,USD
2026-08-10T09:42:00.000Z,4402.6000976562,4403.5,4402.6000976562,4403.0,26,0.0,0.0,GC=F,NA,NA,USD
2026-08-10T09:43:00.000Z,4403.0,4403.7001953125,4402.7001953125,4403.2998046875,35,0.0,0.0,GC=F,NA,NA,USD
2026-08-10T09:44:00.000Z,4403.3999023438,4403.7001953125,4402.8999023438,4403.2998046875,39,0.0,0.0,GC=F,NA,NA,USD
2026-08-10T09:45:00.000Z,4403.2001953125,4403.7001953125,4403.0,4403.7001953125,48,0.0,0.0,GC=F,NA,NA,USD
2026-08-10T09:46:00.000Z,4403.5,4403.8999023438,4402.3999023438,4403.6000976562,47,0.0,0.0,GC=F,NA,NA,USD
2026-08-10T09:47:00.000Z,4403.7001953125,4403.7001953125,4403.0,4403.5,15,0.0,0.0,GC=F,NA,NA,USD
2026-08-10T09:48:00.000Z,4403.3999023438,4404.7998046875,4403.2001953125,4403.2001953125,65,0.0,0.0,GC=F,NA,NA,USD
2026-08-10T09:49:00.000Z,4403.3999023438,4403.3999023438,4401.0,4401.3999023438,139,0.0,0.0,GC=F,NA,NA,USD
2026-08-10T09:50:00.000Z,4401.7998046875,4402.0,4400.0,4400.2001953125,27,0.0,0.0,GC=F,NA,NA,USD
2026-08-10T09:51:00.000Z,4400.3999023438,4400.7998046875,4400.0,4400.7998046875,31,0.0,0.0,GC=F,NA,NA,USD
2026-08-10T09:52:00.000Z,4401.0,4401.0,4399.7998046875,4400.6000976562,34,0.0,0.0,GC=F,NA,NA,USD
2026-08-10T09:53:00.000Z,4400.7998046875,4401.2001953125,4400.7998046875,4400.8999023438,9,0.0,0.0,GC=F,NA,NA,USD
2026-08-10T09:54:00.000Z,4401.2001953125,4402.0,4401.2001953125,4401.3999023438,30,0.0,0.0,GC=F,NA,NA,USD
2026-08-10T09:55:00.000Z,4401.3999023438,4402.2998046875,4401.2001953125,4402.2001953125,18,0.0,0.0,GC=F,NA,NA,USD
2026-08-10T09:56:00.000Z,4401.8999023438,4402.6000976562,4401.5,4401.5,45,0.0,0.0,GC=F,NA,NA,USD
2026-08-10T09:57:00.000Z,4401.3999023438,4401.7001953125,4401.2998046875,4401.2998046875,8,0.0,0.0,GC=F,NA,NA,USD
2026-08-10T09:58:00.000Z,4401.0,4401.2998046875,4400.3999023438,4400.7998046875,34,0.0,0.0,GC=F,NA,NA,USD
2026-08-10T09:59:00.000Z,4401.1000976562,4401.5,4400.1000976562,4400.1000976562,30,0.0,0.0,GC=F,NA,NA,USD
2026-08-10T10:00:00.000Z,4400.3999023438,4400.3999023438,4398.8999023438,4399.7001953125,198,0.0,0.0,GC=F,NA,NA,USD
2026-08-10T10:01:00.000Z,4399.6000976562,4400.6000976562,4398.7001953125,4399.8999023438,86,0.0,0.0,GC=F,NA,NA,USD
2026-08-10T10:02:00.000Z,4399.7001953125,4399.7001953125,4398.7001953125,4399.0,124,0.0,0.0,GC=F,NA,NA,USD
2026-08-10T10:03:00.000Z,4398.7001953125,4399.3999023438,4398.2001953125,4399.2998046875,134,0.0,0.0,GC=F,NA,NA,USD
2026-08-10T10:04:00.000Z,4399.5,4400.0,4399.2001953125,4400.0,21,0.0,0.0,GC=F,NA,NA,USD
2026-08-10T10:05:00.000Z,4399.7998046875,4400.0,4399.0,4399.7001953125,58,0.0,0.0,GC=F,NA,NA,USD
2026-08-10T10:06:00.000Z,4399.8999023438,4400.0,4399.2001953125,4399.2998046875,19,0.0,0.0,GC=F,NA,NA,USD
2026-08-10T10:07:00.000Z,4399.7001953125,4400.6000976562,4399.5,4400.0,44,0.0,0.0,GC=F,NA,NA,USD
2026-08-10T10:08:00.000Z,4399.7001953125,4400.2001953125,4399.1000976562,4399.6000976562,45,0.0,0.0,GC=F,NA,NA,USD
2026-08-10T10:09:00.000Z,4399.6000976562,4400.7998046875,4399.2998046875,4399.6000976562,33,0.0,0.0,GC=F,NA,NA,USD
2026-08-10T10:10:00.000Z,4399.6000976562,4399.6000976562,4398.7998046875,4399.0,41,0.0,0.0,GC=F,NA,NA,USD
2026-08-10T10:11:00.000Z,4398.8999023438,4399.6000976562,4398.7998046875,4399.2001953125,28,0.0,0.0,GC=F,NA,NA,USD
2026-08-10T10:12:00.000Z,4399.3999023438,4399.7998046875,4398.7001953125,4399.7001953125,17,0.0,0.0,GC=F,NA,NA,USD
2026-08-10T10:13:00.000Z,4399.5,4400.0,4399.5,4399.7001953125,47,0.0,0.0,GC=F,NA,NA,USD
2026-08-10T10:14:00.000Z,4399.5,4400.0,4399.3999023438,4399.8999023438,20,0.0,0.0,GC=F,NA,NA,USD
2026-08-10T10:15:00.000Z,4399.7001953125,4400.2001953125,4399.1000976562,4399.5,57,0.0,0.0,GC=F,NA,NA,USD
2026-08-10T10:16:00.000Z,4399.2001953125,4400.1000976562,4399.1000976562,4399.2998046875,30,0.0,0.0,GC=F,NA,NA,USD
2026-08-10T10:17:00.000Z,4399.1000976562,4400.0,4399.1000976562,4399.7001953125,19,0.0,0.0,GC=F,NA,NA,USD
2026-08-10T10:18:00.000Z,4399.2998046875,4399.2998046875,4398.5,4398.7998046875,60,0.0,0.0,GC=F,NA,NA,USD
2026-08-10T10:19:00.000Z,4399.6000976562,4400.7998046875,4399.6000976562,4400.7001953125,24,0.0,0.0,GC=F,NA,NA,USD
2026-08-10T10:20:00.000Z,4400.7001953125,4401.3999023438,4400.3999023438,4400.6000976562,53,0.0,0.0,GC=F,NA,NA,USD
2026-08-10T10:21:00.000Z,4400.0,4402.5,4400.0,4402.2001953125,125,0.0,0.0,GC=F,NA,NA,USD
2026-08-10T10:22:00.000Z,4402.3999023438,4403.1000976562,4402.2001953125,4403.1000976562,39,0.0,0.0,GC=F,NA,NA,USD
2026-08-10T10:23:00.000Z,4402.8999023438,4403.2001953125,4402.5,4402.5,19,0.0,0.0,GC=F,NA,NA,USD
2026-08-10T10:24:00.000Z,4402.5,4402.6000976562,4401.6000976562,4402.2001953125,16,0.0,0.0,GC=F,NA,NA,USD
2026-08-10T10:25:00.000Z,4402.3999023438,4402.5,4401.2998046875,4402.0,48,0.0,0.0,GC=F,NA,NA,USD
2026-08-10T10:26:00.000Z,4401.8999023438,4402.0,4401.2998046875,4401.6000976562,14,0.0,0.0,GC=F,NA,NA,USD
2026-08-10T10:27:00.000Z,4402.0,4402.0,4401.0,4401.0,5,0.0,0.0,GC=F,NA,NA,USD
2026-08-10T10:28:00.000Z,4400.8999023438,4402.2001953125,4400.8999023438,4402.0,65,0.0,0.0,GC=F,NA,NA,USD
2026-08-10T10:29:00.000Z,4402.0,4402.8999023438,4402.0,4402.6000976562,43,0.0,0.0,GC=F,NA,NA,USD
2026-08-10T10:30:00.000Z,4402.7001953125,4403.2998046875,4402.0,4402.8999023438,80,0.0,0.0,GC=F,NA,NA,USD
2026-08-10T10:31:00.000Z,4402.5,4402.7001953125,4401.1000976562,4401.7001953125,35,0.0,0.0,GC=F,NA,NA,USD
2026-08-10T10:32:00.000Z,4401.6000976562,4402.2998046875,4400.8999023438,4401.1000976562,97,0.0,0.0,GC=F,NA,NA,USD
2026-08-10T10:33:00.000Z,4400.5,4400.5,4400.0,4400.2001953125,34,0.0,0.0,GC=F,NA,NA,USD
2026-08-10T10:34:00.000Z,4400.2001953125,4400.7001953125,4399.5,4400.7001953125,23,0.0,0.0,GC=F,NA,NA,USD
2026-08-10T10:35:00.000Z,4400.8999023438,4401.3999023438,4400.1000976562,4400.5,14,0.0,0.0,GC=F,NA,NA,USD
2026-08-10T10:36:00.000Z,4399.5,4399.8999023438,4399.5,4399.8999023438,13,0.0,0.0,GC=F,NA,NA,USD
2026-08-10T10:37:00.000Z,4399.7001953125,4399.7998046875,4397.8999023438,4398.3999023438,79,0.0,0.0,GC=F,NA,NA,USD
2026-08-10T10:38:00.000Z,4398.2001953125,4399.2001953125,4397.3999023438,4399.2001953125,62,0.0,0.0,GC=F,NA,NA,USD
2026-08-10T10:39:00.000Z,4399.2001953125,4400.2998046875,4398.8999023438,4398.8999023438,66,0.0,0.0,GC=F,NA,NA,USD
2026-08-10T10:40:00.000Z,4398.7001953125,4399.0,4398.0,4398.0,25,0.0,0.0,GC=F,NA,NA,USD
2026-08-10T10:41:00.000Z,4397.7998046875,4398.3999023438,4397.2001953125,4397.7998046875,31,0.0,0.0,GC=F,NA,NA,USD
2026-08-10T10:42:00.000Z,4398.0,4398.1000976562,4397.2998046875,4397.3999023438,28,0.0,0.0,GC=F,NA,NA,USD
2026-08-10T10:43:00.000Z,4397.3999023438,4398.1000976562,4396.7001953125,4396.7001953125,34,0.0,0.0,GC=F,NA,NA,USD
2026-08-10T10:44:00.000Z,4397.2998046875,4397.5,4396.8999023438,4396.8999023438,23,0.0,0.0,GC=F,NA,NA,USD
2026-08-10T10:45:00.000Z,4396.7998046875,4397.3999023438,4396.7998046875,4397.1000976562,21,0.0,0.0,GC=F,NA,NA,USD
2026-08-10T10:46:00.000Z,4397.1000976562,4398.2001953125,4396.7001953125,4398.2001953125,29,0.0,0.0,GC=F,NA,NA,USD
2026-08-10T10:47:00.000Z,4398.1000976562,4398.6000976562,4397.1000976562,4397.1000976562,33,0.0,0.0,GC=F,NA,NA,USD
2026-08-10T10:48:00.000Z,4397.2001953125,4397.6000976562,4397.0,4397.5,38,0.0,0.0,GC=F,NA,NA,USD
2026-08-10T10:49:00.000Z,4398.2998046875,4398.2998046875,4396.8999023438,4397.2998046875,65,0.0,0.0,GC=F,NA,NA,USD
2026-08-10T10:50:00.000Z,4397.1000976562,4398.3999023438,4397.1000976562,4398.1000976562,33,0.0,0.0,GC=F,NA,NA,USD
2026-08-10T10:51:00.000Z,4398.2998046875,4398.5,4397.7998046875,4398.0,46,0.0,0.0,GC=F,NA,NA,USD
2026-08-10T10:52:00.000Z,4398.5,4400.0,4398.2001953125,4398.7001953125,81,0.0,0.0,GC=F,NA,NA,USD
2026-08-10T10:53:00.000Z,4398.7001953125,4399.2001953125,4396.7998046875,4397.2001953125,131,0.0,0.0,GC=F,NA,NA,USD
2026-08-10T10:54:00.000Z,4397.2001953125,4397.7998046875,4396.7998046875,4397.5,114,0.0,0.0,GC=F,NA,NA,USD
2026-08-10T10:55:00.000Z,4397.2001953125,4397.8999023438,4396.7998046875,4397.2001953125,128,0.0,0.0,GC=F,NA,NA,USD
2026-08-10T10:56:00.000Z,4397.0,4399.0,4397.0,4398.0,98,0.0,0.0,GC=F,NA,NA,USD
2026-08-10T10:57:00.000Z,4397.8999023438,4398.7998046875,4397.2998046875,4397.2998046875,111,0.0,0.0,GC=F,NA,NA,USD
2026-08-10T10:58:00.000Z,4397.2001953125,4397.2001953125,4394.8999023438,4395.0,120,0.0,0.0,GC=F,NA,NA,USD
2026-08-10T10:59:00.000Z,4395.0,4395.6000976562,4394.6000976562,4395.2001953125,46,0.0,0.0,GC=F,NA,NA,USD
2026-08-10T11:00:00.000Z,4395.2998046875,4396.0,4394.3999023438,4394.7998046875,65,0.0,0.0,GC=F,NA,NA,USD
2026-08-10T11:01:00.000Z,4395.0,4395.5,4394.2001953125,4395.2001953125,43,0.0,0.0,GC=F,NA,NA,USD
2026-08-10T11:02:00.000Z,4395.0,4395.3999023438,4394.1000976562,4395.1000976562,48,0.0,0.0,GC=F,NA,NA,USD
2026-08-10T11:03:00.000Z,4395.6000976562,4395.6000976562,4394.2001953125,4394.7998046875,51,0.0,0.0,GC=F,NA,NA,USD
2026-08-10T11:04:00.000Z,4394.6000976562,4394.8999023438,4393.7001953125,4393.7001953125,49,0.0,0.0,GC=F,NA,NA,USD
2026-08-10T11:05:00.000Z,4393.7001953125,4394.6000976562,4393.7001953125,4394.2001953125,45,0.0,0.0,GC=F,NA,NA,USD
2026-08-10T11:06:00.000Z,4394.5,4395.0,4393.2998046875,4393.7001953125,97,0.0,0.0,GC=F,NA,NA,USD
2026-08-10T11:07:00.000Z,4393.7001953125,4394.3999023438,4393.1000976562,4393.7998046875,87,0.0,0.0,GC=F,NA,NA,USD
2026-08-10T11:08:00.000Z,4394.1000976562,4394.2001953125,4393.1000976562,4393.2998046875,27,0.0,0.0,GC=F,NA,NA,USD
2026-08-10T11:09:00.000Z,4393.6000976562,4393.6000976562,4392.1000976562,4392.8999023438,253,0.0,0.0,GC=F,NA,NA,USD
2026-08-10T11:10:00.000Z,4393.1000976562,4393.1000976562,4392.0,4392.7998046875,104,0.0,0.0,GC=F,NA,NA,USD
2026-08-10T11:11:00.000Z,4392.6000976562,4392.8999023438,4392.2001953125,4392.7001953125,76,0.0,0.0,GC=F,NA,NA,USD
2026-08-10T11:12:00.000Z,4392.7001953125,4393.2001953125,4391.7001953125,4391.7001953125,46,0.0,0.0,GC=F,NA,NA,USD
2026-08-10T11:13:00.000Z,4391.8999023438,4392.1000976562,4386.2998046875,4389.3999023438,393,0.0,0.0,GC=F,NA,NA,USD
2026-08-10T11:14:00.000Z,4389.1000976562,4390.6000976562,4388.7001953125,4390.5,101,0.0,0.0,GC=F,NA,NA,USD
2026-08-10T11:15:00.000Z,4390.1000976562,4390.5,4388.8999023438,4389.1000976562,40,0.0,0.0,GC=F,NA,NA,USD
2026-08-10T11:16:00.000Z,4389.0,4389.5,4388.7998046875,4389.5,20,0.0,0.0,GC=F,NA,NA,USD
2026-08-10T11:17:00.000Z,4389.2001953125,4389.5,4388.5,4388.7998046875,26,0.0,0.0,GC=F,NA,NA,USD
2026-08-10T11:18:00.000Z,4389.0,4389.1000976562,4388.0,4388.0,36,0.0,0.0,GC=F,NA,NA,USD
2026-08-10T11:19:00.000Z,4388.1000976562,4389.7998046875,4388.1000976562,4388.8999023438,60,0.0,0.0,GC=F,NA,NA,USD
2026-08-10T11:20:00.000Z,4388.7998046875,4389.3999023438,4388.0,4388.0,47,0.0,0.0,GC=F,NA,NA,USD
2026-08-10T11:21:00.000Z,4388.0,4391.0,4388.0,4391.0,38,0.0,0.0,GC=F,NA,NA,USD
2026-08-10T11:22:00.000Z,4391.0,4392.2001953125,4390.7001953125,4391.3999023438,110,0.0,0.0,GC=F,NA,NA,USD
2026-08-10T11:23:00.000Z,4391.2001953125,4392.2998046875,4391.2001953125,4392.2998046875,23,0.0,0.0,GC=F,NA,NA,USD
2026-08-10T11:24:00.000Z,4392.2998046875,4393.0,4392.2001953125,4392.5,44,0.0,0.0,GC=F,NA,NA,USD
2026-08-10T11:25:00.000Z,4392.2001953125,4395.1000976562,4392.2001953125,4394.7998046875,127,0.0,0.0,GC=F,NA,NA,USD
2026-08-10T11:26:00.000Z,4394.8999023438,4395.7001953125,4393.6000976562,4393.8999023438,126,0.0,0.0,GC=F,NA,NA,USD
2026-08-10T11:27:00.000Z,4394.2998046875,4394.6000976562,4393.2001953125,4394.3999023438,20,0.0,0.0,GC=F,NA,NA,USD
2026-08-10T11:28:00.000Z,4394.2001953125,4394.2001953125,4392.8999023438,4393.8999023438,74,0.0,0.0,GC=F,NA,NA,USD
2026-08-10T11:29:00.000Z,4394.1000976562,4395.0,4393.7001953125,4394.0,69,0.0,0.0,GC=F,NA,NA,USD
2026-08-10T11:30:00.000Z,4393.7001953125,4394.6000976562,4393.7001953125,4394.5,27,0.0,0.0,GC=F,NA,NA,USD
2026-08-10T11:31:00.000Z,4394.7998046875,4398.0,4394.7998046875,4397.6000976562,274,0.0,0.0,GC=F,NA,NA,USD
2026-08-10T11:32:00.000Z,4397.7001953125,4398.3999023438,4397.6000976562,4398.0,90,0.0,0.0,GC=F,NA,NA,USD
2026-08-10T11:33:00.000Z,4397.7998046875,4397.7998046875,4396.7998046875,4396.8999023438,20,0.0,0.0,GC=F,NA,NA,USD
2026-08-10T11:34:00.000Z,4397.2001953125,4397.5,4396.8999023438,4397.0,30,0.0,0.0,GC=F,NA,NA,USD
2026-08-10T11:35:00.000Z,4396.7001953125,4396.8999023438,4395.2998046875,4395.2998046875,29,0.0,0.0,GC=F,NA,NA,USD
2026-08-10T11:36:00.000Z,4395.2998046875,4395.7998046875,4394.8999023438,4395.1000976562,51,0.0,0.0,GC=F,NA,NA,USD
2026-08-10T11:37:00.000Z,4395.2998046875,4395.7001953125,4395.2998046875,4395.7001953125,6,0.0,0.0,GC=F,NA,NA,USD
2026-08-10T11:38:00.000Z,4395.7998046875,4397.6000976562,4394.7001953125,4397.6000976562,111,0.0,0.0,GC=F,NA,NA,USD
2026-08-10T11:39:00.000Z,4397.3999023438,4398.3999023438,4397.3999023438,4398.2998046875,82,0.0,0.0,GC=F,NA,NA,USD
2026-08-10T11:40:00.000Z,4398.2001953125,4398.5,4396.8999023438,4396.8999023438,36,0.0,0.0,GC=F,NA,NA,USD
2026-08-10T11:41:00.000Z,4396.7998046875,4396.7998046875,4395.8999023438,4396.2001953125,13,0.0,0.0,GC=F,NA,NA,USD
2026-08-10T11:42:00.000Z,4396.5,4397.2001953125,4395.8999023438,4396.0,27,0.0,0.0,GC=F,NA,NA,USD
2026-08-10T11:43:00.000Z,4395.8999023438,4396.7998046875,4395.5,4395.8999023438,38,0.0,0.0,GC=F,NA,NA,USD
2026-08-10T11:44:00.000Z,4396.1000976562,4397.0,4396.1000976562,4396.5,17,0.0,0.0,GC=F,NA,NA,USD
2026-08-10T11:45:00.000Z,4396.6000976562,4397.0,4395.6000976562,4396.1000976562,41,0.0,0.0,GC=F,NA,NA,USD
2026-08-10T11:46:00.000Z,4396.0,4396.5,4395.7001953125,4396.1000976562,21,0.0,0.0,GC=F,NA,NA,USD
2026-08-10T11:47:00.000Z,4396.3999023438,4396.6000976562,4395.2998046875,4395.2998046875,26,0.0,0.0,GC=F,NA,NA,USD
2026-08-10T11:48:00.000Z,4395.3999023438,4395.8999023438,4392.7001953125,4392.7998046875,129,0.0,0.0,GC=F,NA,NA,USD
2026-08-10T11:49:00.000Z,4392.7998046875,4393.2998046875,4391.2001953125,4391.8999023438,74,0.0,0.0,GC=F,NA,NA,USD
2026-08-10T11:50:00.000Z,4392.0,4393.1000976562,4391.2998046875,4393.1000976562,65,0.0,0.0,GC=F,NA,NA,USD
2026-08-10T11:51:00.000Z,4393.5,4394.8999023438,4393.2001953125,4394.7001953125,40,0.0,0.0,GC=F,NA,NA,USD
2026-08-10T11:52:00.000Z,4394.1000976562,4395.1000976562,4394.0,4394.5,52,0.0,0.0,GC=F,NA,NA,USD
2026-08-10T11:53:00.000Z,4394.6000976562,4395.2001953125,4394.6000976562,4394.7001953125,10,0.0,0.0,GC=F,NA,NA,USD
2026-08-10T11:54:00.000Z,4394.6000976562,4394.7001953125,4394.1000976562,4394.2001953125,29,0.0,0.0,GC=F,NA,NA,USD
2026-08-10T11:55:00.000Z,4394.2001953125,4394.5,4393.7001953125,4394.5,16,0.0,0.0,GC=F,NA,NA,USD
2026-08-10T11:56:00.000Z,4394.5,4394.6000976562,4393.2001953125,4393.2001953125,48,0.0,0.0,GC=F,NA,NA,USD
2026-08-10T11:57:00.000Z,4393.2001953125,4394.0,4392.5,4393.5,58,0.0,0.0,GC=F,NA,NA,USD
2026-08-10T11:58:00.000Z,4393.7998046875,4395.1000976562,4393.7998046875,4394.5,33,0.0,0.0,GC=F,NA,NA,USD
2026-08-10T11:59:00.000Z,4394.2998046875,4394.2998046875,4393.2998046875,4393.8999023438,51,0.0,0.0,GC=F,NA,NA,USD
2026-08-10T12:00:00.000Z,4393.7998046875,4393.8999023438,4391.2001953125,4391.5,71,0.0,0.0,GC=F,NA,NA,USD
2026-08-10T12:01:00.000Z,4391.7998046875,4393.7998046875,4391.6000976562,4393.7001953125,53,0.0,0.0,GC=F,NA,NA,USD
2026-08-10T12:02:00.000Z,4393.3999023438,4393.5,4392.0,4392.2998046875,35,0.0,0.0,GC=F,NA,NA,USD
2026-08-10T12:03:00.000Z,4392.2998046875,4392.7001953125,4391.5,4391.7998046875,54,0.0,0.0,GC=F,NA,NA,USD
2026-08-10T12:04:00.000Z,4391.8999023438,4393.6000976562,4391.8999023438,4392.6000976562,85,0.0,0.0,GC=F,NA,NA,USD
2026-08-10T12:05:00.000Z,4392.7001953125,4393.6000976562,4392.3999023438,4392.6000976562,34,0.0,0.0,GC=F,NA,NA,USD
2026-08-10T12:06:00.000Z,4392.7001953125,4393.2001953125,4391.0,4391.8999023438,62,0.0,0.0,GC=F,NA,NA,USD
2026-08-10T12:07:00.000Z,4391.2998046875,4396.3999023438,4391.2998046875,4394.7998046875,143,0.0,0.0,GC=F,NA,NA,USD
2026-08-10T12:08:00.000Z,4394.6000976562,4395.1000976562,4393.1000976562,4393.3999023438,57,0.0,0.0,GC=F,NA,NA,USD
2026-08-10T12:09:00.000Z,4393.2998046875,4394.2001953125,4393.2001953125,4394.0,23,0.0,0.0,GC=F,NA,NA,USD
2026-08-10T12:10:00.000Z,4393.8999023438,4394.5,4393.3999023438,4393.3999023438,35,0.0,0.0,GC=F,NA,NA,USD
2026-08-10T12:11:00.000Z,4392.7998046875,4392.7998046875,4391.3999023438,4391.3999023438,36,0.0,0.0,GC=F,NA,NA,USD
2026-08-10T12:12:00.000Z,4391.6000976562,4392.3999023438,4391.2001953125,4392.2001953125,47,0.0,0.0,GC=F,NA,NA,USD
2026-08-10T12:13:00.000Z,4392.3999023438,4392.3999023438,4389.6000976562,4390.2998046875,120,0.0,0.0,GC=F,NA,NA,USD
2026-08-10T12:14:00.000Z,4390.2998046875,4390.7998046875,4389.6000976562,4390.3999023438,55,0.0,0.0,GC=F,NA,NA,USD
2026-08-10T12:15:00.000Z,4390.7001953125,4391.2001953125,4390.0,4390.5,27,0.0,0.0,GC=F,NA,NA,USD
2026-08-10T12:16:00.000Z,4390.2998046875,4390.5,4388.5,4388.5,48,0.0,0.0,GC=F,NA,NA,USD
2026-08-10T12:17:00.000Z,4388.2001953125,4389.2001953125,4387.6000976562,4389.0,68,0.0,0.0,GC=F,NA,NA,USD
2026-08-10T12:18:00.000Z,4388.8999023438,4389.3999023438,4388.0,4388.0,131,0.0,0.0,GC=F,NA,NA,USD
2026-08-10T12:19:00.000Z,4388.0,4388.7998046875,4387.2001953125,4387.2001953125,117,0.0,0.0,GC=F,NA,NA,USD
2026-08-10T12:20:00.000Z,4387.7001953125,4390.0,4387.3999023438,4389.0,129,0.0,0.0,GC=F,NA,NA,USD
2026-08-10T12:21:00.000Z,4388.8999023438,4388.8999023438,4387.1000976562,4387.5,59,0.0,0.0,GC=F,NA,NA,USD
2026-08-10T12:22:00.000Z,4387.3999023438,4388.1000976562,4386.3999023438,4387.3999023438,91,0.0,0.0,GC=F,NA,NA,USD
2026-08-10T12:23:00.000Z,4387.2998046875,4387.5,4385.2998046875,4385.7998046875,105,0.0,0.0,GC=F,NA,NA,USD
2026-08-10T12:24:00.000Z,4385.7001953125,4386.7001953125,4385.1000976562,4386.3999023438,100,0.0,0.0,GC=F,NA,NA,USD
2026-08-10T12:25:00.000Z,4386.0,4386.6000976562,4385.2998046875,4385.7001953125,53,0.0,0.0,GC=F,NA,NA,USD
2026-08-10T12:26:00.000Z,4386.1000976562,4386.2001953125,4382.7998046875,4384.5,285,0.0,0.0,GC=F,NA,NA,USD
2026-08-10T12:27:00.000Z,4384.5,4386.1000976562,4384.1000976562,4385.8999023438,57,0.0,0.0,GC=F,NA,NA,USD
2026-08-10T12:28:00.000Z,4385.7998046875,4386.6000976562,4384.5,4386.2001953125,67,0.0,0.0,GC=F,NA,NA,USD
2026-08-10T12:29:00.000Z,4386.2998046875,4386.7998046875,4385.7998046875,4386.5,45,0.0,0.0,GC=F,NA,NA,USD
2026-08-10T12:30:00.000Z,4386.3999023438,4389.0,4385.2001953125,4388.0,187,0.0,0.0,GC=F,NA,NA,USD
2026-08-10T12:31:00.000Z,4388.1000976562,4390.2001953125,4387.7998046875,4390.2001953125,141,0.0,0.0,GC=F,NA,NA,USD
2026-08-10T12:32:00.000Z,4390.0,4390.2001953125,4388.6000976562,4389.5,79,0.0,0.0,GC=F,NA,NA,USD
2026-08-10T12:33:00.000Z,4389.2001953125,4389.6000976562,4387.2998046875,4387.3999023438,81,0.0,0.0,GC=F,NA,NA,USD
2026-08-10T12:34:00.000Z,4387.2998046875,4387.5,4385.8999023438,4386.7001953125,54,0.0,0.0,GC=F,NA,NA,USD
2026-08-10T12:35:00.000Z,4386.6000976562,4387.3999023438,4385.3999023438,4387.3999023438,53,0.0,0.0,GC=F,NA,NA,USD
2026-08-10T12:36:00.000Z,4387.2001953125,4389.2998046875,4387.2001953125,4389.0,85,0.0,0.0,GC=F,NA,NA,USD
2026-08-10T12:37:00.000Z,4389.1000976562,4389.8999023438,4388.3999023438,4389.8999023438,74,0.0,0.0,GC=F,NA,NA,USD
2026-08-10T12:38:00.000Z,4390.0,4391.5,4389.7001953125,4390.3999023438,138,0.0,0.0,GC=F,NA,NA,USD
2026-08-10T12:39:00.000Z,4390.2998046875,4390.6000976562,4388.5,4389.7998046875,90,0.0,0.0,GC=F,NA,NA,USD
2026-08-10T12:40:00.000Z,4390.0,4390.6000976562,4389.0,4390.1000976562,38,0.0,0.0,GC=F,NA,NA,USD
2026-08-10T12:41:00.000Z,4390.2998046875,4391.3999023438,4388.8999023438,4390.8999023438,86,0.0,0.0,GC=F,NA,NA,USD
2026-08-10T12:42:00.000Z,4390.8999023438,4391.2998046875,4389.7001953125,4390.7998046875,92,0.0,0.0,GC=F,NA,NA,USD
2026-08-10T12:43:00.000Z,4390.7998046875,4390.7998046875,4388.1000976562,4388.7998046875,66,0.0,0.0,GC=F,NA,NA,USD
2026-08-10T12:44:00.000Z,4388.6000976562,4389.2998046875,4387.7998046875,4387.8999023438,40,0.0,0.0,GC=F,NA,NA,USD
2026-08-10T12:45:00.000Z,4387.6000976562,4390.0,4387.2998046875,4390.0,49,0.0,0.0,GC=F,NA,NA,USD
2026-08-10T12:46:00.000Z,4390.1000976562,4390.1000976562,4388.3999023438,4389.2001953125,35,0.0,0.0,GC=F,NA,NA,USD
2026-08-10T12:47:00.000Z,4389.5,4390.7001953125,4389.2001953125,4390.2998046875,26,0.0,0.0,GC=F,NA,NA,USD
2026-08-10T12:48:00.000Z,4390.7001953125,4391.5,4390.1000976562,4391.2001953125,70,0.0,0.0,GC=F,NA,NA,USD
2026-08-10T12:49:00.000Z,4391.5,4392.1000976562,4390.1000976562,4390.5,54,0.0,0.0,GC=F,NA,NA,USD
2026-08-10T12:50:00.000Z,4390.2001953125,4390.2998046875,4388.5,4388.7998046875,34,0.0,0.0,GC=F,NA,NA,USD
2026-08-10T12:51:00.000Z,4388.7998046875,4390.2001953125,4388.5,4389.8999023438,72,0.0,0.0,GC=F,NA,NA,USD
2026-08-10T12:52:00.000Z,4390.1000976562,4391.3999023438,4390.1000976562,4391.1000976562,31,0.0,0.0,GC=F,NA,NA,USD
2026-08-10T12:53:00.000Z,4390.7998046875,4391.8999023438,4389.8999023438,4390.2998046875,52,0.0,0.0,GC=F,NA,NA,USD
2026-08-10T12:54:00.000Z,4390.2001953125,4391.5,4389.7001953125,4390.7001953125,60,0.0,0.0,GC=F,NA,NA,USD
2026-08-10T12:55:00.000Z,4390.3999023438,4392.5,4389.2001953125,4392.5,88,0.0,0.0,GC=F,NA,NA,USD
2026-08-10T12:56:00.000Z,4392.3999023438,4394.6000976562,4392.3999023438,4393.7001953125,136,0.0,0.0,GC=F,NA,NA,USD
2026-08-10T12:57:00.000Z,4393.3999023438,4393.7001953125,4392.8999023438,4393.0,60,0.0,0.0,GC=F,NA,NA,USD
2026-08-10T12:58:00.000Z,4393.3999023438,4394.3999023438,4393.0,4394.1000976562,50,0.0,0.0,GC=F,NA,NA,USD
2026-08-10T12:59:00.000Z,4393.7998046875,4394.0,4390.6000976562,4391.6000976562,93,0.0,0.0,GC=F,NA,NA,USD
2026-08-10T13:00:00.000Z,4391.1000976562,4393.3999023438,4388.7998046875,4389.2998046875,300,0.0,0.0,GC=F,NA,NA,USD
2026-08-10T13:01:00.000Z,4389.1000976562,4391.0,4388.8999023438,4389.7001953125,111,0.0,0.0,GC=F,NA,NA,USD
2026-08-10T13:02:00.000Z,4389.6000976562,4390.1000976562,4384.7998046875,4385.5,182,0.0,0.0,GC=F,NA,NA,USD
2026-08-10T13:03:00.000Z,4385.6000976562,4387.6000976562,4385.6000976562,4387.6000976562,105,0.0,0.0,GC=F,NA,NA,USD
2026-08-10T13:04:00.000Z,4387.2998046875,4388.1000976562,4385.7001953125,4387.7001953125,243,0.0,0.0,GC=F,NA,NA,USD
2026-08-10T13:05:00.000Z,4387.7001953125,4390.2998046875,4387.0,4389.5,113,0.0,0.0,GC=F,NA,NA,USD
2026-08-10T13:06:00.000Z,4389.7001953125,4391.2001953125,4388.8999023438,4388.8999023438,112,0.0,0.0,GC=F,NA,NA,USD
2026-08-10T13:07:00.000Z,4388.7998046875,4390.2998046875,4388.7998046875,4389.7998046875,57,0.0,0.0,GC=F,NA,NA,USD
2026-08-10T13:08:00.000Z,4390.0,4390.3999023438,4388.5,4389.7001953125,56,0.0,0.0,GC=F,NA,NA,USD
2026-08-10T13:09:00.000Z,4389.5,4393.2998046875,4389.5,4393.2001953125,83,0.0,0.0,GC=F,NA,NA,USD
2026-08-10T13:10:00.000Z,4393.2998046875,4394.3999023438,4392.7998046875,4393.8999023438,121,0.0,0.0,GC=F,NA,NA,USD
2026-08-10T13:11:00.000Z,4394.0,4395.7998046875,4393.8999023438,4395.6000976562,235,0.0,0.0,GC=F,NA,NA,USD
2026-08-10T13:12:00.000Z,4395.7998046875,4396.3999023438,4394.5,4394.5,129,0.0,0.0,GC=F,NA,NA,USD
2026-08-10T13:13:00.000Z,4394.3999023438,4395.7998046875,4393.7001953125,4395.7998046875,66,0.0,0.0,GC=F,NA,NA,USD
2026-08-10T13:14:00.000Z,4396.0,4396.6000976562,4394.5,4396.1000976562,92,0.0,0.0,GC=F,NA,NA,USD
2026-08-10T13:15:00.000Z,4396.3999023438,4396.3999023438,4394.5,4396.1000976562,63,0.0,0.0,GC=F,NA,NA,USD
2026-08-10T13:16:00.000Z,4396.0,4396.2001953125,4394.7998046875,4395.2998046875,171,0.0,0.0,GC=F,NA,NA,USD
2026-08-10T13:17:00.000Z,4395.0,4396.5,4394.2001953125,4395.8999023438,72,0.0,0.0,GC=F,NA,NA,USD
2026-08-10T13:18:00.000Z,4395.7998046875,4395.8999023438,4393.5,4394.2998046875,69,0.0,0.0,GC=F,NA,NA,USD
2026-08-10T13:19:00.000Z,4394.2998046875,4394.2998046875,4393.2998046875,4394.1000976562,33,0.0,0.0,GC=F,NA,NA,USD
2026-08-10T13:20:00.000Z,4393.8999023438,4395.0,4393.1000976562,4393.7998046875,106,0.0,0.0,GC=F,NA,NA,USD
2026-08-10T13:21:00.000Z,4393.7998046875,4395.7001953125,4393.2001953125,4393.7001953125,76,0.0,0.0,GC=F,NA,NA,USD
2026-08-10T13:22:00.000Z,4394.1000976562,4394.5,4388.7998046875,4389.0,168,0.0,0.0,GC=F,NA,NA,USD
2026-08-10T13:23:00.000Z,4388.8999023438,4389.7998046875,4388.1000976562,4389.0,118,0.0,0.0,GC=F,NA,NA,USD
2026-08-10T13:24:00.000Z,4389.2998046875,4390.3999023438,4387.8999023438,4389.7001953125,84,0.0,0.0,GC=F,NA,NA,USD
2026-08-10T13:25:00.000Z,4389.5,4391.7998046875,4389.1000976562,4391.7998046875,58,0.0,0.0,GC=F,NA,NA,USD
2026-08-10T13:26:00.000Z,4391.3999023438,4393.2001953125,4390.6000976562,4392.6000976562,160,0.0,0.0,GC=F,NA,NA,USD
2026-08-10T13:27:00.000Z,4392.7001953125,4393.2998046875,4391.2998046875,4391.6000976562,72,0.0,0.0,GC=F,NA,NA,USD
2026-08-10T13:28:00.000Z,4391.8999023438,4392.5,4391.3999023438,4392.0,44,0.0,0.0,GC=F,NA,NA,USD
2026-08-10T13:29:00.000Z,4392.2998046875,4394.2998046875,4391.8999023438,4394.0,97,0.0,0.0,GC=F,NA,NA,USD
2026-08-10T13:30:00.000Z,4394.0,4397.2001953125,4392.7998046875,4395.1000976562,246,0.0,0.0,GC=F,NA,NA,USD
2026-08-10T13:31:00.000Z,4395.2998046875,4395.5,4390.6000976562,4392.1000976562,310,0.0,0.0,GC=F,NA,NA,USD
2026-08-10T13:32:00.000Z,4392.0,4394.8999023438,4391.3999023438,4394.7998046875,106,0.0,0.0,GC=F,NA,NA,USD
2026-08-10T13:33:00.000Z,4394.7001953125,4395.7001953125,4393.6000976562,4394.8999023438,67,0.0,0.0,GC=F,NA,NA,USD
2026-08-10T13:34:00.000Z,4394.8999023438,4397.2001953125,4393.3999023438,4395.5,400,0.0,0.0,GC=F,NA,NA,USD
2026-08-10T13:35:00.000Z,4395.3999023438,4396.8999023438,4394.7001953125,4396.0,127,0.0,0.0,GC=F,NA,NA,USD
2026-08-10T13:36:00.000Z,4396.2001953125,4398.0,4395.2998046875,4397.0,285,0.0,0.0,GC=F,NA,NA,USD
2026-08-10T13:37:00.000Z,4397.1000976562,4398.1000976562,4395.8999023438,4396.2001953125,200,0.0,0.0,GC=F,NA,NA,USD
2026-08-10T13:38:00.000Z,4396.2001953125,4398.3999023438,4394.7998046875,4396.7001953125,125,0.0,0.0,GC=F,NA,NA,USD
2026-08-10T13:39:00.000Z,4396.5,4397.2001953125,4395.6000976562,4396.3999023438,79,0.0,0.0,GC=F,NA,NA,USD
2026-08-10T13:40:00.000Z,4396.5,4396.7001953125,4392.8999023438,4393.2998046875,95,0.0,0.0,GC=F,NA,NA,USD
2026-08-10T13:41:00.000Z,4393.2001953125,4395.7001953125,4392.7998046875,4394.6000976562,92,0.0,0.0,GC=F,NA,NA,USD
2026-08-10T13:42:00.000Z,4394.2001953125,4394.7998046875,4392.8999023438,4394.0,134,0.0,0.0,GC=F,NA,NA,USD
2026-08-10T13:43:00.000Z,4393.6000976562,4394.2998046875,4390.7001953125,4390.7001953125,103,0.0,0.0,GC=F,NA,NA,USD
2026-08-10T13:44:00.000Z,4390.5,4391.1000976562,4388.0,4389.2001953125,157,0.0,0.0,GC=F,NA,NA,USD
2026-08-10T13:45:00.000Z,4388.7998046875,4390.2001953125,4388.3999023438,4388.7001953125,167,0.0,0.0,GC=F,NA,NA,USD
2026-08-10T13:46:00.000Z,4388.2998046875,4388.3999023438,4384.6000976562,4385.2998046875,444,0.0,0.0,GC=F,NA,NA,USD
2026-08-10T13:47:00.000Z,4385.2001953125,4388.1000976562,4383.0,4387.3999023438,449,0.0,0.0,GC=F,NA,NA,USD
2026-08-10T13:48:00.000Z,4387.2001953125,4389.2001953125,4386.2001953125,4389.1000976562,123,0.0,0.0,GC=F,NA,NA,USD
2026-08-10T13:49:00.000Z,4388.7998046875,4389.2001953125,4383.7001953125,4385.7998046875,248,0.0,0.0,GC=F,NA,NA,USD
2026-08-10T13:50:00.000Z,4385.8999023438,4386.6000976562,4383.7998046875,4385.5,233,0.0,0.0,GC=F,NA,NA,USD
2026-08-10T13:51:00.000Z,4385.5,4385.6000976562,4381.0,4384.2998046875,378,0.0,0.0,GC=F,NA,NA,USD
2026-08-10T13:52:00.000Z,4384.2998046875,4384.2998046875,4379.5,4383.6000976562,582,0.0,0.0,GC=F,NA,NA,USD
2026-08-10T13:53:00.000Z,4383.2998046875,4384.5,4381.1000976562,4382.8999023438,263,0.0,0.0,GC=F,NA,NA,USD
2026-08-10T13:54:00.000Z,4383.0,4383.2001953125,4380.7001953125,4382.0,95,0.0,0.0,GC=F,NA,NA,USD
2026-08-10T13:55:00.000Z,4381.3999023438,4383.2998046875,4381.3999023438,4382.6000976562,143,0.0,0.0,GC=F,NA,NA,USD
2026-08-10T13:56:00.000Z,4382.6000976562,4382.6000976562,4379.3999023438,4379.5,160,0.0,0.0,GC=F,NA,NA,USD
2026-08-10T13:57:00.000Z,4380.0,4380.0,4377.3999023438,4378.0,271,0.0,0.0,GC=F,NA,NA,USD
2026-08-10T13:58:00.000Z,4378.1000976562,4379.2001953125,4375.6000976562,4376.0,402,0.0,0.0,GC=F,NA,NA,USD
2026-08-10T13:59:00.000Z,4375.5,4376.6000976562,4375.0,4376.2998046875,359,0.0,0.0,GC=F,NA,NA,USD
2026-08-10T14:00:00.000Z,4376.2001953125,4381.7001953125,4376.2001953125,4380.8999023438,451,0.0,0.0,GC=F,NA,NA,USD
2026-08-10T14:01:00.000Z,4380.8999023438,4383.7001953125,4380.6000976562,4383.5,245,0.0,0.0,GC=F,NA,NA,USD
2026-08-10T14:02:00.000Z,4383.7001953125,4383.8999023438,4382.5,4383.2998046875,132,0.0,0.0,GC=F,NA,NA,USD
2026-08-10T14:03:00.000Z,4383.3999023438,4383.5,4381.6000976562,4382.0,135,0.0,0.0,GC=F,NA,NA,USD
2026-08-10T14:04:00.000Z,4382.5,4383.2001953125,4381.2998046875,4381.8999023438,76,0.0,0.0,GC=F,NA,NA,USD
2026-08-10T14:05:00.000Z,4382.0,4383.7001953125,4380.2998046875,4380.3999023438,205,0.0,0.0,GC=F,NA,NA,USD
2026-08-10T14:06:00.000Z,4380.5,4384.6000976562,4380.2001953125,4384.1000976562,364,0.0,0.0,GC=F,NA,NA,USD
2026-08-10T14:07:00.000Z,4383.8999023438,4385.0,4382.6000976562,4384.1000976562,177,0.0,0.0,GC=F,NA,NA,USD
2026-08-10T14:08:00.000Z,4384.0,4384.7001953125,4382.7001953125,4383.6000976562,139,0.0,0.0,GC=F,NA,NA,USD
2026-08-10T14:09:00.000Z,4383.5,4384.6000976562,4382.7001953125,4383.0,100,0.0,0.0,GC=F,NA,NA,USD
2026-08-10T14:10:00.000Z,4383.2001953125,4385.1000976562,4383.2001953125,4384.5,107,0.0,0.0,GC=F,NA,NA,USD
2026-08-10T14:11:00.000Z,4384.7998046875,4386.2001953125,4384.0,4385.1000976562,112,0.0,0.0,GC=F,NA,NA,USD
2026-08-10T14:12:00.000Z,4385.2998046875,4386.2998046875,4385.0,4386.1000976562,136,0.0,0.0,GC=F,NA,NA,USD
2026-08-10T14:13:00.000Z,4385.6000976562,4388.5,4385.6000976562,4388.3999023438,167,0.0,0.0,GC=F,NA,NA,USD
2026-08-10T14:14:00.000Z,4388.2001953125,4390.0,4388.2001953125,4388.7998046875,178,0.0,0.0,GC=F,NA,NA,USD
2026-08-10T14:15:00.000Z,4388.7001953125,4389.8999023438,4387.2998046875,4388.2998046875,105,0.0,0.0,GC=F,NA,NA,USD
2026-08-10T14:16:00.000Z,4388.5,4391.2001953125,4387.7001953125,4390.7998046875,175,0.0,0.0,GC=F,NA,NA,USD
2026-08-10T14:17:00.000Z,4390.7001953125,4392.1000976562,4390.5,4391.8999023438,280,0.0,0.0,GC=F,NA,NA,USD
2026-08-10T14:18:00.000Z,4392.0,4395.2998046875,4391.7001953125,4394.6000976562,605,0.0,0.0,GC=F,NA,NA,USD
2026-08-10T14:19:00.000Z,4394.5,4394.6000976562,4392.3999023438,4392.8999023438,447,0.0,0.0,GC=F,NA,NA,USD
2026-08-10T14:20:00.000Z,4393.0,4394.2998046875,4392.7001953125,4394.0,135,0.0,0.0,GC=F,NA,NA,USD
2026-08-10T14:21:00.000Z,4393.6000976562,4393.8999023438,4391.3999023438,4392.2001953125,119,0.0,0.0,GC=F,NA,NA,USD
2026-08-10T14:22:00.000Z,4392.2001953125,4397.8999023438,4392.2001953125,4397.2001953125,360,0.0,0.0,GC=F,NA,NA,USD
2026-08-10T14:23:00.000Z,4397.1000976562,4399.2001953125,4396.7001953125,4398.3999023438,317,0.0,0.0,GC=F,NA,NA,USD
2026-08-10T14:24:00.000Z,4398.2001953125,4399.2998046875,4396.0,4397.5,416,0.0,0.0,GC=F,NA,NA,USD
2026-08-10T14:25:00.000Z,4397.5,4401.2001953125,4397.2001953125,4400.6000976562,422,0.0,0.0,GC=F,NA,NA,USD
2026-08-10T14:26:00.000Z,4400.7001953125,4404.7998046875,4400.7001953125,4404.5,485,0.0,0.0,GC=F,NA,NA,USD
2026-08-10T14:27:00.000Z,4404.2998046875,4406.6000976562,4403.7998046875,4404.6000976562,367,0.0,0.0,GC=F,NA,NA,USD
2026-08-10T14:28:00.000Z,4404.6000976562,4407.2001953125,4403.6000976562,4405.7998046875,214,0.0,0.0,GC=F,NA,NA,USD
2026-08-10T14:29:00.000Z,4406.1000976562,4407.2001953125,4404.3999023438,4404.3999023438,201,0.0,0.0,GC=F,NA,NA,USD
2026-08-10T14:30:00.000Z,4404.2998046875,4407.0,4404.2998046875,4406.2998046875,230,0.0,0.0,GC=F,NA,NA,USD
2026-08-10T14:31:00.000Z,4406.3999023438,4408.8999023438,4406.3999023438,4408.1000976562,319,0.0,0.0,GC=F,NA,NA,USD
2026-08-10T14:32:00.000Z,4408.0,4411.2998046875,4407.1000976562,4407.6000976562,649,0.0,0.0,GC=F,NA,NA,USD
2026-08-10T14:33:00.000Z,4407.6000976562,4407.6000976562,4404.7001953125,4405.0,336,0.0,0.0,GC=F,NA,NA,USD
2026-08-10T14:34:00.000Z,4404.7998046875,4407.2998046875,4404.6000976562,4406.5,185,0.0,0.0,GC=F,NA,NA,USD
2026-08-10T14:35:00.000Z,4406.5,4407.6000976562,4404.6000976562,4405.0,254,0.0,0.0,GC=F,NA,NA,USD
2026-08-10T14:36:00.000Z,4404.7998046875,4405.3999023438,4404.0,4405.0,184,0.0,0.0,GC=F,NA,NA,USD
2026-08-10T14:37:00.000Z,4405.1000976562,4406.7001953125,4405.0,4406.7001953125,96,0.0,0.0,GC=F,NA,NA,USD
2026-08-10T14:38:00.000Z,4407.0,4408.3999023438,4405.7001953125,4405.7001953125,129,0.0,0.0,GC=F,NA,NA,USD
2026-08-10T14:39:00.000Z,4405.7001953125,4406.7998046875,4404.6000976562,4406.0,144,0.0,0.0,GC=F,NA,NA,USD
2026-08-10T14:40:00.000Z,4406.1000976562,4407.3999023438,4405.5,4406.0,162,0.0,0.0,GC=F,NA,NA,USD
2026-08-10T14:41:00.000Z,4406.3999023438,4409.5,4406.2001953125,4408.7001953125,207,0.0,0.0,GC=F,NA,NA,USD
2026-08-10T14:42:00.000Z,4408.8999023438,4409.6000976562,4408.2001953125,4409.2998046875,131,0.0,0.0,GC=F,NA,NA,USD
2026-08-10T14:43:00.000Z,4409.2998046875,4409.5,4407.2998046875,4407.6000976562,175,0.0,0.0,GC=F,NA,NA,USD
2026-08-10T14:44:00.000Z,4407.8999023438,4409.1000976562,4407.2001953125,4409.1000976562,94,0.0,0.0,GC=F,NA,NA,USD
2026-08-10T14:45:00.000Z,4409.2001953125,4410.2998046875,4408.7998046875,4410.1000976562,248,0.0,0.0,GC=F,NA,NA,USD
2026-08-10T14:46:00.000Z,4410.0,4410.6000976562,4408.2998046875,4408.2998046875,334,0.0,0.0,GC=F,NA,NA,USD
2026-08-10T14:47:00.000Z,4408.2998046875,4408.7998046875,4407.2998046875,4407.3999023438,134,0.0,0.0,GC=F,NA,NA,USD
2026-08-10T14:48:00.000Z,4407.7998046875,4407.7998046875,4405.7998046875,4406.2001953125,111,0.0,0.0,GC=F,NA,NA,USD
2026-08-10T14:49:00.000Z,4406.2998046875,4407.8999023438,4405.8999023438,4407.2998046875,162,0.0,0.0,GC=F,NA,NA,USD
2026-08-10T14:50:00.000Z,4407.2001953125,4407.2001953125,4404.3999023438,4404.7001953125,110,0.0,0.0,GC=F,NA,NA,USD
2026-08-10T14:51:00.000Z,4404.7001953125,4405.3999023438,4403.3999023438,4404.1000976562,181,0.0,0.0,GC=F,NA,NA,USD
2026-08-10T14:52:00.000Z,4404.1000976562,4405.2001953125,4404.0,4404.8999023438,68,0.0,0.0,GC=F,NA,NA,USD
2026-08-10T14:53:00.000Z,4405.2001953125,4405.5,4403.7998046875,4403.8999023438,157,0.0,0.0,GC=F,NA,NA,USD
2026-08-10T14:54:00.000Z,4403.8999023438,4403.8999023438,4402.5,4402.5,159,0.0,0.0,GC=F,NA,NA,USD
2026-08-10T14:55:00.000Z,4402.7001953125,4403.5,4402.3999023438,4403.3999023438,99,0.0,0.0,GC=F,NA,NA,USD
2026-08-10T14:56:00.000Z,4403.6000976562,4405.2998046875,4403.3999023438,4404.6000976562,73,0.0,0.0,GC=F,NA,NA,USD
2026-08-10T14:57:00.000Z,4404.0,4404.1000976562,4402.8999023438,4403.5,62,0.0,0.0,GC=F,NA,NA,USD
2026-08-10T14:58:00.000Z,4403.5,4405.0,4403.2998046875,4404.7001953125,64,0.0,0.0,GC=F,NA,NA,USD
2026-08-10T14:59:00.000Z,4404.6000976562,4405.2998046875,4404.0,4405.2001953125,62,0.0,0.0,GC=F,NA,NA,USD
2026-08-10T15:00:00.000Z,4405.2001953125,4406.3999023438,4403.7001953125,4403.8999023438,140,0.0,0.0,GC=F,NA,NA,USD
2026-08-10T15:01:00.000Z,4404.1000976562,4404.2998046875,4403.2998046875,4403.3999023438,110,0.0,0.0,GC=F,NA,NA,USD
2026-08-10T15:02:00.000Z,4403.5,4404.6000976562,4403.5,4404.3999023438,70,0.0,0.0,GC=F,NA,NA,USD
2026-08-10T15:03:00.000Z,4404.6000976562,4408.6000976562,4404.3999023438,4408.6000976562,277,0.0,0.0,GC=F,NA,NA,USD
2026-08-10T15:04:00.000Z,4408.5,4408.7998046875,4406.8999023438,4406.8999023438,120,0.0,0.0,GC=F,NA,NA,USD
2026-08-10T15:05:00.000Z,4407.0,4407.7001953125,4406.0,4406.2998046875,65,0.0,0.0,GC=F,NA,NA,USD
2026-08-10T15:06:00.000Z,4406.7001953125,4409.7001953125,4406.6000976562,4409.6000976562,162,0.0,0.0,GC=F,NA,NA,USD
2026-08-10T15:07:00.000Z,4409.5,4411.7998046875,4409.1000976562,4410.2998046875,445,0.0,0.0,GC=F,NA,NA,USD
2026-08-10T15:08:00.000Z,4410.3999023438,4410.5,4405.0,4405.0,200,0.0,0.0,GC=F,NA,NA,USD
2026-08-10T15:09:00.000Z,4404.8999023438,4405.0,4402.7001953125,4404.6000976562,310,0.0,0.0,GC=F,NA,NA,USD
2026-08-10T15:10:00.000Z,4404.3999023438,4405.6000976562,4403.0,4404.6000976562,199,0.0,0.0,GC=F,NA,NA,USD
2026-08-10T15:11:00.000Z,4404.6000976562,4407.2998046875,4404.3999023438,4405.5,131,0.0,0.0,GC=F,NA,NA,USD
2026-08-10T15:12:00.000Z,4405.3999023438,4406.5,4405.3999023438,4405.7001953125,93,0.0,0.0,GC=F,NA,NA,USD
2026-08-10T15:13:00.000Z,4405.7001953125,4406.7001953125,4405.2998046875,4405.7001953125,75,0.0,0.0,GC=F,NA,NA,USD
2026-08-10T15:14:00.000Z,4405.8999023438,4406.7998046875,4405.7998046875,4406.3999023438,170,0.0,0.0,GC=F,NA,NA,USD
2026-08-10T15:15:00.000Z,4406.3999023438,4409.2998046875,4405.5,4408.0,262,0.0,0.0,GC=F,NA,NA,USD
2026-08-10T15:16:00.000Z,4408.0,4409.5,4408.0,4408.2001953125,107,0.0,0.0,GC=F,NA,NA,USD
2026-08-10T15:17:00.000Z,4408.2998046875,4409.7998046875,4408.2998046875,4409.5,104,0.0,0.0,GC=F,NA,NA,USD
2026-08-10T15:18:00.000Z,4409.6000976562,4410.7998046875,4409.0,4410.1000976562,136,0.0,0.0,GC=F,NA,NA,USD
2026-08-10T15:19:00.000Z,4410.2998046875,4411.6000976562,4408.2001953125,4409.1000976562,143,0.0,0.0,GC=F,NA,NA,USD
2026-08-10T15:20:00.000Z,4409.1000976562,4412.2001953125,4409.0,4411.2001953125,118,0.0,0.0,GC=F,NA,NA,USD
2026-08-10T15:21:00.000Z,4411.1000976562,4411.1000976562,4410.2001953125,4410.2001953125,61,0.0,0.0,GC=F,NA,NA,USD
2026-08-10T15:22:00.000Z,4410.2998046875,4410.6000976562,4408.3999023438,4409.5,188,0.0,0.0,GC=F,NA,NA,USD
2026-08-10T15:23:00.000Z,4409.1000976562,4410.2998046875,4408.7998046875,4409.1000976562,47,0.0,0.0,GC=F,NA,NA,USD
2026-08-10T15:24:00.000Z,4408.8999023438,4409.6000976562,4408.3999023438,4409.0,69,0.0,0.0,GC=F,NA,NA,USD
2026-08-10T15:25:00.000Z,4409.1000976562,4409.3999023438,4407.5,4407.5,47,0.0,0.0,GC=F,NA,NA,USD
2026-08-10T15:26:00.000Z,4407.5,4408.0,4406.7001953125,4407.1000976562,119,0.0,0.0,GC=F,NA,NA,USD
2026-08-10T15:27:00.000Z,4407.2998046875,4409.0,4407.2998046875,4408.2998046875,59,0.0,0.0,GC=F,NA,NA,USD
2026-08-10T15:28:00.000Z,4408.6000976562,4410.7998046875,4408.3999023438,4410.6000976562,125,0.0,0.0,GC=F,NA,NA,USD
2026-08-10T15:29:00.000Z,4410.3999023438,4410.3999023438,4407.8999023438,4408.7998046875,115,0.0,0.0,GC=F,NA,NA,USD
2026-08-10T15:30:00.000Z,4409.0,4410.7998046875,4408.2001953125,4409.6000976562,103,0.0,0.0,GC=F,NA,NA,USD
2026-08-10T15:31:00.000Z,4409.3999023438,4410.6000976562,4408.8999023438,4410.2998046875,83,0.0,0.0,GC=F,NA,NA,USD
2026-08-10T15:32:00.000Z,4410.2998046875,4411.2001953125,4408.6000976562,4409.7001953125,131,0.0,0.0,GC=F,NA,NA,USD
2026-08-10T15:33:00.000Z,4409.5,4409.7001953125,4408.5,4409.0,76,0.0,0.0,GC=F,NA,NA,USD
2026-08-10T15:34:00.000Z,4409.1000976562,4409.2998046875,4407.3999023438,4407.6000976562,66,0.0,0.0,GC=F,NA,NA,USD
2026-08-10T15:35:00.000Z,4407.7998046875,4411.6000976562,4407.7001953125,4410.6000976562,116,0.0,0.0,GC=F,NA,NA,USD
2026-08-10T15:36:00.000Z,4410.3999023438,4411.3999023438,4410.2001953125,4411.2001953125,74,0.0,0.0,GC=F,NA,NA,USD
2026-08-10T15:37:00.000Z,4411.2001953125,4411.3999023438,4409.6000976562,4409.6000976562,136,0.0,0.0,GC=F,NA,NA,USD
2026-08-10T15:38:00.000Z,4409.6000976562,4411.0,4409.2001953125,4410.3999023438,80,0.0,0.0,GC=F,NA,NA,USD
2026-08-10T15:39:00.000Z,4410.1000976562,4410.1000976562,4408.2998046875,4409.7998046875,75,0.0,0.0,GC=F,NA,NA,USD
2026-08-10T15:40:00.000Z,4409.8999023438,4410.7998046875,4409.6000976562,4410.6000976562,93,0.0,0.0,GC=F,NA,NA,USD
2026-08-10T15:41:00.000Z,4410.6000976562,4410.7001953125,4409.2001953125,4409.7001953125,32,0.0,0.0,GC=F,NA,NA,USD
2026-08-10T15:42:00.000Z,4410.1000976562,4411.1000976562,4409.2998046875,4411.1000976562,50,0.0,0.0,GC=F,NA,NA,USD
2026-08-10T15:43:00.000Z,4411.0,4411.1000976562,4410.2001953125,4410.5,40,0.0,0.0,GC=F,NA,NA,USD
2026-08-10T15:44:00.000Z,4410.7001953125,4410.7001953125,4409.1000976562,4409.5,65,0.0,0.0,GC=F,NA,NA,USD
2026-08-10T15:45:00.000Z,4410.0,4410.5,4408.1000976562,4408.7998046875,235,0.0,0.0,GC=F,NA,NA,USD
2026-08-10T15:46:00.000Z,4408.2001953125,4411.3999023438,4408.0,4409.7998046875,203,0.0,0.0,GC=F,NA,NA,USD
2026-08-10T15:47:00.000Z,4409.7998046875,4411.3999023438,4409.5,4411.1000976562,145,0.0,0.0,GC=F,NA,NA,USD
2026-08-10T15:48:00.000Z,4411.2998046875,4412.7001953125,4411.2001953125,4412.3999023438,126,0.0,0.0,GC=F,NA,NA,USD
2026-08-10T15:49:00.000Z,4412.2001953125,4412.7001953125,4411.2001953125,4411.2001953125,66,0.0,0.0,GC=F,NA,NA,USD
2026-08-10T15:50:00.000Z,4411.7001953125,4413.7001953125,4411.7001953125,4413.3999023438,147,0.0,0.0,GC=F,NA,NA,USD
2026-08-10T15:51:00.000Z,4413.3999023438,4416.3999023438,4413.3999023438,4414.7998046875,209,0.0,0.0,GC=F,NA,NA,USD
2026-08-10T15:52:00.000Z,4415.1000976562,4416.1000976562,4414.7001953125,4416.0,204,0.0,0.0,GC=F,NA,NA,USD
2026-08-10T15:53:00.000Z,4416.2998046875,4417.0,4415.7001953125,4415.7998046875,135,0.0,0.0,GC=F,NA,NA,USD
2026-08-10T15:54:00.000Z,4416.3999023438,4417.0,4415.7998046875,4416.6000976562,121,0.0,0.0,GC=F,NA,NA,USD
2026-08-10T15:55:00.000Z,4416.6000976562,4417.3999023438,4415.8999023438,4416.2998046875,61,0.0,0.0,GC=F,NA,NA,USD
2026-08-10T15:56:00.000Z,4416.2001953125,4417.2998046875,4416.1000976562,4416.6000976562,46,0.0,0.0,GC=F,NA,NA,USD
2026-08-10T15:57:00.000Z,4416.6000976562,4417.0,4416.1000976562,4416.7001953125,86,0.0,0.0,GC=F,NA,NA,USD
2026-08-10T15:58:00.000Z,4416.8999023438,4418.5,4416.7001953125,4418.0,147,0.0,0.0,GC=F,NA,NA,USD
2026-08-10T15:59:00.000Z,4418.0,4419.2001953125,4417.7998046875,4417.8999023438,153,0.0,0.0,GC=F,NA,NA,USD
2026-08-10T16:00:00.000Z,4418.1000976562,4419.5,4417.8999023438,4419.3999023438,203,0.0,0.0,GC=F,NA,NA,USD
2026-08-10T16:01:00.000Z,4419.5,4420.0,4417.8999023438,4419.2998046875,219,0.0,0.0,GC=F,NA,NA,USD
2026-08-10T16:02:00.000Z,4419.2001953125,4422.7998046875,4419.2001953125,4422.5,426,0.0,0.0,GC=F,NA,NA,USD
2026-08-10T16:03:00.000Z,4422.3999023438,4423.7998046875,4420.2001953125,4420.7998046875,285,0.0,0.0,GC=F,NA,NA,USD
2026-08-10T16:04:00.000Z,4420.7001953125,4420.7001953125,4417.5,4417.6000976562,230,0.0,0.0,GC=F,NA,NA,USD
2026-08-10T16:05:00.000Z,4417.5,4418.7001953125,4417.5,4418.2001953125,77,0.0,0.0,GC=F,NA,NA,USD
2026-08-10T16:06:00.000Z,4418.0,4418.0,4416.3999023438,4416.7998046875,239,0.0,0.0,GC=F,NA,NA,USD
2026-08-10T16:07:00.000Z,4417.2001953125,4419.0,4416.7998046875,4419.0,194,0.0,0.0,GC=F,NA,NA,USD
2026-08-10T16:08:00.000Z,4418.7998046875,4421.0,4418.7001953125,4419.7001953125,133,0.0,0.0,GC=F,NA,NA,USD
2026-08-10T16:09:00.000Z,4419.8999023438,4423.1000976562,4419.8999023438,4422.8999023438,179,0.0,0.0,GC=F,NA,NA,USD
2026-08-10T16:10:00.000Z,4422.7001953125,4424.5,4422.2998046875,4423.1000976562,282,0.0,0.0,GC=F,NA,NA,USD
2026-08-10T16:11:00.000Z,4423.1000976562,4424.2001953125,4422.7998046875,4423.7001953125,138,0.0,0.0,GC=F,NA,NA,USD
2026-08-10T16:12:00.000Z,4423.8999023438,4423.8999023438,4422.2998046875,4422.5,80,0.0,0.0,GC=F,NA,NA,USD
2026-08-10T16:13:00.000Z,4422.2998046875,4422.3999023438,4420.7998046875,4421.3999023438,43,0.0,0.0,GC=F,NA,NA,USD
2026-08-10T16:14:00.000Z,4421.2001953125,4421.5,4420.6000976562,4420.8999023438,45,0.0,0.0,GC=F,NA,NA,USD
2026-08-10T16:15:00.000Z,4420.8999023438,4421.2998046875,4420.5,4420.7001953125,44,0.0,0.0,GC=F,NA,NA,USD
2026-08-10T16:16:00.000Z,4420.7001953125,4422.0,4420.7001953125,4421.0,40,0.0,0.0,GC=F,NA,NA,USD
2026-08-10T16:17:00.000Z,4421.2998046875,4422.7001953125,4420.8999023438,4421.2001953125,63,0.0,0.0,GC=F,NA,NA,USD
2026-08-10T16:18:00.000Z,4421.5,4422.5,4421.2001953125,4421.7001953125,55,0.0,0.0,GC=F,NA,NA,USD
2026-08-10T16:19:00.000Z,4421.7001953125,4422.0,4420.7998046875,4420.7998046875,39,0.0,0.0,GC=F,NA,NA,USD
2026-08-10T16:20:00.000Z,4420.7001953125,4423.5,4420.7001953125,4423.5,50,0.0,0.0,GC=F,NA,NA,USD
2026-08-10T16:21:00.000Z,4423.1000976562,4423.7998046875,4422.7998046875,4423.0,44,0.0,0.0,GC=F,NA,NA,USD
2026-08-10T16:22:00.000Z,4423.2001953125,4423.6000976562,4421.7001953125,4421.7001953125,106,0.0,0.0,GC=F,NA,NA,USD
2026-08-10T16:23:00.000Z,4422.1000976562,4422.7001953125,4421.0,4422.2998046875,74,0.0,0.0,GC=F,NA,NA,USD
2026-08-10T16:24:00.000Z,4422.2998046875,4423.0,4422.0,4422.6000976562,33,0.0,0.0,GC=F,NA,NA,USD
2026-08-10T16:25:00.000Z,4422.7998046875,4424.0,4422.5,4422.5,75,0.0,0.0,GC=F,NA,NA,USD
2026-08-10T16:26:00.000Z,4422.6000976562,4423.2998046875,4422.0,4422.2998046875,34,0.0,0.0,GC=F,NA,NA,USD
2026-08-10T16:27:00.000Z,4422.2998046875,4423.0,4422.1000976562,4422.2998046875,57,0.0,0.0,GC=F,NA,NA,USD
2026-08-10T16:28:00.000Z,4422.5,4423.1000976562,4421.8999023438,4421.8999023438,22,0.0,0.0,GC=F,NA,NA,USD
2026-08-10T16:29:00.000Z,4422.1000976562,4422.2998046875,4421.2001953125,4422.1000976562,32,0.0,0.0,GC=F,NA,NA,USD
2026-08-10T16:30:00.000Z,4422.2001953125,4422.5,4420.1000976562,4420.2998046875,106,0.0,0.0,GC=F,NA,NA,USD
2026-08-10T16:31:00.000Z,4420.5,4421.8999023438,4411.3999023438,4411.8999023438,729,0.0,0.0,GC=F,NA,NA,USD
2026-08-10T16:32:00.000Z,4412.0,4417.1000976562,4408.6000976562,4415.6000976562,1054,0.0,0.0,GC=F,NA,NA,USD
2026-08-10T16:33:00.000Z,4415.5,4416.2998046875,4413.5,4416.0,174,0.0,0.0,GC=F,NA,NA,USD
2026-08-10T16:34:00.000Z,4415.8999023438,4416.7001953125,4414.6000976562,4416.0,144,0.0,0.0,GC=F,NA,NA,USD
2026-08-10T16:35:00.000Z,4415.8999023438,4418.7998046875,4415.8999023438,4418.5,89,0.0,0.0,GC=F,NA,NA,USD
2026-08-10T16:36:00.000Z,4418.0,4418.2001953125,4417.2001953125,4417.7998046875,54,0.0,0.0,GC=F,NA,NA,USD
2026-08-10T16:37:00.000Z,4418.2998046875,4418.2998046875,4417.2001953125,4417.3999023438,91,0.0,0.0,GC=F,NA,NA,USD
2026-08-10T16:38:00.000Z,4417.8999023438,4418.3999023438,4416.5,4417.3999023438,83,0.0,0.0,GC=F,NA,NA,USD
2026-08-10T16:39:00.000Z,4417.3999023438,4417.3999023438,4414.2998046875,4414.7998046875,95,0.0,0.0,GC=F,NA,NA,USD
2026-08-10T16:40:00.000Z,4415.0,4415.8999023438,4414.5,4415.6000976562,109,0.0,0.0,GC=F,NA,NA,USD
2026-08-10T16:41:00.000Z,4415.6000976562,4416.2001953125,4412.1000976562,4412.5,164,0.0,0.0,GC=F,NA,NA,USD
2026-08-10T16:42:00.000Z,4412.3999023438,4412.7998046875,4411.2998046875,4411.6000976562,123,0.0,0.0,GC=F,NA,NA,USD
2026-08-10T16:43:00.000Z,4411.7001953125,4412.2998046875,4410.6000976562,4411.2998046875,156,0.0,0.0,GC=F,NA,NA,USD
2026-08-10T16:44:00.000Z,4411.0,4411.8999023438,4410.3999023438,4411.0,198,0.0,0.0,GC=F,NA,NA,USD
2026-08-10T16:45:00.000Z,4411.0,4413.2001953125,4411.0,4412.5,102,0.0,0.0,GC=F,NA,NA,USD
2026-08-10T16:46:00.000Z,4412.2001953125,4414.2998046875,4412.2001953125,4414.0,83,0.0,0.0,GC=F,NA,NA,USD
2026-08-10T16:47:00.000Z,4413.7998046875,4414.6000976562,4412.2998046875,4414.2001953125,47,0.0,0.0,GC=F,NA,NA,USD
2026-08-10T16:48:00.000Z,4414.1000976562,4414.2998046875,4412.2998046875,4412.2998046875,38,0.0,0.0,GC=F,NA,NA,USD
2026-08-10T16:49:00.000Z,4412.1000976562,4413.2001953125,4411.6000976562,4412.8999023438,72,0.0,0.0,GC=F,NA,NA,USD
2026-08-10T16:50:00.000Z,4413.1000976562,4413.2998046875,4412.5,4412.7998046875,51,0.0,0.0,GC=F,NA,NA,USD
2026-08-10T16:51:00.000Z,4412.7998046875,4413.0,4412.0,4412.7998046875,112,0.0,0.0,GC=F,NA,NA,USD
2026-08-10T16:52:00.000Z,4412.8999023438,4413.3999023438,4412.7998046875,4413.2998046875,37,0.0,0.0,GC=F,NA,NA,USD
2026-08-10T16:53:00.000Z,4413.1000976562,4413.1000976562,4411.6000976562,4412.2998046875,52,0.0,0.0,GC=F,NA,NA,USD
2026-08-10T16:54:00.000Z,4412.0,4413.2001953125,4411.8999023438,4413.1000976562,70,0.0,0.0,GC=F,NA,NA,USD
2026-08-10T16:55:00.000Z,4413.0,4413.3999023438,4412.2998046875,4412.7001953125,31,0.0,0.0,GC=F,NA,NA,USD
2026-08-10T16:56:00.000Z,4412.7001953125,4412.7998046875,4411.5,4412.6000976562,32,0.0,0.0,GC=F,NA,NA,USD
2026-08-10T16:57:00.000Z,4412.3999023438,4413.8999023438,4412.2998046875,4413.7998046875,51,0.0,0.0,GC=F,NA,NA,USD
2026-08-10T16:58:00.000Z,4413.7001953125,4415.2998046875,4413.7001953125,4414.7998046875,58,0.0,0.0,GC=F,NA,NA,USD
2026-08-10T16:59:00.000Z,4415.2001953125,4416.5,4414.7998046875,4416.2998046875,108,0.0,0.0,GC=F,NA,NA,USD
2026-08-10T17:00:00.000Z,4416.3999023438,4417.1000976562,4416.1000976562,4416.5,79,0.0,0.0,GC=F,NA,NA,USD
2026-08-10T17:01:00.000Z,4416.1000976562,4416.8999023438,4415.7001953125,4416.1000976562,65,0.0,0.0,GC=F,NA,NA,USD
2026-08-10T17:02:00.000Z,4416.2001953125,4416.5,4415.6000976562,4415.7001953125,32,0.0,0.0,GC=F,NA,NA,USD
2026-08-10T17:03:00.000Z,4415.6000976562,4416.0,4414.7001953125,4414.7001953125,79,0.0,0.0,GC=F,NA,NA,USD
2026-08-10T17:04:00.000Z,4414.5,4414.5,4413.3999023438,4413.8999023438,65,0.0,0.0,GC=F,NA,NA,USD
2026-08-10T17:05:00.000Z,4413.7001953125,4413.7001953125,4412.5,4412.7998046875,45,0.0,0.0,GC=F,NA,NA,USD
2026-08-10T17:06:00.000Z,4412.6000976562,4413.0,4410.5,4412.3999023438,337,0.0,0.0,GC=F,NA,NA,USD
2026-08-10T17:07:00.000Z,4412.5,4413.0,4412.2001953125,4412.6000976562,55,0.0,0.0,GC=F,NA,NA,USD
2026-08-10T17:08:00.000Z,4412.6000976562,4414.5,4412.6000976562,4414.2001953125,45,0.0,0.0,GC=F,NA,NA,USD
2026-08-10T17:09:00.000Z,4414.2998046875,4416.3999023438,4414.2998046875,4414.8999023438,230,0.0,0.0,GC=F,NA,NA,USD
2026-08-10T17:10:00.000Z,4415.1000976562,4416.3999023438,4414.3999023438,4416.0,86,0.0,0.0,GC=F,NA,NA,USD
2026-08-10T17:11:00.000Z,4415.8999023438,4416.0,4415.5,4415.6000976562,20,0.0,0.0,GC=F,NA,NA,USD
2026-08-10T17:12:00.000Z,4416.0,4416.2998046875,4415.6000976562,4415.8999023438,44,0.0,0.0,GC=F,NA,NA,USD
2026-08-10T17:13:00.000Z,4416.0,4417.2998046875,4415.8999023438,4416.8999023438,39,0.0,0.0,GC=F,NA,NA,USD
2026-08-10T17:14:00.000Z,4417.0,4417.0,4416.1000976562,4416.5,72,0.0,0.0,GC=F,NA,NA,USD
2026-08-10T17:15:00.000Z,4416.1000976562,4416.2998046875,4415.5,4415.7998046875,252,0.0,0.0,GC=F,NA,NA,USD
2026-08-10T17:16:00.000Z,4415.8999023438,4415.8999023438,4415.1000976562,4415.7001953125,54,0.0,0.0,GC=F,NA,NA,USD
2026-08-10T17:17:00.000Z,4415.7001953125,4417.2998046875,4415.7001953125,4416.7998046875,89,0.0,0.0,GC=F,NA,NA,USD
2026-08-10T17:18:00.000Z,4417.0,4417.1000976562,4415.5,4415.8999023438,106,0.0,0.0,GC=F,NA,NA,USD
2026-08-10T17:19:00.000Z,4416.0,4416.7998046875,4415.7998046875,4416.1000976562,95,0.0,0.0,GC=F,NA,NA,USD
2026-08-10T17:20:00.000Z,4416.5,4417.7001953125,4416.5,4416.7998046875,81,0.0,0.0,GC=F,NA,NA,USD
2026-08-10T17:21:00.000Z,4417.1000976562,4417.7001953125,4417.0,4417.0,77,0.0,0.0,GC=F,NA,NA,USD
2026-08-10T17:22:00.000Z,4417.1000976562,4419.0,4417.1000976562,4418.7001953125,108,0.0,0.0,GC=F,NA,NA,USD
2026-08-10T17:23:00.000Z,4418.7001953125,4419.7001953125,4418.5,4419.0,73,0.0,0.0,GC=F,NA,NA,USD
2026-08-10T17:24:00.000Z,4418.8999023438,4419.3999023438,4418.6000976562,4419.2001953125,101,0.0,0.0,GC=F,NA,NA,USD
2026-08-10T17:25:00.000Z,4418.8999023438,4418.8999023438,4417.7998046875,4418.1000976562,68,0.0,0.0,GC=F,NA,NA,USD
2026-08-10T17:26:00.000Z,4418.0,4418.7998046875,4417.8999023438,4418.6000976562,60,0.0,0.0,GC=F,NA,NA,USD
2026-08-10T17:27:00.000Z,4418.3999023438,4419.3999023438,4418.2001953125,4418.8999023438,134,0.0,0.0,GC=F,NA,NA,USD
2026-08-10T17:28:00.000Z,4418.7998046875,4419.6000976562,4418.3999023438,4419.2998046875,110,0.0,0.0,GC=F,NA,NA,USD
2026-08-10T17:29:00.000Z,4419.3999023438,4420.5,4418.6000976562,4420.5,912,0.0,0.0,GC=F,NA,NA,USD
2026-08-10T17:30:00.000Z,4420.2998046875,4420.8999023438,4420.1000976562,4420.2998046875,279,0.0,0.0,GC=F,NA,NA,USD
2026-08-10T17:31:00.000Z,4420.3999023438,4420.5,4419.6000976562,4420.3999023438,93,0.0,0.0,GC=F,NA,NA,USD
2026-08-10T17:32:00.000Z,4420.3999023438,4420.7998046875,4418.8999023438,4420.7001953125,94,0.0,0.0,GC=F,NA,NA,USD
2026-08-10T17:33:00.000Z,4420.7001953125,4421.5,4420.7001953125,4421.5,60,0.0,0.0,GC=F,NA,NA,USD
2026-08-10T17:34:00.000Z,4421.3999023438,4422.2001953125,4421.2001953125,4421.7001953125,77,0.0,0.0,GC=F,NA,NA,USD
2026-08-10T17:35:00.000Z,4421.3999023438,4422.7001953125,4421.3999023438,4422.2001953125,34,0.0,0.0,GC=F,NA,NA,USD
2026-08-10T17:36:00.000Z,4422.2998046875,4423.2001953125,4422.2001953125,4422.7001953125,62,0.0,0.0,GC=F,NA,NA,USD
2026-08-10T17:37:00.000Z,4422.5,4423.2001953125,4422.5,4422.6000976562,51,0.0,0.0,GC=F,NA,NA,USD
2026-08-10T17:38:00.000Z,4422.6000976562,4423.2998046875,4421.5,4423.2998046875,64,0.0,0.0,GC=F,NA,NA,USD
2026-08-10T17:39:00.000Z,4423.2001953125,4425.2001953125,4423.0,4423.2001953125,230,0.0,0.0,GC=F,NA,NA,USD
2026-08-10T17:40:00.000Z,4423.2998046875,4423.2998046875,4421.8999023438,4422.3999023438,37,0.0,0.0,GC=F,NA,NA,USD
2026-08-10T17:41:00.000Z,4422.6000976562,4423.0,4422.3999023438,4422.6000976562,30,0.0,0.0,GC=F,NA,NA,USD
2026-08-10T17:42:00.000Z,4422.5,4423.2998046875,4420.8999023438,4421.5,92,0.0,0.0,GC=F,NA,NA,USD
2026-08-10T17:43:00.000Z,4421.3999023438,4421.3999023438,4419.3999023438,4419.6000976562,45,0.0,0.0,GC=F,NA,NA,USD
2026-08-10T17:44:00.000Z,4419.7001953125,4419.8999023438,4419.0,4419.6000976562,64,0.0,0.0,GC=F,NA,NA,USD
2026-08-10T17:45:00.000Z,4419.5,4419.7001953125,4417.2998046875,4417.2998046875,130,0.0,0.0,GC=F,NA,NA,USD
2026-08-10T17:46:00.000Z,4417.6000976562,4417.7998046875,4417.1000976562,4417.3999023438,124,0.0,0.0,GC=F,NA,NA,USD
2026-08-10T17:47:00.000Z,4417.5,4418.3999023438,4417.3999023438,4418.2001953125,18,0.0,0.0,GC=F,NA,NA,USD
2026-08-10T17:48:00.000Z,4418.3999023438,4419.1000976562,4417.0,4419.0,82,0.0,0.0,GC=F,NA,NA,USD
2026-08-10T17:49:00.000Z,4419.2001953125,4420.2001953125,4419.0,4419.7001953125,32,0.0,0.0,GC=F,NA,NA,USD
2026-08-10T17:50:00.000Z,4419.5,4420.6000976562,4419.2001953125,4420.0,38,0.0,0.0,GC=F,NA,NA,USD
2026-08-10T17:51:00.000Z,4419.2001953125,4419.2998046875,4418.6000976562,4418.7998046875,56,0.0,0.0,GC=F,NA,NA,USD
2026-08-10T17:52:00.000Z,4419.1000976562,4419.7998046875,4419.1000976562,4419.6000976562,13,0.0,0.0,GC=F,NA,NA,USD
2026-08-10T17:53:00.000Z,4419.8999023438,4419.8999023438,4418.3999023438,4418.7001953125,33,0.0,0.0,GC=F,NA,NA,USD
2026-08-10T17:54:00.000Z,4418.3999023438,4418.7998046875,4418.2998046875,4418.2998046875,12,0.0,0.0,GC=F,NA,NA,USD
2026-08-10T17:55:00.000Z,4418.2001953125,4418.2001953125,4416.8999023438,4417.7001953125,58,0.0,0.0,GC=F,NA,NA,USD
2026-08-10T17:56:00.000Z,4417.5,4417.7001953125,4416.6000976562,4417.0,51,0.0,0.0,GC=F,NA,NA,USD
2026-08-10T17:57:00.000Z,4417.2001953125,4418.0,4417.1000976562,4417.8999023438,27,0.0,0.0,GC=F,NA,NA,USD
2026-08-10T17:58:00.000Z,4418.1000976562,4418.6000976562,4418.0,4418.2001953125,30,0.0,0.0,GC=F,NA,NA,USD
2026-08-10T17:59:00.000Z,4418.3999023438,4419.2998046875,4418.1000976562,4419.2001953125,50,0.0,0.0,GC=F,NA,NA,USD
2026-08-10T18:00:00.000Z,4419.3999023438,4421.7998046875,4418.7998046875,4421.6000976562,168,0.0,0.0,GC=F,NA,NA,USD
2026-08-10T18:01:00.000Z,4422.0,4422.8999023438,4421.6000976562,4422.0,104,0.0,0.0,GC=F,NA,NA,USD
2026-08-10T18:02:00.000Z,4422.1000976562,4422.3999023438,4421.8999023438,4422.1000976562,28,0.0,0.0,GC=F,NA,NA,USD
2026-08-10T18:03:00.000Z,4421.7998046875,4422.6000976562,4421.1000976562,4422.2998046875,46,0.0,0.0,GC=F,NA,NA,USD
2026-08-10T18:04:00.000Z,4422.3999023438,4423.2001953125,4422.0,4422.7998046875,25,0.0,0.0,GC=F,NA,NA,USD
2026-08-10T18:05:00.000Z,4422.7001953125,4424.2998046875,4422.7001953125,4424.0,84,0.0,0.0,GC=F,NA,NA,USD
2026-08-10T18:06:00.000Z,4424.2001953125,4424.7998046875,4423.3999023438,4423.6000976562,158,0.0,0.0,GC=F,NA,NA,USD
2026-08-10T18:07:00.000Z,4423.5,4423.8999023438,4422.8999023438,4422.8999023438,65,0.0,0.0,GC=F,NA,NA,USD
2026-08-10T18:08:00.000Z,4423.1000976562,4423.3999023438,4422.8999023438,4422.8999023438,32,0.0,0.0,GC=F,NA,NA,USD
2026-08-10T18:09:00.000Z,4422.7998046875,4423.2998046875,4422.6000976562,4422.7998046875,32,0.0,0.0,GC=F,NA,NA,USD
2026-08-10T18:10:00.000Z,4423.0,4423.7998046875,4422.7001953125,4423.6000976562,29,0.0,0.0,GC=F,NA,NA,USD
2026-08-10T18:11:00.000Z,4423.7998046875,4423.7998046875,4422.8999023438,4423.2001953125,20,0.0,0.0,GC=F,NA,NA,USD
2026-08-10T18:12:00.000Z,4423.1000976562,4423.2001953125,4422.6000976562,4422.8999023438,34,0.0,0.0,GC=F,NA,NA,USD
2026-08-10T18:13:00.000Z,4422.6000976562,4422.8999023438,4422.6000976562,4422.8999023438,4,0.0,0.0,GC=F,NA,NA,USD
2026-08-10T18:14:00.000Z,4422.7001953125,4422.7001953125,4422.1000976562,4422.2998046875,13,0.0,0.0,GC=F,NA,NA,USD
2026-08-10T18:15:00.000Z,4422.0,4423.1000976562,4421.6000976562,4421.7001953125,23,0.0,0.0,GC=F,NA,NA,USD
2026-08-10T18:16:00.000Z,4422.2001953125,4422.3999023438,4420.7001953125,4421.8999023438,131,0.0,0.0,GC=F,NA,NA,USD
2026-08-10T18:17:00.000Z,4421.7998046875,4423.1000976562,4421.6000976562,4422.7001953125,39,0.0,0.0,GC=F,NA,NA,USD
2026-08-10T18:18:00.000Z,4422.8999023438,4423.5,4422.3999023438,4422.3999023438,59,0.0,0.0,GC=F,NA,NA,USD
2026-08-10T18:19:00.000Z,4422.2998046875,4422.2998046875,4421.8999023438,4422.2001953125,15,0.0,0.0,GC=F,NA,NA,USD
2026-08-10T18:20:00.000Z,4422.0,4422.2998046875,4421.3999023438,4422.2998046875,32,0.0,0.0,GC=F,NA,NA,USD
2026-08-10T18:21:00.000Z,4422.3999023438,4423.3999023438,4422.3999023438,4422.6000976562,34,0.0,0.0,GC=F,NA,NA,USD
2026-08-10T18:22:00.000Z,4422.6000976562,4422.7998046875,4422.2001953125,4422.2001953125,37,0.0,0.0,GC=F,NA,NA,USD
2026-08-10T18:23:00.000Z,4422.6000976562,4423.2998046875,4422.6000976562,4423.2998046875,27,0.0,0.0,GC=F,NA,NA,USD
2026-08-10T18:24:00.000Z,4423.6000976562,4424.2001953125,4423.3999023438,4423.7998046875,48,0.0,0.0,GC=F,NA,NA,USD
2026-08-10T18:25:00.000Z,4423.8999023438,4426.5,4423.7998046875,4425.7998046875,212,0.0,0.0,GC=F,NA,NA,USD
2026-08-10T18:26:00.000Z,4425.7998046875,4426.2001953125,4424.5,4424.7998046875,97,0.0,0.0,GC=F,NA,NA,USD
2026-08-10T18:27:00.000Z,4424.7998046875,4426.2998046875,4424.2998046875,4425.7001953125,78,0.0,0.0,GC=F,NA,NA,USD
2026-08-10T18:28:00.000Z,4425.7001953125,4426.2001953125,4424.5,4424.7001953125,99,0.0,0.0,GC=F,NA,NA,USD
2026-08-10T18:29:00.000Z,4424.7998046875,4425.3999023438,4424.2998046875,4425.0,65,0.0,0.0,GC=F,NA,NA,USD
2026-08-10T18:30:00.000Z,4425.2001953125,4426.5,4424.5,4425.8999023438,67,0.0,0.0,GC=F,NA,NA,USD
2026-08-10T18:31:00.000Z,4426.0,4439.2998046875,4426.0,4435.8999023438,1378,0.0,0.0,GC=F,NA,NA,USD
2026-08-10T18:32:00.000Z,4435.6000976562,4436.5,4433.7001953125,4434.0,210,0.0,0.0,GC=F,NA,NA,USD
2026-08-10T18:33:00.000Z,4433.5,4436.5,4432.7998046875,4436.2001953125,162,0.0,0.0,GC=F,NA,NA,USD
2026-08-10T18:34:00.000Z,4436.5,4440.3999023438,4436.5,4438.7998046875,382,0.0,0.0,GC=F,NA,NA,USD
2026-08-10T18:35:00.000Z,4438.7001953125,4439.8999023438,4437.0,4437.1000976562,118,0.0,0.0,GC=F,NA,NA,USD
2026-08-10T18:36:00.000Z,4437.2998046875,4438.3999023438,4436.7998046875,4437.1000976562,220,0.0,0.0,GC=F,NA,NA,USD
2026-08-10T18:37:00.000Z,4437.6000976562,4439.7001953125,4437.1000976562,4439.7001953125,171,0.0,0.0,GC=F,NA,NA,USD
2026-08-10T18:38:00.000Z,4439.6000976562,4440.7001953125,4439.2001953125,4439.8999023438,174,0.0,0.0,GC=F,NA,NA,USD
2026-08-10T18:39:00.000Z,4440.1000976562,4441.1000976562,4439.2001953125,4440.7001953125,95,0.0,0.0,GC=F,NA,NA,USD
2026-08-10T18:40:00.000Z,4440.7998046875,4442.0,4440.0,4441.6000976562,107,0.0,0.0,GC=F,NA,NA,USD
2026-08-10T18:41:00.000Z,4441.7998046875,4442.5,4440.2001953125,4442.1000976562,178,0.0,0.0,GC=F,NA,NA,USD
2026-08-10T18:42:00.000Z,4442.2001953125,4442.3999023438,4441.2001953125,4441.5,54,0.0,0.0,GC=F,NA,NA,USD
2026-08-10T18:43:00.000Z,4441.2001953125,4441.7001953125,4440.2998046875,4440.6000976562,98,0.0,0.0,GC=F,NA,NA,USD
2026-08-10T18:44:00.000Z,4440.5,4440.5,4438.7001953125,4438.7001953125,118,0.0,0.0,GC=F,NA,NA,USD
2026-08-10T18:45:00.000Z,4438.8999023438,4438.8999023438,4433.0,4433.3999023438,278,0.0,0.0,GC=F,NA,NA,USD
2026-08-10T18:46:00.000Z,4433.5,4435.2001953125,4432.7998046875,4433.1000976562,167,0.0,0.0,GC=F,NA,NA,USD
2026-08-10T18:47:00.000Z,4433.2001953125,4435.7998046875,4433.2001953125,4435.7998046875,94,0.0,0.0,GC=F,NA,NA,USD
2026-08-10T18:48:00.000Z,4435.7001953125,4436.5,4435.6000976562,4436.1000976562,74,0.0,0.0,GC=F,NA,NA,USD
2026-08-10T18:49:00.000Z,4436.2998046875,4436.5,4435.5,4436.0,20,0.0,0.0,GC=F,NA,NA,USD
2026-08-10T18:50:00.000Z,4435.7998046875,4437.6000976562,4435.7001953125,4437.1000976562,89,0.0,0.0,GC=F,NA,NA,USD
2026-08-10T18:51:00.000Z,4437.0,4438.2998046875,4436.2998046875,4436.5,65,0.0,0.0,GC=F,NA,NA,USD
2026-08-10T18:52:00.000Z,4436.5,4437.6000976562,4434.7998046875,4435.2001953125,53,0.0,0.0,GC=F,NA,NA,USD
2026-08-10T18:53:00.000Z,4435.0,4435.5,4434.2998046875,4434.6000976562,45,0.0,0.0,GC=F,NA,NA,USD
2026-08-10T18:54:00.000Z,4434.6000976562,4436.2998046875,4434.2998046875,4436.0,33,0.0,0.0,GC=F,NA,NA,USD
2026-08-10T18:55:00.000Z,4436.2998046875,4436.7998046875,4435.5,4436.7998046875,43,0.0,0.0,GC=F,NA,NA,USD
2026-08-10T18:56:00.000Z,4436.7001953125,4437.7001953125,4436.7001953125,4437.2998046875,21,0.0,0.0,GC=F,NA,NA,USD
2026-08-10T18:57:00.000Z,4437.7001953125,4438.2998046875,4437.2001953125,4438.2998046875,105,0.0,0.0,GC=F,NA,NA,USD
2026-08-10T18:58:00.000Z,4437.7998046875,4438.2001953125,4437.3999023438,4437.7998046875,36,0.0,0.0,GC=F,NA,NA,USD
2026-08-10T18:59:00.000Z,4437.7001953125,4438.1000976562,4437.3999023438,4437.7001953125,45,0.0,0.0,GC=F,NA,NA,USD
2026-08-10T19:00:00.000Z,4437.7998046875,4440.0,4437.7998046875,4438.8999023438,131,0.0,0.0,GC=F,NA,NA,USD
2026-08-10T19:01:00.000Z,4438.6000976562,4439.2998046875,4438.6000976562,4438.7998046875,30,0.0,0.0,GC=F,NA,NA,USD
2026-08-10T19:02:00.000Z,4438.6000976562,4439.8999023438,4438.5,4438.7998046875,49,0.0,0.0,GC=F,NA,NA,USD
2026-08-10T19:03:00.000Z,4438.7001953125,4440.6000976562,4438.7001953125,4440.3999023438,64,0.0,0.0,GC=F,NA,NA,USD
2026-08-10T19:04:00.000Z,4440.3999023438,4440.3999023438,4439.1000976562,4439.1000976562,58,0.0,0.0,GC=F,NA,NA,USD
2026-08-10T19:05:00.000Z,4439.2001953125,4441.6000976562,4439.2001953125,4441.6000976562,117,0.0,0.0,GC=F,NA,NA,USD
2026-08-10T19:06:00.000Z,4441.5,4441.7998046875,4441.2001953125,4441.6000976562,47,0.0,0.0,GC=F,NA,NA,USD
2026-08-10T19:07:00.000Z,4441.7001953125,4441.8999023438,4440.7998046875,4441.0,52,0.0,0.0,GC=F,NA,NA,USD
2026-08-10T19:08:00.000Z,4441.0,4441.6000976562,4440.7998046875,4441.5,42,0.0,0.0,GC=F,NA,NA,USD
2026-08-10T19:09:00.000Z,4441.3999023438,4441.3999023438,4440.5,4441.1000976562,48,0.0,0.0,GC=F,NA,NA,USD
2026-08-10T19:10:00.000Z,4441.0,4441.0,4439.8999023438,4440.6000976562,78,0.0,0.0,GC=F,NA,NA,USD
2026-08-10T19:11:00.000Z,4440.7001953125,4441.8999023438,4440.6000976562,4441.2998046875,47,0.0,0.0,GC=F,NA,NA,USD
2026-08-10T19:12:00.000Z,4441.2001953125,4441.8999023438,4441.1000976562,4441.1000976562,22,0.0,0.0,GC=F,NA,NA,USD
2026-08-10T19:13:00.000Z,4441.6000976562,4441.8999023438,4441.5,4441.7001953125,42,0.0,0.0,GC=F,NA,NA,USD
2026-08-10T19:14:00.000Z,4441.6000976562,4441.7001953125,4440.7998046875,4441.2998046875,57,0.0,0.0,GC=F,NA,NA,USD
2026-08-10T19:15:00.000Z,4441.2001953125,4441.5,4440.8999023438,4441.5,36,0.0,0.0,GC=F,NA,NA,USD
2026-08-10T19:16:00.000Z,4441.5,4442.0,4441.5,4442.0,89,0.0,0.0,GC=F,NA,NA,USD
2026-08-10T19:17:00.000Z,4441.7998046875,4441.8999023438,4441.2998046875,4441.7001953125,26,0.0,0.0,GC=F,NA,NA,USD
2026-08-10T19:18:00.000Z,4441.7001953125,4442.0,4440.5,4441.5,104,0.0,0.0,GC=F,NA,NA,USD
2026-08-10T19:19:00.000Z,4441.5,4442.2998046875,4441.3999023438,4442.1000976562,66,0.0,0.0,GC=F,NA,NA,USD
2026-08-10T19:20:00.000Z,4442.1000976562,4443.0,4441.7998046875,4442.8999023438,110,0.0,0.0,GC=F,NA,NA,USD
2026-08-10T19:21:00.000Z,4442.8999023438,4444.8999023438,4442.6000976562,4444.6000976562,237,0.0,0.0,GC=F,NA,NA,USD
2026-08-10T19:22:00.000Z,4444.5,4444.8999023438,4443.0,4443.5,106,0.0,0.0,GC=F,NA,NA,USD
2026-08-10T19:23:00.000Z,4443.5,4444.7001953125,4443.3999023438,4444.2998046875,67,0.0,0.0,GC=F,NA,NA,USD
2026-08-10T19:24:00.000Z,4444.2998046875,4447.3999023438,4444.1000976562,4445.7998046875,249,0.0,0.0,GC=F,NA,NA,USD
2026-08-10T19:25:00.000Z,4445.7998046875,4448.8999023438,4445.5,4448.3999023438,307,0.0,0.0,GC=F,NA,NA,USD
2026-08-10T19:26:00.000Z,4448.6000976562,4449.3999023438,4447.5,4448.0,183,0.0,0.0,GC=F,NA,NA,USD
2026-08-10T19:27:00.000Z,4448.1000976562,4448.3999023438,4447.5,4448.2998046875,137,0.0,0.0,GC=F,NA,NA,USD
2026-08-10T19:28:00.000Z,4448.3999023438,4450.0,4448.1000976562,4448.8999023438,180,0.0,0.0,GC=F,NA,NA,USD
2026-08-10T19:29:00.000Z,4449.1000976562,4450.7001953125,4448.2998046875,4449.7001953125,329,0.0,0.0,GC=F,NA,NA,USD
2026-08-10T19:30:00.000Z,4449.7998046875,4453.1000976562,4449.5,4451.7001953125,304,0.0,0.0,GC=F,NA,NA,USD
2026-08-10T19:31:00.000Z,4451.7001953125,4451.7001953125,4447.5,4447.8999023438,207,0.0,0.0,GC=F,NA,NA,USD
2026-08-10T19:32:00.000Z,4447.7001953125,4448.7998046875,4446.8999023438,4448.2998046875,148,0.0,0.0,GC=F,NA,NA,USD
2026-08-10T19:33:00.000Z,4448.2001953125,4448.3999023438,4446.5,4447.1000976562,107,0.0,0.0,GC=F,NA,NA,USD
2026-08-10T19:34:00.000Z,4447.2998046875,4447.5,4445.2001953125,4446.2001953125,133,0.0,0.0,GC=F,NA,NA,USD
2026-08-10T19:35:00.000Z,4446.1000976562,4446.5,4443.2998046875,4444.1000976562,131,0.0,0.0,GC=F,NA,NA,USD
2026-08-10T19:36:00.000Z,4444.5,4446.6000976562,4444.2998046875,4446.1000976562,69,0.0,0.0,GC=F,NA,NA,USD
2026-08-10T19:37:00.000Z,4445.7998046875,4446.5,4445.3999023438,4446.1000976562,85,0.0,0.0,GC=F,NA,NA,USD
2026-08-10T19:38:00.000Z,4446.3999023438,4447.1000976562,4445.3999023438,4446.6000976562,59,0.0,0.0,GC=F,NA,NA,USD
2026-08-10T19:39:00.000Z,4446.6000976562,4447.6000976562,4446.2001953125,4446.7001953125,81,0.0,0.0,GC=F,NA,NA,USD
2026-08-10T19:40:00.000Z,4446.7998046875,4449.5,4446.6000976562,4448.1000976562,219,0.0,0.0,GC=F,NA,NA,USD
2026-08-10T19:41:00.000Z,4448.0,4448.7998046875,4447.7998046875,4448.1000976562,54,0.0,0.0,GC=F,NA,NA,USD
2026-08-10T19:42:00.000Z,4448.5,4449.3999023438,4448.2001953125,4449.0,42,0.0,0.0,GC=F,NA,NA,USD
2026-08-10T19:43:00.000Z,4448.7998046875,4449.0,4448.2001953125,4448.5,74,0.0,0.0,GC=F,NA,NA,USD
2026-08-10T19:44:00.000Z,4448.5,4448.8999023438,4445.7998046875,4446.5,169,0.0,0.0,GC=F,NA,NA,USD
2026-08-10T19:45:00.000Z,4447.2001953125,4447.2998046875,4445.8999023438,4446.2998046875,51,0.0,0.0,GC=F,NA,NA,USD
2026-08-10T19:46:00.000Z,4446.6000976562,4448.2001953125,4446.3999023438,4448.2001953125,55,0.0,0.0,GC=F,NA,NA,USD
2026-08-10T19:47:00.000Z,4447.8999023438,4449.3999023438,4447.7998046875,4449.2001953125,84,0.0,0.0,GC=F,NA,NA,USD
2026-08-10T19:48:00.000Z,4449.1000976562,4452.8999023438,4449.1000976562,4452.8999023438,180,0.0,0.0,GC=F,NA,NA,USD
2026-08-10T19:49:00.000Z,4452.6000976562,4453.7998046875,4452.3999023438,4452.8999023438,132,0.0,0.0,GC=F,NA,NA,USD
2026-08-10T19:50:00.000Z,4452.5,4453.1000976562,4450.8999023438,4452.2001953125,88,0.0,0.0,GC=F,NA,NA,USD
2026-08-10T19:51:00.000Z,4452.3999023438,4453.7998046875,4452.0,4453.6000976562,104,0.0,0.0,GC=F,NA,NA,USD
2026-08-10T19:52:00.000Z,4453.3999023438,4453.3999023438,4451.1000976562,4451.1000976562,184,0.0,0.0,GC=F,NA,NA,USD
2026-08-10T19:53:00.000Z,4451.2001953125,4451.2001953125,4449.7001953125,4450.7998046875,71,0.0,0.0,GC=F,NA,NA,USD
2026-08-10T19:54:00.000Z,4450.7998046875,4451.7998046875,4450.6000976562,4451.2001953125,77,0.0,0.0,GC=F,NA,NA,USD
2026-08-10T19:55:00.000Z,4450.8999023438,4451.3999023438,4447.8999023438,4448.2998046875,142,0.0,0.0,GC=F,NA,NA,USD
2026-08-10T19:56:00.000Z,4448.5,4448.5,4446.5,4447.2998046875,185,0.0,0.0,GC=F,NA,NA,USD
2026-08-10T19:57:00.000Z,4447.2001953125,4447.7998046875,4446.5,4446.8999023438,126,0.0,0.0,GC=F,NA,NA,USD
2026-08-10T19:58:00.000Z,4446.7001953125,4448.5,4446.7001953125,4447.2998046875,130,0.0,0.0,GC=F,NA,NA,USD
2026-08-10T19:59:00.000Z,4447.2998046875,4447.3999023438,4445.8999023438,4446.7998046875,227,0.0,0.0,GC=F,NA,NA,USD
2026-08-10T20:00:00.000Z,4447.0,4449.2001953125,4447.0,4449.1000976562,85,0.0,0.0,GC=F,NA,NA,USD
2026-08-10T20:01:00.000Z,4448.8999023438,4449.0,4447.1000976562,4447.1000976562,22,0.0,0.0,GC=F,NA,NA,USD
2026-08-10T20:02:00.000Z,4447.0,4447.3999023438,4446.7001953125,4447.3999023438,31,0.0,0.0,GC=F,NA,NA,USD
2026-08-10T20:03:00.000Z,4447.5,4447.5,4447.0,4447.2998046875,16,0.0,0.0,GC=F,NA,NA,USD
2026-08-10T20:04:00.000Z,4447.5,4447.7998046875,4447.2998046875,4447.3999023438,13,0.0,0.0,GC=F,NA,NA,USD
2026-08-10T20:05:00.000Z,4447.2001953125,4447.3999023438,4447.1000976562,4447.2998046875,13,0.0,0.0,GC=F,NA,NA,USD
2026-08-10T20:06:00.000Z,4447.1000976562,4447.1000976562,4445.6000976562,4446.6000976562,50,0.0,0.0,GC=F,NA,NA,USD
2026-08-10T20:07:00.000Z,4446.6000976562,4446.7001953125,4445.7001953125,4445.8999023438,16,0.0,0.0,GC=F,NA,NA,USD
2026-08-10T20:08:00.000Z,4446.0,4446.2998046875,4445.3999023438,4446.1000976562,35,0.0,0.0,GC=F,NA,NA,USD
2026-08-10T20:09:00.000Z,4446.2998046875,4446.5,4444.7001953125,4444.7001953125,56,0.0,0.0,GC=F,NA,NA,USD
2026-08-10T20:10:00.000Z,4445.0,4446.3999023438,4445.0,4446.2001953125,25,0.0,0.0,GC=F,NA,NA,USD
2026-08-10T20:11:00.000Z,4446.2998046875,4446.7001953125,4446.0,4446.2998046875,25,0.0,0.0,GC=F,NA,NA,USD
2026-08-10T20:12:00.000Z,4446.6000976562,4448.7998046875,4446.6000976562,4448.7998046875,69,0.0,0.0,GC=F,NA,NA,USD
2026-08-10T20:13:00.000Z,4449.2001953125,4449.6000976562,4448.2001953125,4448.7998046875,73,0.0,0.0,GC=F,NA,NA,USD
2026-08-10T20:14:00.000Z,4449.0,4449.1000976562,4447.5,4448.2001953125,37,0.0,0.0,GC=F,NA,NA,USD
2026-08-10T20:15:00.000Z,4448.6000976562,4449.2998046875,4448.2998046875,4448.8999023438,42,0.0,0.0,GC=F,NA,NA,USD
2026-08-10T20:16:00.000Z,4448.8999023438,4449.6000976562,4448.8999023438,4449.5,37,0.0,0.0,GC=F,NA,NA,USD
2026-08-10T20:17:00.000Z,4449.5,4449.7001953125,4449.2001953125,4449.6000976562,22,0.0,0.0,GC=F,NA,NA,USD
2026-08-10T20:18:00.000Z,4449.7001953125,4450.3999023438,4449.7001953125,4449.7998046875,34,0.0,0.0,GC=F,NA,NA,USD
2026-08-10T20:19:00.000Z,4449.6000976562,4449.6000976562,4448.6000976562,4448.7001953125,27,0.0,0.0,GC=F,NA,NA,USD
2026-08-10T20:20:00.000Z,4448.8999023438,4449.0,4447.0,4447.6000976562,70,0.0,0.0,GC=F,NA,NA,USD
2026-08-10T20:21:00.000Z,4447.6000976562,4447.7001953125,4446.7001953125,4447.0,27,0.0,0.0,GC=F,NA,NA,USD
2026-08-10T20:22:00.000Z,4447.2001953125,4447.3999023438,4445.5,4446.2001953125,42,0.0,0.0,GC=F,NA,NA,USD
2026-08-10T20:23:00.000Z,4446.3999023438,4446.6000976562,4446.2998046875,4446.2998046875,7,0.0,0.0,GC=F,NA,NA,USD
2026-08-10T20:24:00.000Z,4446.2998046875,4447.3999023438,4446.2998046875,4447.3999023438,18,0.0,0.0,GC=F,NA,NA,USD
2026-08-10T20:25:00.000Z,4447.7001953125,4447.7001953125,4447.5,4447.6000976562,7,0.0,0.0,GC=F,NA,NA,USD
2026-08-10T20:26:00.000Z,4447.7998046875,4448.0,4447.7001953125,4447.7001953125,8,0.0,0.0,GC=F,NA,NA,USD
2026-08-10T20:27:00.000Z,4447.8999023438,4449.1000976562,4447.8999023438,4449.1000976562,34,0.0,0.0,GC=F,NA,NA,USD
2026-08-10T20:28:00.000Z,4449.1000976562,4450.7998046875,4449.1000976562,4450.7998046875,34,0.0,0.0,GC=F,NA,NA,USD
2026-08-10T20:29:00.000Z,4451.1000976562,4451.1000976562,4449.7998046875,4450.2001953125,32,0.0,0.0,GC=F,NA,NA,USD
2026-08-10T20:30:00.000Z,4450.2998046875,4451.2998046875,4450.2998046875,4451.1000976562,20,0.0,0.0,GC=F,NA,NA,USD
2026-08-10T20:31:00.000Z,4450.7998046875,4450.7998046875,4450.0,4450.0,14,0.0,0.0,GC=F,NA,NA,USD
2026-08-10T20:32:00.000Z,4449.7998046875,4450.2001953125,4449.6000976562,4450.2001953125,39,0.0,0.0,GC=F,NA,NA,USD
2026-08-10T20:33:00.000Z,4450.2001953125,4450.3999023438,4449.7998046875,4450.2001953125,13,0.0,0.0,GC=F,NA,NA,USD
2026-08-10T20:34:00.000Z,4450.2001953125,4450.7001953125,4449.8999023438,4450.2001953125,15,0.0,0.0,GC=F,NA,NA,USD
2026-08-10T20:35:00.000Z,4450.3999023438,4450.5,4450.2001953125,4450.3999023438,6,0.0,0.0,GC=F,NA,NA,USD
2026-08-10T20:36:00.000Z,4450.2001953125,4450.2001953125,4449.7998046875,4450.2001953125,16,0.0,0.0,GC=F,NA,NA,USD
2026-08-10T20:37:00.000Z,4450.1000976562,4450.1000976562,4449.2998046875,4449.8999023438,52,0.0,0.0,GC=F,NA,NA,USD
2026-08-10T20:38:00.000Z,4450.2001953125,4450.2998046875,4449.2998046875,4449.2998046875,14,0.0,0.0,GC=F,NA,NA,USD
2026-08-10T20:39:00.000Z,4449.2998046875,4449.5,4449.2001953125,4449.5,6,0.0,0.0,GC=F,NA,NA,USD
2026-08-10T20:40:00.000Z,4449.2998046875,4449.6000976562,4449.2001953125,4449.2998046875,18,0.0,0.0,GC=F,NA,NA,USD
2026-08-10T20:41:00.000Z,4449.7001953125,4450.5,4449.7001953125,4450.5,14,0.0,0.0,GC=F,NA,NA,USD
2026-08-10T20:42:00.000Z,4450.2998046875,4450.2998046875,4449.2998046875,4449.5,27,0.0,0.0,GC=F,NA,NA,USD
2026-08-10T20:43:00.000Z,4449.3999023438,4450.2001953125,4448.8999023438,4449.2001953125,21,0.0,0.0,GC=F,NA,NA,USD
2026-08-10T20:44:00.000Z,4449.1000976562,4449.3999023438,4449.0,4449.1000976562,10,0.0,0.0,GC=F,NA,NA,USD
2026-08-10T20:45:00.000Z,4448.8999023438,4449.2998046875,4448.6000976562,4449.2998046875,27,0.0,0.0,GC=F,NA,NA,USD
2026-08-10T20:46:00.000Z,4449.2998046875,4450.0,4449.1000976562,4449.2998046875,62,0.0,0.0,GC=F,NA,NA,USD
2026-08-10T20:47:00.000Z,4449.2001953125,4449.5,4448.3999023438,4448.3999023438,32,0.0,0.0,GC=F,NA,NA,USD
2026-08-10T20:48:00.000Z,4448.2001953125,4448.3999023438,4448.1000976562,4448.2998046875,8,0.0,0.0,GC=F,NA,NA,USD
2026-08-10T20:49:00.000Z,4448.2998046875,4448.5,4448.0,4448.1000976562,9,0.0,0.0,GC=F,NA,NA,USD
2026-08-10T20:50:00.000Z,4447.8999023438,4449.2001953125,4447.6000976562,4449.2001953125,42,0.0,0.0,GC=F,NA,NA,USD
2026-08-10T20:51:00.000Z,4449.2001953125,4449.6000976562,4448.8999023438,4449.2001953125,44,0.0,0.0,GC=F,NA,NA,USD
2026-08-10T20:52:00.000Z,4449.2001953125,4449.6000976562,4448.7001953125,4449.3999023438,9,0.0,0.0,GC=F,NA,NA,USD
2026-08-10T20:53:00.000Z,4449.2998046875,4449.3999023438,4449.2998046875,4449.3999023438,2,0.0,0.0,GC=F,NA,NA,USD
2026-08-10T20:54:00.000Z,4449.2998046875,4449.2998046875,4447.8999023438,4448.2998046875,38,0.0,0.0,GC=F,NA,NA,USD
2026-08-10T20:55:00.000Z,4448.2998046875,4448.7998046875,4448.2001953125,4448.2001953125,29,0.0,0.0,GC=F,NA,NA,USD
2026-08-10T20:56:00.000Z,4448.2001953125,4448.7001953125,4447.6000976562,4448.3999023438,42,0.0,0.0,GC=F,NA,NA,USD
2026-08-10T20:57:00.000Z,4448.5,4449.0,4448.3999023438,4448.5,19,0.0,0.0,GC=F,NA,NA,USD
2026-08-10T20:58:00.000Z,4448.2998046875,4450.0,4448.2998046875,4449.6000976562,56,0.0,0.0,GC=F,NA,NA,USD
2026-08-10T20:59:00.000Z,4449.6000976562,4449.7998046875,4448.6000976562,4448.6000976562,39,0.0,0.0,GC=F,NA,NA,USD
2026-08-10T22:00:00.000Z,4446.8999023438,4451.8999023438,4443.2001953125,4449.2001953125,0,0.0,0.0,GC=F,NA,NA,USD
2026-08-10T22:01:00.000Z,4448.3999023438,4450.5,4448.2998046875,4449.2001953125,33,0.0,0.0,GC=F,NA,NA,USD
2026-08-10T22:02:00.000Z,4449.0,4449.2998046875,4448.5,4448.7001953125,13,0.0,0.0,GC=F,NA,NA,USD
2026-08-10T22:03:00.000Z,4449.3999023438,4449.7001953125,4448.1000976562,4448.6000976562,19,0.0,0.0,GC=F,NA,NA,USD
2026-08-10T22:04:00.000Z,4448.8999023438,4449.5,4448.2998046875,4448.7001953125,22,0.0,0.0,GC=F,NA,NA,USD
2026-08-10T22:05:00.000Z,4448.7001953125,4450.2998046875,4448.7001953125,4449.2998046875,36,0.0,0.0,GC=F,NA,NA,USD
2026-08-10T22:06:00.000Z,4449.3999023438,4450.2998046875,4449.1000976562,4450.1000976562,14,0.0,0.0,GC=F,NA,NA,USD
2026-08-10T22:07:00.000Z,4449.7001953125,4451.2001953125,4449.6000976562,4450.8999023438,28,0.0,0.0,GC=F,NA,NA,USD
2026-08-10T22:08:00.000Z,4450.6000976562,4450.6000976562,4449.7001953125,4449.7001953125,14,0.0,0.0,GC=F,NA,NA,USD
2026-08-10T22:09:00.000Z,4449.6000976562,4450.5,4449.6000976562,4450.5,8,0.0,0.0,GC=F,NA,NA,USD
2026-08-10T22:10:00.000Z,4450.1000976562,4450.2001953125,4450.0,4450.2001953125,3,0.0,0.0,GC=F,NA,NA,USD
2026-08-10T22:11:00.000Z,4450.5,4452.2998046875,4450.5,4451.1000976562,60,0.0,0.0,GC=F,NA,NA,USD
2026-08-10T22:12:00.000Z,4451.0,4451.7998046875,4451.0,4451.5,9,0.0,0.0,GC=F,NA,NA,USD
2026-08-10T22:13:00.000Z,4451.2998046875,4451.2998046875,4451.0,4451.2998046875,5,0.0,0.0,GC=F,NA,NA,USD
2026-08-10T22:14:00.000Z,4451.2001953125,4451.2001953125,4450.0,4450.1000976562,39,0.0,0.0,GC=F,NA,NA,USD
2026-08-10T22:15:00.000Z,4450.5,4451.5,4450.5,4451.5,10,0.0,0.0,GC=F,NA,NA,USD
2026-08-10T22:16:00.000Z,4451.5,4451.7001953125,4451.3999023438,4451.7001953125,4,0.0,0.0,GC=F,NA,NA,USD
2026-08-10T22:17:00.000Z,4451.6000976562,4451.7001953125,4451.2998046875,4451.3999023438,6,0.0,0.0,GC=F,NA,NA,USD
2026-08-10T22:18:00.000Z,4451.5,4451.5,4451.2001953125,4451.2001953125,3,0.0,0.0,GC=F,NA,NA,USD
2026-08-10T22:19:00.000Z,4451.2001953125,4451.5,4451.2001953125,4451.5,6,0.0,0.0,GC=F,NA,NA,USD
2026-08-10T22:20:00.000Z,4451.3999023438,4451.8999023438,4451.1000976562,4451.8999023438,8,0.0,0.0,GC=F,NA,NA,USD
2026-08-10T22:21:00.000Z,4452.0,4452.3999023438,4452.0,4452.0,12,0.0,0.0,GC=F,NA,NA,USD
2026-08-10T22:22:00.000Z,4452.2998046875,4452.3999023438,4452.0,4452.3999023438,7,0.0,0.0,GC=F,NA,NA,USD
2026-08-10T22:23:00.000Z,4452.1000976562,4452.6000976562,4451.5,4452.2001953125,29,0.0,0.0,GC=F,NA,NA,USD
2026-08-10T22:24:00.000Z,4452.1000976562,4452.3999023438,4452.1000976562,4452.3999023438,4,0.0,0.0,GC=F,NA,NA,USD
2026-08-10T22:25:00.000Z,4451.8999023438,4452.5,4451.0,4451.7998046875,41,0.0,0.0,GC=F,NA,NA,USD
2026-08-10T22:26:00.000Z,4451.7998046875,4452.2998046875,4451.3999023438,4451.6000976562,14,0.0,0.0,GC=F,NA,NA,USD
2026-08-10T22:27:00.000Z,4451.3999023438,4451.7001953125,4451.3999023438,4451.6000976562,8,0.0,0.0,GC=F,NA,NA,USD
2026-08-10T22:28:00.000Z,4451.3999023438,4451.5,4451.3999023438,4451.5,2,0.0,0.0,GC=F,NA,NA,USD
2026-08-10T22:29:00.000Z,4451.5,4451.5,4451.0,4451.0,3,0.0,0.0,GC=F,NA,NA,USD
2026-08-10T22:30:00.000Z,4451.2998046875,4452.2001953125,4451.2998046875,4452.2001953125,27,0.0,0.0,GC=F,NA,NA,USD
2026-08-10T22:31:00.000Z,4452.2001953125,4452.3999023438,4451.7001953125,4451.8999023438,19,0.0,0.0,GC=F,NA,NA,USD
2026-08-10T22:32:00.000Z,4452.0,4452.1000976562,4451.5,4451.5,13,0.0,0.0,GC=F,NA,NA,USD
2026-08-10T22:33:00.000Z,4451.7001953125,4452.6000976562,4451.5,4452.5,37,0.0,0.0,GC=F,NA,NA,USD
2026-08-10T22:34:00.000Z,4452.7001953125,4452.8999023438,4452.2998046875,4452.6000976562,14,0.0,0.0,GC=F,NA,NA,USD
2026-08-10T22:35:00.000Z,4452.8999023438,4452.8999023438,4452.6000976562,4452.7001953125,20,0.0,0.0,GC=F,NA,NA,USD
2026-08-10T22:36:00.000Z,4452.3999023438,4453.1000976562,4452.1000976562,4453.1000976562,26,0.0,0.0,GC=F,NA,NA,USD
2026-08-10T22:37:00.000Z,4452.8999023438,4453.2001953125,4452.5,4452.5,13,0.0,0.0,GC=F,NA,NA,USD
2026-08-10T22:38:00.000Z,4452.8999023438,4453.5,4452.7001953125,4453.5,9,0.0,0.0,GC=F,NA,NA,USD
2026-08-10T22:39:00.000Z,4453.2001953125,4453.2001953125,4453.0,4453.1000976562,15,0.0,0.0,GC=F,NA,NA,USD
2026-08-10T22:40:00.000Z,4453.1000976562,4453.5,4452.7001953125,4453.1000976562,16,0.0,0.0,GC=F,NA,NA,USD
2026-08-10T22:41:00.000Z,4453.1000976562,4453.2001953125,4452.7998046875,4452.7998046875,10,0.0,0.0,GC=F,NA,NA,USD
2026-08-10T22:42:00.000Z,4453.0,4455.1000976562,4453.0,4454.3999023438,196,0.0,0.0,GC=F,NA,NA,USD
2026-08-10T22:43:00.000Z,4454.5,4455.3999023438,4454.5,4455.3999023438,12,0.0,0.0,GC=F,NA,NA,USD
2026-08-10T22:44:00.000Z,4455.3999023438,4455.6000976562,4454.6000976562,4454.6000976562,113,0.0,0.0,GC=F,NA,NA,USD
2026-08-10T22:45:00.000Z,4454.5,4456.0,4454.5,4456.0,81,0.0,0.0,GC=F,NA,NA,USD
2026-08-10T22:46:00.000Z,4455.6000976562,4457.7001953125,4455.5,4457.0,57,0.0,0.0,GC=F,NA,NA,USD
2026-08-10T22:47:00.000Z,4456.8999023438,4457.7998046875,4456.8999023438,4457.7998046875,44,0.0,0.0,GC=F,NA,NA,USD
2026-08-10T22:48:00.000Z,4457.3999023438,4457.3999023438,4456.7001953125,4457.1000976562,20,0.0,0.0,GC=F,NA,NA,USD
2026-08-10T22:49:00.000Z,4456.8999023438,4457.2998046875,4456.7001953125,4456.7001953125,21,0.0,0.0,GC=F,NA,NA,USD
2026-08-10T22:50:00.000Z,4456.7001953125,4458.1000976562,4456.3999023438,4457.7998046875,47,0.0,0.0,GC=F,NA,NA,USD
2026-08-10T22:51:00.000Z,4457.7998046875,4459.1000976562,4457.3999023438,4458.3999023438,112,0.0,0.0,GC=F,NA,NA,USD
2026-08-10T22:52:00.000Z,4458.2001953125,4458.2001953125,4457.5,4457.5,12,0.0,0.0,GC=F,NA,NA,USD
2026-08-10T22:53:00.000Z,4458.0,4458.7998046875,4458.0,4458.7998046875,19,0.0,0.0,GC=F,NA,NA,USD
2026-08-10T22:54:00.000Z,4458.8999023438,4459.3999023438,4458.7001953125,4459.0,23,0.0,0.0,GC=F,NA,NA,USD
2026-08-10T22:55:00.000Z,4459.1000976562,4460.3999023438,4458.0,4458.3999023438,80,0.0,0.0,GC=F,NA,NA,USD
2026-08-10T22:56:00.000Z,4458.5,4459.2998046875,4458.2998046875,4458.7001953125,19,0.0,0.0,GC=F,NA,NA,USD
2026-08-10T22:57:00.000Z,4459.0,4460.0,4459.0,4459.7001953125,40,0.0,0.0,GC=F,NA,NA,USD
2026-08-10T22:58:00.000Z,4459.7001953125,4459.7001953125,4458.2001953125,4458.3999023438,35,0.0,0.0,GC=F,NA,NA,USD
2026-08-10T22:59:00.000Z,4458.2998046875,4459.0,4457.5,4459.0,40,0.0,0.0,GC=F,NA,NA,USD
2026-08-10T23:00:00.000Z,4459.1000976562,4461.2998046875,4458.8999023438,4459.0,137,0.0,0.0,GC=F,NA,NA,USD
2026-08-10T23:01:00.000Z,4459.5,4460.0,4459.2001953125,4459.2998046875,61,0.0,0.0,GC=F,NA,NA,USD
2026-08-10T23:02:00.000Z,4459.2001953125,4459.2998046875,4458.5,4458.8999023438,37,0.0,0.0,GC=F,NA,NA,USD
2026-08-10T23:03:00.000Z,4459.0,4459.2998046875,4457.6000976562,4458.2998046875,42,0.0,0.0,GC=F,NA,NA,USD
2026-08-10T23:04:00.000Z,4458.3999023438,4458.3999023438,4457.1000976562,4458.2998046875,112,0.0,0.0,GC=F,NA,NA,USD
2026-08-10T23:05:00.000Z,4458.2001953125,4460.5,4458.2001953125,4460.5,75,0.0,0.0,GC=F,NA,NA,USD
2026-08-10T23:06:00.000Z,4460.1000976562,4460.7998046875,4459.3999023438,4460.1000976562,127,0.0,0.0,GC=F,NA,NA,USD
2026-08-10T23:07:00.000Z,4460.3999023438,4461.6000976562,4460.1000976562,4460.2998046875,68,0.0,0.0,GC=F,NA,NA,USD
2026-08-10T23:08:00.000Z,4460.2998046875,4460.2998046875,4457.6000976562,4457.6000976562,88,0.0,0.0,GC=F,NA,NA,USD
2026-08-10T23:09:00.000Z,4457.7001953125,4457.7001953125,4455.2998046875,4455.8999023438,85,0.0,0.0,GC=F,NA,NA,USD
2026-08-10T23:10:00.000Z,4456.2001953125,4456.2998046875,4455.2001953125,4456.0,45,0.0,0.0,GC=F,NA,NA,USD
2026-08-10T23:11:00.000Z,4456.2001953125,4456.5,4455.5,4456.0,31,0.0,0.0,GC=F,NA,NA,USD
2026-08-10T23:12:00.000Z,4455.8999023438,4456.2001953125,4455.7998046875,4455.7998046875,12,0.0,0.0,GC=F,NA,NA,USD
2026-08-10T23:13:00.000Z,4455.7001953125,4456.8999023438,4455.7001953125,4456.7998046875,16,0.0,0.0,GC=F,NA,NA,USD
2026-08-10T23:14:00.000Z,4456.7998046875,4457.0,4456.6000976562,4457.0,9,0.0,0.0,GC=F,NA,NA,USD
2026-08-10T23:15:00.000Z,4456.7001953125,4457.0,4455.7998046875,4455.8999023438,19,0.0,0.0,GC=F,NA,NA,USD
2026-08-10T23:16:00.000Z,4455.6000976562,4455.6000976562,4454.0,4454.3999023438,39,0.0,0.0,GC=F,NA,NA,USD
2026-08-10T23:17:00.000Z,4454.5,4456.1000976562,4454.5,4455.2001953125,28,0.0,0.0,GC=F,NA,NA,USD
2026-08-10T23:18:00.000Z,4455.1000976562,4455.2001953125,4454.0,4454.7001953125,36,0.0,0.0,GC=F,NA,NA,USD
2026-08-10T23:19:00.000Z,4454.5,4454.7001953125,4453.8999023438,4454.6000976562,13,0.0,0.0,GC=F,NA,NA,USD
2026-08-10T23:20:00.000Z,4454.7998046875,4455.5,4454.5,4454.5,12,0.0,0.0,GC=F,NA,NA,USD
2026-08-10T23:21:00.000Z,4454.2001953125,4454.7998046875,4454.2001953125,4454.7001953125,6,0.0,0.0,GC=F,NA,NA,USD
2026-08-10T23:22:00.000Z,4454.6000976562,4455.2998046875,4454.5,4454.7998046875,35,0.0,0.0,GC=F,NA,NA,USD
2026-08-10T23:23:00.000Z,4454.7001953125,4454.7001953125,4454.2001953125,4454.5,12,0.0,0.0,GC=F,NA,NA,USD
2026-08-10T23:24:00.000Z,4454.2998046875,4454.3999023438,4454.0,4454.3999023438,12,0.0,0.0,GC=F,NA,NA,USD
2026-08-10T23:25:00.000Z,4454.2001953125,4454.7001953125,4454.2001953125,4454.6000976562,16,0.0,0.0,GC=F,NA,NA,USD
2026-08-10T23:26:00.000Z,4454.8999023438,4455.1000976562,4454.5,4454.7998046875,14,0.0,0.0,GC=F,NA,NA,USD
2026-08-10T23:27:00.000Z,4454.3999023438,4454.7001953125,4454.2998046875,4454.7001953125,7,0.0,0.0,GC=F,NA,NA,USD
2026-08-10T23:28:00.000Z,4454.7998046875,4454.7998046875,4454.7998046875,4454.7998046875,1,0.0,0.0,GC=F,NA,NA,USD
2026-08-10T23:29:00.000Z,4454.7001953125,4455.1000976562,4454.2001953125,4455.1000976562,19,0.0,0.0,GC=F,NA,NA,USD
2026-08-10T23:30:00.000Z,4454.8999023438,4455.3999023438,4454.8999023438,4455.2001953125,30,0.0,0.0,GC=F,NA,NA,USD
2026-08-10T23:31:00.000Z,4455.0,4455.2001953125,4454.7001953125,4455.2001953125,59,0.0,0.0,GC=F,NA,NA,USD
2026-08-10T23:32:00.000Z,4455.2001953125,4455.3999023438,4454.7001953125,4454.7998046875,14,0.0,0.0,GC=F,NA,NA,USD
2026-08-10T23:33:00.000Z,4454.7001953125,4454.7998046875,4454.3999023438,4454.5,8,0.0,0.0,GC=F,NA,NA,USD
2026-08-10T23:34:00.000Z,4454.8999023438,4455.7998046875,4454.7998046875,4455.1000976562,43,0.0,0.0,GC=F,NA,NA,USD
2026-08-10T23:35:00.000Z,4455.1000976562,4457.0,4454.7998046875,4457.0,49,0.0,0.0,GC=F,NA,NA,USD
2026-08-10T23:36:00.000Z,4457.1000976562,4457.1000976562,4456.7001953125,4457.1000976562,13,0.0,0.0,GC=F,NA,NA,USD
2026-08-10T23:37:00.000Z,4457.1000976562,4458.5,4457.1000976562,4458.0,42,0.0,0.0,GC=F,NA,NA,USD
2026-08-10T23:38:00.000Z,4458.0,4458.2998046875,4457.7001953125,4457.7998046875,15,0.0,0.0,GC=F,NA,NA,USD
2026-08-10T23:39:00.000Z,4457.7998046875,4458.2998046875,4457.7001953125,4458.2998046875,10,0.0,0.0,GC=F,NA,NA,USD
2026-08-10T23:40:00.000Z,4458.1000976562,4458.1000976562,4457.2001953125,4457.6000976562,17,0.0,0.0,GC=F,NA,NA,USD
2026-08-10T23:41:00.000Z,4457.6000976562,4458.1000976562,4457.0,4457.8999023438,42,0.0,0.0,GC=F,NA,NA,USD
2026-08-10T23:42:00.000Z,4457.8999023438,4458.2998046875,4457.5,4458.0,25,0.0,0.0,GC=F,NA,NA,USD
2026-08-10T23:43:00.000Z,4458.0,4458.5,4458.0,4458.2001953125,10,0.0,0.0,GC=F,NA,NA,USD
2026-08-10T23:44:00.000Z,4458.0,4458.2998046875,4457.7998046875,4458.0,30,0.0,0.0,GC=F,NA,NA,USD
2026-08-10T23:45:00.000Z,4458.3999023438,4458.7998046875,4456.2001953125,4456.6000976562,48,0.0,0.0,GC=F,NA,NA,USD
2026-08-10T23:46:00.000Z,4456.7001953125,4457.6000976562,4456.7001953125,4457.6000976562,7,0.0,0.0,GC=F,NA,NA,USD
2026-08-10T23:47:00.000Z,4457.8999023438,4458.2998046875,4457.6000976562,4457.8999023438,11,0.0,0.0,GC=F,NA,NA,USD
2026-08-10T23:48:00.000Z,4457.7998046875,4457.8999023438,4457.2998046875,4457.2998046875,5,0.0,0.0,GC=F,NA,NA,USD
2026-08-10T23:49:00.000Z,4457.3999023438,4457.3999023438,4457.1000976562,4457.3999023438,10,0.0,0.0,GC=F,NA,NA,USD
2026-08-10T23:50:00.000Z,4457.2001953125,4457.2001953125,4455.7001953125,4457.1000976562,45,0.0,0.0,GC=F,NA,NA,USD
2026-08-10T23:51:00.000Z,4456.7001953125,4457.7998046875,4456.7001953125,4457.7998046875,12,0.0,0.0,GC=F,NA,NA,USD
2026-08-10T23:52:00.000Z,4456.8999023438,4457.2998046875,4456.2998046875,4456.8999023438,30,0.0,0.0,GC=F,NA,NA,USD
2026-08-10T23:53:00.000Z,4457.0,4457.1000976562,4456.3999023438,4457.0,8,0.0,0.0,GC=F,NA,NA,USD
2026-08-10T23:54:00.000Z,4457.2001953125,4458.6000976562,4457.2001953125,4458.5,20,0.0,0.0,GC=F,NA,NA,USD
2026-08-10T23:55:00.000Z,4458.2001953125,4460.5,4458.2001953125,4459.8999023438,97,0.0,0.0,GC=F,NA,NA,USD
2026-08-10T23:56:00.000Z,4459.6000976562,4461.1000976562,4459.2001953125,4461.0,26,0.0,0.0,GC=F,NA,NA,USD
2026-08-10T23:57:00.000Z,4460.7001953125,4461.0,4460.0,4460.3999023438,44,0.0,0.0,GC=F,NA,NA,USD
2026-08-10T23:58:00.000Z,4460.8999023438,4462.2998046875,4460.8999023438,4461.7998046875,41,0.0,0.0,GC=F,NA,NA,USD
2026-08-10T23:59:00.000Z,4461.6000976562,4462.3999023438,4461.2001953125,4462.1000976562,72,0.0,0.0,GC=F,NA,NA,USD
2026-08-11T00:00:00.000Z,4462.2998046875,4463.3999023438,4460.6000976562,4462.1000976562,166,0.0,0.0,GC=F,NA,NA,USD
2026-08-11T00:01:00.000Z,4461.6000976562,4462.5,4458.7998046875,4458.8999023438,102,0.0,0.0,GC=F,NA,NA,USD
2026-08-11T00:02:00.000Z,4459.0,4459.0,4456.0,4457.7001953125,224,0.0,0.0,GC=F,NA,NA,USD
2026-08-11T00:03:00.000Z,4457.6000976562,4462.2001953125,4457.6000976562,4462.2001953125,71,0.0,0.0,GC=F,NA,NA,USD
2026-08-11T00:04:00.000Z,4462.2001953125,4464.5,4461.5,4464.3999023438,210,0.0,0.0,GC=F,NA,NA,USD
2026-08-11T00:05:00.000Z,4464.3999023438,4464.6000976562,4462.8999023438,4463.2998046875,63,0.0,0.0,GC=F,NA,NA,USD
2026-08-11T00:06:00.000Z,4463.5,4464.0,4462.6000976562,4463.6000976562,54,0.0,0.0,GC=F,NA,NA,USD
2026-08-11T00:07:00.000Z,4463.6000976562,4464.3999023438,4463.2998046875,4464.2001953125,27,0.0,0.0,GC=F,NA,NA,USD
2026-08-11T00:08:00.000Z,4464.0,4464.7998046875,4463.6000976562,4464.6000976562,57,0.0,0.0,GC=F,NA,NA,USD
2026-08-11T00:09:00.000Z,4464.7001953125,4466.0,4464.0,4465.6000976562,122,0.0,0.0,GC=F,NA,NA,USD
2026-08-11T00:10:00.000Z,4465.8999023438,4467.2998046875,4465.2998046875,4467.0,109,0.0,0.0,GC=F,NA,NA,USD
2026-08-11T00:11:00.000Z,4466.6000976562,4468.6000976562,4466.2001953125,4467.2001953125,157,0.0,0.0,GC=F,NA,NA,USD
2026-08-11T00:12:00.000Z,4466.8999023438,4467.0,4463.6000976562,4463.6000976562,123,0.0,0.0,GC=F,NA,NA,USD
2026-08-11T00:13:00.000Z,4464.0,4465.2001953125,4464.0,4464.6000976562,60,0.0,0.0,GC=F,NA,NA,USD
2026-08-11T00:14:00.000Z,4464.7998046875,4465.2001953125,4464.1000976562,4464.7998046875,76,0.0,0.0,GC=F,NA,NA,USD
2026-08-11T00:15:00.000Z,4464.6000976562,4465.2998046875,4463.7998046875,4465.2998046875,63,0.0,0.0,GC=F,NA,NA,USD
2026-08-11T00:16:00.000Z,4465.3999023438,4467.2001953125,4465.2001953125,4466.7001953125,71,0.0,0.0,GC=F,NA,NA,USD
2026-08-11T00:17:00.000Z,4466.8999023438,4467.1000976562,4464.8999023438,4464.8999023438,37,0.0,0.0,GC=F,NA,NA,USD
2026-08-11T00:18:00.000Z,4465.2998046875,4465.6000976562,4464.3999023438,4465.6000976562,20,0.0,0.0,GC=F,NA,NA,USD
2026-08-11T00:19:00.000Z,4465.5,4466.0,4465.0,4465.3999023438,35,0.0,0.0,GC=F,NA,NA,USD
2026-08-11T00:20:00.000Z,4465.2998046875,4466.8999023438,4465.2998046875,4466.7998046875,48,0.0,0.0,GC=F,NA,NA,USD
2026-08-11T00:21:00.000Z,4467.0,4468.0,4466.6000976562,4468.0,105,0.0,0.0,GC=F,NA,NA,USD
2026-08-11T00:22:00.000Z,4468.2001953125,4469.0,4468.0,4468.5,52,0.0,0.0,GC=F,NA,NA,USD
2026-08-11T00:23:00.000Z,4468.6000976562,4470.8999023438,4468.5,4470.0,268,0.0,0.0,GC=F,NA,NA,USD
2026-08-11T00:24:00.000Z,4469.7998046875,4471.6000976562,4469.7998046875,4471.5,122,0.0,0.0,GC=F,NA,NA,USD
2026-08-11T00:25:00.000Z,4471.3999023438,4474.0,4471.2001953125,4473.6000976562,161,0.0,0.0,GC=F,NA,NA,USD
2026-08-11T00:26:00.000Z,4473.3999023438,4474.0,4471.1000976562,4474.0,114,0.0,0.0,GC=F,NA,NA,USD
2026-08-11T00:27:00.000Z,4474.0,4474.1000976562,4472.1000976562,4472.7001953125,69,0.0,0.0,GC=F,NA,NA,USD
2026-08-11T00:28:00.000Z,4472.6000976562,4473.7998046875,4471.6000976562,4473.6000976562,109,0.0,0.0,GC=F,NA,NA,USD
2026-08-11T00:29:00.000Z,4473.7001953125,4475.5,4473.1000976562,4473.5,197,0.0,0.0,GC=F,NA,NA,USD
2026-08-11T00:30:00.000Z,4473.1000976562,4473.2998046875,4471.7998046875,4472.1000976562,54,0.0,0.0,GC=F,NA,NA,USD
2026-08-11T00:31:00.000Z,4471.3999023438,4472.2998046875,4470.6000976562,4472.0,57,0.0,0.0,GC=F,NA,NA,USD
2026-08-11T00:32:00.000Z,4472.1000976562,4472.5,4471.2998046875,4471.6000976562,41,0.0,0.0,GC=F,NA,NA,USD
2026-08-11T00:33:00.000Z,4472.1000976562,4472.3999023438,4471.6000976562,4472.0,28,0.0,0.0,GC=F,NA,NA,USD
2026-08-11T00:34:00.000Z,4472.0,4473.0,4470.3999023438,4471.8999023438,48,0.0,0.0,GC=F,NA,NA,USD
2026-08-11T00:35:00.000Z,4471.7998046875,4472.1000976562,4471.1000976562,4472.1000976562,26,0.0,0.0,GC=F,NA,NA,USD
2026-08-11T00:36:00.000Z,4472.5,4472.8999023438,4470.8999023438,4470.8999023438,32,0.0,0.0,GC=F,NA,NA,USD
2026-08-11T00:37:00.000Z,4470.7001953125,4471.6000976562,4470.7001953125,4471.2001953125,12,0.0,0.0,GC=F,NA,NA,USD
2026-08-11T00:38:00.000Z,4470.6000976562,4470.7001953125,4469.5,4469.8999023438,59,0.0,0.0,GC=F,NA,NA,USD
2026-08-11T00:39:00.000Z,4470.2001953125,4471.1000976562,4467.7001953125,4471.1000976562,183,0.0,0.0,GC=F,NA,NA,USD
2026-08-11T00:40:00.000Z,4470.7001953125,4472.2998046875,4467.8999023438,4468.1000976562,173,0.0,0.0,GC=F,NA,NA,USD
2026-08-11T00:41:00.000Z,4467.7998046875,4468.8999023438,4466.5,4468.1000976562,112,0.0,0.0,GC=F,NA,NA,USD
2026-08-11T00:42:00.000Z,4468.1000976562,4468.7998046875,4467.6000976562,4468.2998046875,34,0.0,0.0,GC=F,NA,NA,USD
2026-08-11T00:43:00.000Z,4468.7998046875,4471.5,4468.7998046875,4470.1000976562,88,0.0,0.0,GC=F,NA,NA,USD
2026-08-11T00:44:00.000Z,4470.3999023438,4473.2998046875,4470.2001953125,4473.2001953125,96,0.0,0.0,GC=F,NA,NA,USD
2026-08-11T00:45:00.000Z,4473.5,4474.2998046875,4472.7001953125,4474.0,124,0.0,0.0,GC=F,NA,NA,USD
2026-08-11T00:46:00.000Z,4474.1000976562,4477.5,4474.1000976562,4476.7001953125,180,0.0,0.0,GC=F,NA,NA,USD
2026-08-11T00:47:00.000Z,4476.6000976562,4478.6000976562,4472.2001953125,4472.6000976562,254,0.0,0.0,GC=F,NA,NA,USD
2026-08-11T00:48:00.000Z,4472.2998046875,4472.5,4469.5,4470.0,208,0.0,0.0,GC=F,NA,NA,USD
2026-08-11T00:49:00.000Z,4470.1000976562,4472.5,4469.3999023438,4472.2998046875,60,0.0,0.0,GC=F,NA,NA,USD
2026-08-11T00:50:00.000Z,4472.3999023438,4472.3999023438,4471.2001953125,4471.2998046875,38,0.0,0.0,GC=F,NA,NA,USD
2026-08-11T00:51:00.000Z,4471.5,4472.3999023438,4471.2998046875,4471.5,26,0.0,0.0,GC=F,NA,NA,USD
2026-08-11T00:52:00.000Z,4471.6000976562,4472.1000976562,4471.5,4471.5,28,0.0,0.0,GC=F,NA,NA,USD
2026-08-11T00:53:00.000Z,4471.7998046875,4472.2998046875,4471.5,4471.5,15,0.0,0.0,GC=F,NA,NA,USD
2026-08-11T00:54:00.000Z,4471.0,4471.0,4468.8999023438,4468.8999023438,52,0.0,0.0,GC=F,NA,NA,USD
2026-08-11T00:55:00.000Z,4469.2998046875,4470.2998046875,4469.1000976562,4470.1000976562,23,0.0,0.0,GC=F,NA,NA,USD
2026-08-11T00:56:00.000Z,4470.1000976562,4471.0,4469.7001953125,4471.0,11,0.0,0.0,GC=F,NA,NA,USD
2026-08-11T00:57:00.000Z,4470.5,4471.1000976562,4470.5,4470.8999023438,11,0.0,0.0,GC=F,NA,NA,USD
2026-08-11T00:58:00.000Z,4471.1000976562,4471.2001953125,4470.0,4470.6000976562,18,0.0,0.0,GC=F,NA,NA,USD
2026-08-11T00:59:00.000Z,4470.2001953125,4470.2001953125,4467.2998046875,4468.5,182,0.0,0.0,GC=F,NA,NA,USD
2026-08-11T01:00:00.000Z,4469.0,4469.2001953125,4463.8999023438,4466.7998046875,421,0.0,0.0,GC=F,NA,NA,USD
2026-08-11T01:01:00.000Z,4467.1000976562,4467.3999023438,4456.7001953125,4458.7998046875,534,0.0,0.0,GC=F,NA,NA,USD
2026-08-11T01:02:00.000Z,4458.6000976562,4459.2001953125,4453.0,4454.3999023438,314,0.0,0.0,GC=F,NA,NA,USD
2026-08-11T01:03:00.000Z,4454.5,4457.6000976562,4453.2998046875,4457.2998046875,190,0.0,0.0,GC=F,NA,NA,USD
2026-08-11T01:04:00.000Z,4457.3999023438,4461.3999023438,4456.3999023438,4460.2001953125,231,0.0,0.0,GC=F,NA,NA,USD
2026-08-11T01:05:00.000Z,4460.2001953125,4462.2998046875,4458.6000976562,4462.2998046875,139,0.0,0.0,GC=F,NA,NA,USD
2026-08-11T01:06:00.000Z,4461.7001953125,4464.0,4461.5,4463.1000976562,175,0.0,0.0,GC=F,NA,NA,USD
2026-08-11T01:07:00.000Z,4462.3999023438,4467.8999023438,4462.3999023438,4467.7998046875,117,0.0,0.0,GC=F,NA,NA,USD
2026-08-11T01:08:00.000Z,4467.6000976562,4468.7998046875,4463.2001953125,4465.6000976562,241,0.0,0.0,GC=F,NA,NA,USD
2026-08-11T01:09:00.000Z,4465.5,4468.7998046875,4464.7001953125,4468.1000976562,83,0.0,0.0,GC=F,NA,NA,USD
2026-08-11T01:10:00.000Z,4468.2001953125,4471.2001953125,4468.1000976562,4469.5,184,0.0,0.0,GC=F,NA,NA,USD
2026-08-11T01:11:00.000Z,4469.1000976562,4475.0,4468.8999023438,4474.6000976562,195,0.0,0.0,GC=F,NA,NA,USD
2026-08-11T01:12:00.000Z,4474.6000976562,4474.7001953125,4471.8999023438,4471.8999023438,99,0.0,0.0,GC=F,NA,NA,USD
2026-08-11T01:13:00.000Z,4471.6000976562,4474.6000976562,4471.6000976562,4472.8999023438,72,0.0,0.0,GC=F,NA,NA,USD
2026-08-11T01:14:00.000Z,4473.3999023438,4474.1000976562,4472.2998046875,4473.8999023438,90,0.0,0.0,GC=F,NA,NA,USD
2026-08-11T01:15:00.000Z,4473.7998046875,4476.3999023438,4472.5,4476.1000976562,76,0.0,0.0,GC=F,NA,NA,USD
2026-08-11T01:16:00.000Z,4476.0,4477.3999023438,4475.1000976562,4476.6000976562,152,0.0,0.0,GC=F,NA,NA,USD
2026-08-11T01:17:00.000Z,4476.2998046875,4479.3999023438,4475.2998046875,4475.6000976562,226,0.0,0.0,GC=F,NA,NA,USD
2026-08-11T01:18:00.000Z,4475.6000976562,4476.1000976562,4473.0,4473.3999023438,185,0.0,0.0,GC=F,NA,NA,USD
2026-08-11T01:19:00.000Z,4473.1000976562,4474.7998046875,4473.1000976562,4474.3999023438,72,0.0,0.0,GC=F,NA,NA,USD
2026-08-11T01:20:00.000Z,4474.2998046875,4477.6000976562,4473.3999023438,4476.6000976562,62,0.0,0.0,GC=F,NA,NA,USD
2026-08-11T01:21:00.000Z,4477.2998046875,4480.0,4477.2001953125,4478.5,199,0.0,0.0,GC=F,NA,NA,USD
2026-08-11T01:22:00.000Z,4478.3999023438,4478.5,4477.2998046875,4477.6000976562,50,0.0,0.0,GC=F,NA,NA,USD
2026-08-11T01:23:00.000Z,4477.7001953125,4477.7001953125,4475.3999023438,4476.0,81,0.0,0.0,GC=F,NA,NA,USD
2026-08-11T01:24:00.000Z,4476.2998046875,4476.2998046875,4474.0,4474.3999023438,58,0.0,0.0,GC=F,NA,NA,USD
2026-08-11T01:25:00.000Z,4474.8999023438,4475.5,4473.2001953125,4475.0,109,0.0,0.0,GC=F,NA,NA,USD
2026-08-11T01:26:00.000Z,4474.6000976562,4475.7998046875,4473.5,4475.2001953125,45,0.0,0.0,GC=F,NA,NA,USD
2026-08-11T01:27:00.000Z,4475.2998046875,4475.6000976562,4474.0,4474.7001953125,46,0.0,0.0,GC=F,NA,NA,USD
2026-08-11T01:28:00.000Z,4474.8999023438,4478.5,4474.7001953125,4477.3999023438,86,0.0,0.0,GC=F,NA,NA,USD
2026-08-11T01:29:00.000Z,4477.7001953125,4479.3999023438,4477.0,4479.2001953125,102,0.0,0.0,GC=F,NA,NA,USD
2026-08-11T01:30:00.000Z,4479.3999023438,4480.0,4478.1000976562,4479.0,93,0.0,0.0,GC=F,NA,NA,USD
2026-08-11T01:31:00.000Z,4479.1000976562,4481.0,4478.7001953125,4480.7001953125,225,0.0,0.0,GC=F,NA,NA,USD
2026-08-11T01:32:00.000Z,4480.5,4481.0,4479.8999023438,4480.6000976562,82,0.0,0.0,GC=F,NA,NA,USD
2026-08-11T01:33:00.000Z,4480.3999023438,4481.8999023438,4480.3999023438,4480.7001953125,102,0.0,0.0,GC=F,NA,NA,USD
2026-08-11T01:34:00.000Z,4480.2998046875,4480.7998046875,4479.6000976562,4480.2001953125,30,0.0,0.0,GC=F,NA,NA,USD
2026-08-11T01:35:00.000Z,4479.8999023438,4480.7001953125,4479.0,4480.0,39,0.0,0.0,GC=F,NA,NA,USD
2026-08-11T01:36:00.000Z,4479.8999023438,4480.7998046875,4478.0,4478.0,121,0.0,0.0,GC=F,NA,NA,USD
2026-08-11T01:37:00.000Z,4477.7001953125,4480.2001953125,4476.7998046875,4480.2001953125,117,0.0,0.0,GC=F,NA,NA,USD
2026-08-11T01:38:00.000Z,4479.5,4480.6000976562,4477.7998046875,4478.2001953125,64,0.0,0.0,GC=F,NA,NA,USD
2026-08-11T01:39:00.000Z,4478.2998046875,4479.7998046875,4477.5,4479.7998046875,76,0.0,0.0,GC=F,NA,NA,USD
2026-08-11T01:40:00.000Z,4480.0,4483.1000976562,4479.7001953125,4480.2998046875,218,0.0,0.0,GC=F,NA,NA,USD
2026-08-11T01:41:00.000Z,4480.6000976562,4480.6000976562,4477.3999023438,4478.1000976562,79,0.0,0.0,GC=F,NA,NA,USD
2026-08-11T01:42:00.000Z,4477.5,4480.5,4477.3999023438,4480.1000976562,56,0.0,0.0,GC=F,NA,NA,USD
2026-08-11T01:43:00.000Z,4479.2998046875,4481.2001953125,4478.8999023438,4479.5,126,0.0,0.0,GC=F,NA,NA,USD
2026-08-11T01:44:00.000Z,4479.3999023438,4480.0,4475.3999023438,4475.5,226,0.0,0.0,GC=F,NA,NA,USD
2026-08-11T01:45:00.000Z,4475.3999023438,4479.2998046875,4474.6000976562,4479.2001953125,209,0.0,0.0,GC=F,NA,NA,USD
2026-08-11T01:46:00.000Z,4479.2001953125,4480.5,4478.7998046875,4480.2001953125,66,0.0,0.0,GC=F,NA,NA,USD
2026-08-11T01:47:00.000Z,4480.1000976562,4483.5,4480.0,4482.2001953125,196,0.0,0.0,GC=F,NA,NA,USD
2026-08-11T01:48:00.000Z,4482.5,4485.0,4480.7001953125,4484.2998046875,221,0.0,0.0,GC=F,NA,NA,USD
2026-08-11T01:49:00.000Z,4484.7998046875,4487.5,4484.7001953125,4486.6000976562,186,0.0,0.0,GC=F,NA,NA,USD
2026-08-11T01:50:00.000Z,4487.0,4487.7998046875,4486.2998046875,4486.5,101,0.0,0.0,GC=F,NA,NA,USD
2026-08-11T01:51:00.000Z,4486.8999023438,4487.0,4485.2998046875,4486.0,131,0.0,0.0,GC=F,NA,NA,USD
2026-08-11T01:52:00.000Z,4486.0,4487.8999023438,4485.5,4487.8999023438,69,0.0,0.0,GC=F,NA,NA,USD
2026-08-11T01:53:00.000Z,4487.6000976562,4490.7998046875,4487.6000976562,4490.1000976562,246,0.0,0.0,GC=F,NA,NA,USD
2026-08-11T01:54:00.000Z,4490.1000976562,4491.5,4489.8999023438,4491.5,88,0.0,0.0,GC=F,NA,NA,USD
2026-08-11T01:55:00.000Z,4491.3999023438,4493.7001953125,4489.2001953125,4489.7001953125,372,0.0,0.0,GC=F,NA,NA,USD
2026-08-11T01:56:00.000Z,4489.8999023438,4492.0,4489.2998046875,4491.6000976562,94,0.0,0.0,GC=F,NA,NA,USD
2026-08-11T01:57:00.000Z,4491.6000976562,4492.7001953125,4490.2001953125,4490.5,139,0.0,0.0,GC=F,NA,NA,USD
2026-08-11T01:58:00.000Z,4490.5,4492.2001953125,4489.2998046875,4492.2001953125,71,0.0,0.0,GC=F,NA,NA,USD
2026-08-11T01:59:00.000Z,4490.8999023438,4491.8999023438,4488.5,4489.2001953125,120,0.0,0.0,GC=F,NA,NA,USD
2026-08-11T02:00:00.000Z,4489.2001953125,4489.7001953125,4485.1000976562,4486.6000976562,280,0.0,0.0,GC=F,NA,NA,USD
2026-08-11T02:01:00.000Z,4486.6000976562,4486.8999023438,4484.6000976562,4485.3999023438,193,0.0,0.0,GC=F,NA,NA,USD
2026-08-11T02:02:00.000Z,4485.3999023438,4487.6000976562,4485.3999023438,4486.2998046875,125,0.0,0.0,GC=F,NA,NA,USD
2026-08-11T02:03:00.000Z,4486.2001953125,4486.2001953125,4483.7998046875,4484.7001953125,121,0.0,0.0,GC=F,NA,NA,USD
2026-08-11T02:04:00.000Z,4484.0,4486.7998046875,4483.5,4486.7998046875,75,0.0,0.0,GC=F,NA,NA,USD
2026-08-11T02:05:00.000Z,4486.5,4487.6000976562,4485.2998046875,4485.8999023438,22,0.0,0.0,GC=F,NA,NA,USD
2026-08-11T02:06:00.000Z,4486.1000976562,4489.2998046875,4486.1000976562,4488.3999023438,81,0.0,0.0,GC=F,NA,NA,USD
2026-08-11T02:07:00.000Z,4488.1000976562,4488.1000976562,4483.7998046875,4484.0,98,0.0,0.0,GC=F,NA,NA,USD
2026-08-11T02:08:00.000Z,4484.2998046875,4485.5,4484.2998046875,4484.7001953125,66,0.0,0.0,GC=F,NA,NA,USD
2026-08-11T02:09:00.000Z,4484.6000976562,4485.2998046875,4481.0,4483.1000976562,225,0.0,0.0,GC=F,NA,NA,USD
2026-08-11T02:10:00.000Z,4483.2998046875,4486.0,4482.8999023438,4486.0,106,0.0,0.0,GC=F,NA,NA,USD
2026-08-11T02:11:00.000Z,4485.6000976562,4487.5,4485.6000976562,4487.0,42,0.0,0.0,GC=F,NA,NA,USD
2026-08-11T02:12:00.000Z,4486.7998046875,4489.0,4486.7998046875,4488.8999023438,102,0.0,0.0,GC=F,NA,NA,USD
2026-08-11T02:13:00.000Z,4489.1000976562,4493.2001953125,4489.0,4492.6000976562,242,0.0,0.0,GC=F,NA,NA,USD
2026-08-11T02:14:00.000Z,4492.7001953125,4494.5,4492.3999023438,4494.0,198,0.0,0.0,GC=F,NA,NA,USD
2026-08-11T02:15:00.000Z,4494.0,4494.7998046875,4493.8999023438,4494.7001953125,111,0.0,0.0,GC=F,NA,NA,USD
2026-08-11T02:16:00.000Z,4495.0,4495.0,4492.1000976562,4492.1000976562,290,0.0,0.0,GC=F,NA,NA,USD
2026-08-11T02:17:00.000Z,4492.2998046875,4493.2998046875,4492.2998046875,4492.7998046875,28,0.0,0.0,GC=F,NA,NA,USD
2026-08-11T02:18:00.000Z,4492.6000976562,4493.8999023438,4492.6000976562,4493.7001953125,44,0.0,0.0,GC=F,NA,NA,USD
2026-08-11T02:19:00.000Z,4493.1000976562,4493.2001953125,4491.6000976562,4491.7998046875,78,0.0,0.0,GC=F,NA,NA,USD
2026-08-11T02:20:00.000Z,4491.5,4492.0,4489.7001953125,4490.3999023438,107,0.0,0.0,GC=F,NA,NA,USD
2026-08-11T02:21:00.000Z,4490.3999023438,4491.7001953125,4489.8999023438,4490.5,83,0.0,0.0,GC=F,NA,NA,USD
2026-08-11T02:22:00.000Z,4490.2001953125,4490.5,4487.8999023438,4488.7001953125,53,0.0,0.0,GC=F,NA,NA,USD
2026-08-11T02:23:00.000Z,4488.5,4488.6000976562,4487.3999023438,4487.7001953125,69,0.0,0.0,GC=F,NA,NA,USD
2026-08-11T02:24:00.000Z,4487.7001953125,4488.2001953125,4486.1000976562,4486.2001953125,184,0.0,0.0,GC=F,NA,NA,USD
2026-08-11T02:25:00.000Z,4486.0,4489.1000976562,4486.0,4488.0,118,0.0,0.0,GC=F,NA,NA,USD
2026-08-11T02:26:00.000Z,4488.1000976562,4489.1000976562,4486.2998046875,4488.2998046875,233,0.0,0.0,GC=F,NA,NA,USD
2026-08-11T02:27:00.000Z,4488.6000976562,4490.1000976562,4488.2998046875,4489.0,48,0.0,0.0,GC=F,NA,NA,USD
2026-08-11T02:28:00.000Z,4489.5,4490.0,4488.8999023438,4489.1000976562,38,0.0,0.0,GC=F,NA,NA,USD
2026-08-11T02:29:00.000Z,4489.3999023438,4489.3999023438,4488.0,4488.5,45,0.0,0.0,GC=F,NA,NA,USD
2026-08-11T02:30:00.000Z,4488.2001953125,4489.1000976562,4485.3999023438,4488.3999023438,183,0.0,0.0,GC=F,NA,NA,USD
2026-08-11T02:31:00.000Z,4488.3999023438,4488.3999023438,4485.3999023438,4485.6000976562,75,0.0,0.0,GC=F,NA,NA,USD
2026-08-11T02:32:00.000Z,4485.8999023438,4487.5,4485.6000976562,4486.5,160,0.0,0.0,GC=F,NA,NA,USD
2026-08-11T02:33:00.000Z,4487.0,4487.0,4484.1000976562,4486.6000976562,106,0.0,0.0,GC=F,NA,NA,USD
2026-08-11T02:34:00.000Z,4486.3999023438,4487.2998046875,4485.7001953125,4486.2998046875,81,0.0,0.0,GC=F,NA,NA,USD
2026-08-11T02:35:00.000Z,4486.7001953125,4486.8999023438,4483.5,4483.7001953125,116,0.0,0.0,GC=F,NA,NA,USD
2026-08-11T02:36:00.000Z,4483.3999023438,4484.0,4480.1000976562,4480.7001953125,151,0.0,0.0,GC=F,NA,NA,USD
2026-08-11T02:37:00.000Z,4480.3999023438,4480.3999023438,4478.3999023438,4479.2001953125,140,0.0,0.0,GC=F,NA,NA,USD
2026-08-11T02:38:00.000Z,4478.8999023438,4479.3999023438,4475.3999023438,4475.5,171,0.0,0.0,GC=F,NA,NA,USD
2026-08-11T02:39:00.000Z,4475.3999023438,4476.2001953125,4473.8999023438,4476.0,136,0.0,0.0,GC=F,NA,NA,USD
2026-08-11T02:40:00.000Z,4476.2998046875,4480.1000976562,4476.0,4480.1000976562,142,0.0,0.0,GC=F,NA,NA,USD
2026-08-11T02:41:00.000Z,4480.5,4480.5,4478.2001953125,4480.2001953125,46,0.0,0.0,GC=F,NA,NA,USD
2026-08-11T02:42:00.000Z,4480.3999023438,4481.3999023438,4479.3999023438,4481.1000976562,26,0.0,0.0,GC=F,NA,NA,USD
2026-08-11T02:43:00.000Z,4481.0,4481.0,4478.2001953125,4479.6000976562,54,0.0,0.0,GC=F,NA,NA,USD
2026-08-11T02:44:00.000Z,4479.6000976562,4479.7998046875,4478.6000976562,4478.6000976562,35,0.0,0.0,GC=F,NA,NA,USD
2026-08-11T02:45:00.000Z,4478.3999023438,4479.2998046875,4477.7998046875,4477.8999023438,40,0.0,0.0,GC=F,NA,NA,USD
2026-08-11T02:46:00.000Z,4477.7998046875,4477.7998046875,4475.5,4476.2001953125,107,0.0,0.0,GC=F,NA,NA,USD
2026-08-11T02:47:00.000Z,4476.3999023438,4477.7001953125,4475.0,4475.8999023438,62,0.0,0.0,GC=F,NA,NA,USD
2026-08-11T02:48:00.000Z,4476.6000976562,4477.3999023438,4475.6000976562,4475.6000976562,78,0.0,0.0,GC=F,NA,NA,USD
2026-08-11T02:49:00.000Z,4475.7998046875,4476.7001953125,4474.8999023438,4475.0,67,0.0,0.0,GC=F,NA,NA,USD
2026-08-11T02:50:00.000Z,4474.7998046875,4475.2001953125,4473.1000976562,4473.3999023438,90,0.0,0.0,GC=F,NA,NA,USD
2026-08-11T02:51:00.000Z,4474.0,4474.1000976562,4471.7998046875,4472.3999023438,112,0.0,0.0,GC=F,NA,NA,USD
2026-08-11T02:52:00.000Z,4472.5,4472.5,4469.3999023438,4472.0,195,0.0,0.0,GC=F,NA,NA,USD
2026-08-11T02:53:00.000Z,4472.2998046875,4472.2998046875,4471.0,4471.1000976562,62,0.0,0.0,GC=F,NA,NA,USD
2026-08-11T02:54:00.000Z,4471.3999023438,4472.0,4469.5,4471.6000976562,79,0.0,0.0,GC=F,NA,NA,USD
2026-08-11T02:55:00.000Z,4471.6000976562,4471.7001953125,4468.0,4470.5,116,0.0,0.0,GC=F,NA,NA,USD
2026-08-11T02:56:00.000Z,4470.6000976562,4473.0,4470.6000976562,4472.7001953125,80,0.0,0.0,GC=F,NA,NA,USD
2026-08-11T02:57:00.000Z,4472.2001953125,4472.5,4469.7998046875,4471.5,43,0.0,0.0,GC=F,NA,NA,USD
2026-08-11T02:58:00.000Z,4471.5,4473.0,4471.2998046875,4472.1000976562,31,0.0,0.0,GC=F,NA,NA,USD
2026-08-11T02:59:00.000Z,4471.7001953125,4472.0,4470.7001953125,4470.7998046875,15,0.0,0.0,GC=F,NA,NA,USD
2026-08-11T03:00:00.000Z,4470.7001953125,4473.1000976562,4470.5,4472.8999023438,40,0.0,0.0,GC=F,NA,NA,USD
2026-08-11T03:01:00.000Z,4472.8999023438,4473.5,4472.2001953125,4472.7998046875,24,0.0,0.0,GC=F,NA,NA,USD
2026-08-11T03:02:00.000Z,4472.5,4474.6000976562,4471.8999023438,4473.2998046875,58,0.0,0.0,GC=F,NA,NA,USD
2026-08-11T03:03:00.000Z,4473.6000976562,4473.6000976562,4471.8999023438,4472.7998046875,41,0.0,0.0,GC=F,NA,NA,USD
2026-08-11T03:04:00.000Z,4472.7001953125,4473.5,4472.5,4473.3999023438,17,0.0,0.0,GC=F,NA,NA,USD
2026-08-11T03:05:00.000Z,4473.5,4474.0,4473.1000976562,4473.5,45,0.0,0.0,GC=F,NA,NA,USD
2026-08-11T03:06:00.000Z,4473.7001953125,4473.7001953125,4469.6000976562,4471.1000976562,69,0.0,0.0,GC=F,NA,NA,USD
2026-08-11T03:07:00.000Z,4471.7001953125,4472.5,4471.5,4471.8999023438,46,0.0,0.0,GC=F,NA,NA,USD
2026-08-11T03:08:00.000Z,4471.5,4474.1000976562,4471.2998046875,4473.1000976562,46,0.0,0.0,GC=F,NA,NA,USD
2026-08-11T03:09:00.000Z,4473.2001953125,4475.0,4473.2001953125,4473.7001953125,69,0.0,0.0,GC=F,NA,NA,USD
2026-08-11T03:10:00.000Z,4473.3999023438,4473.5,4472.1000976562,4473.5,32,0.0,0.0,GC=F,NA,NA,USD
2026-08-11T03:11:00.000Z,4473.3999023438,4473.5,4472.2998046875,4473.5,47,0.0,0.0,GC=F,NA,NA,USD
2026-08-11T03:12:00.000Z,4473.3999023438,4475.2001953125,4473.2998046875,4474.1000976562,36,0.0,0.0,GC=F,NA,NA,USD
2026-08-11T03:13:00.000Z,4474.5,4474.7998046875,4473.2998046875,4473.7998046875,29,0.0,0.0,GC=F,NA,NA,USD
2026-08-11T03:14:00.000Z,4473.7998046875,4474.0,4472.7998046875,4473.5,22,0.0,0.0,GC=F,NA,NA,USD
2026-08-11T03:15:00.000Z,4473.3999023438,4475.7998046875,4473.3999023438,4475.2001953125,52,0.0,0.0,GC=F,NA,NA,USD
2026-08-11T03:16:00.000Z,4475.1000976562,4475.1000976562,4473.2001953125,4473.2001953125,27,0.0,0.0,GC=F,NA,NA,USD
2026-08-11T03:17:00.000Z,4473.5,4473.8999023438,4473.1000976562,4473.8999023438,17,0.0,0.0,GC=F,NA,NA,USD
2026-08-11T03:18:00.000Z,4474.6000976562,4477.0,4474.6000976562,4475.7998046875,45,0.0,0.0,GC=F,NA,NA,USD
2026-08-11T03:19:00.000Z,4476.6000976562,4477.2001953125,4476.2001953125,4477.2001953125,58,0.0,0.0,GC=F,NA,NA,USD
2026-08-11T03:20:00.000Z,4476.6000976562,4478.1000976562,4476.5,4477.5,58,0.0,0.0,GC=F,NA,NA,USD
2026-08-11T03:21:00.000Z,4477.1000976562,4477.6000976562,4476.3999023438,4476.6000976562,69,0.0,0.0,GC=F,NA,NA,USD
2026-08-11T03:22:00.000Z,4476.5,4477.2001953125,4475.7001953125,4475.7001953125,16,0.0,0.0,GC=F,NA,NA,USD
2026-08-11T03:23:00.000Z,4476.2998046875,4476.5,4474.3999023438,4475.2998046875,36,0.0,0.0,GC=F,NA,NA,USD
2026-08-11T03:24:00.000Z,4475.3999023438,4475.7001953125,4474.7001953125,4475.7001953125,29,0.0,0.0,GC=F,NA,NA,USD
2026-08-11T03:25:00.000Z,4475.7001953125,4476.2998046875,4475.6000976562,4476.2998046875,11,0.0,0.0,GC=F,NA,NA,USD
2026-08-11T03:26:00.000Z,4475.7998046875,4479.7001953125,4475.7998046875,4479.6000976562,80,0.0,0.0,GC=F,NA,NA,USD
2026-08-11T03:27:00.000Z,4479.1000976562,4480.7998046875,4479.0,4480.3999023438,55,0.0,0.0,GC=F,NA,NA,USD
2026-08-11T03:28:00.000Z,4480.0,4480.2001953125,4478.1000976562,4478.1000976562,58,0.0,0.0,GC=F,NA,NA,USD
2026-08-11T03:29:00.000Z,4478.7001953125,4480.2998046875,4478.3999023438,4480.0,39,0.0,0.0,GC=F,NA,NA,USD
2026-08-11T03:30:00.000Z,4480.2998046875,4481.3999023438,4479.7998046875,4480.3999023438,42,0.0,0.0,GC=F,NA,NA,USD
2026-08-11T03:31:00.000Z,4480.3999023438,4481.0,4479.2998046875,4479.2998046875,42,0.0,0.0,GC=F,NA,NA,USD
2026-08-11T03:32:00.000Z,4479.3999023438,4479.7998046875,4479.0,4479.7998046875,25,0.0,0.0,GC=F,NA,NA,USD
2026-08-11T03:33:00.000Z,4479.2001953125,4480.0,4478.5,4478.5,40,0.0,0.0,GC=F,NA,NA,USD
2026-08-11T03:34:00.000Z,4478.7001953125,4479.6000976562,4478.6000976562,4479.6000976562,14,0.0,0.0,GC=F,NA,NA,USD
2026-08-11T03:35:00.000Z,4479.5,4479.8999023438,4478.8999023438,4479.0,10,0.0,0.0,GC=F,NA,NA,USD
2026-08-11T03:36:00.000Z,4479.2001953125,4479.5,4478.7998046875,4479.3999023438,23,0.0,0.0,GC=F,NA,NA,USD
2026-08-11T03:37:00.000Z,4479.6000976562,4480.0,4479.3999023438,4479.3999023438,7,0.0,0.0,GC=F,NA,NA,USD
2026-08-11T03:38:00.000Z,4479.2998046875,4479.2998046875,4478.2001953125,4478.6000976562,36,0.0,0.0,GC=F,NA,NA,USD
2026-08-11T03:39:00.000Z,4478.7001953125,4478.7001953125,4478.3999023438,4478.5,6,0.0,0.0,GC=F,NA,NA,USD
2026-08-11T03:40:00.000Z,4478.6000976562,4479.2998046875,4477.7001953125,4478.2998046875,43,0.0,0.0,GC=F,NA,NA,USD
2026-08-11T03:41:00.000Z,4478.6000976562,4479.6000976562,4478.3999023438,4479.2998046875,21,0.0,0.0,GC=F,NA,NA,USD
2026-08-11T03:42:00.000Z,4479.0,4479.3999023438,4477.8999023438,4477.8999023438,12,0.0,0.0,GC=F,NA,NA,USD
2026-08-11T03:43:00.000Z,4478.1000976562,4478.3999023438,4476.0,4476.0,69,0.0,0.0,GC=F,NA,NA,USD
2026-08-11T03:44:00.000Z,4476.5,4477.2001953125,4475.2001953125,4475.7001953125,58,0.0,0.0,GC=F,NA,NA,USD
2026-08-11T03:45:00.000Z,4475.7998046875,4477.2001953125,4475.5,4477.2001953125,59,0.0,0.0,GC=F,NA,NA,USD
2026-08-11T03:46:00.000Z,4477.1000976562,4477.8999023438,4474.3999023438,4475.2998046875,101,0.0,0.0,GC=F,NA,NA,USD
2026-08-11T03:47:00.000Z,4475.2001953125,4476.5,4474.8999023438,4475.5,23,0.0,0.0,GC=F,NA,NA,USD
2026-08-11T03:48:00.000Z,4475.7998046875,4476.1000976562,4474.7001953125,4475.2998046875,46,0.0,0.0,GC=F,NA,NA,USD
2026-08-11T03:49:00.000Z,4475.2998046875,4475.2998046875,4473.7001953125,4474.2001953125,44,0.0,0.0,GC=F,NA,NA,USD
2026-08-11T03:50:00.000Z,4474.7998046875,4475.7998046875,4474.7998046875,4475.5,14,0.0,0.0,GC=F,NA,NA,USD
2026-08-11T03:51:00.000Z,4475.7001953125,4476.0,4474.5,4474.5,64,0.0,0.0,GC=F,NA,NA,USD
2026-08-11T03:52:00.000Z,4474.2998046875,4475.6000976562,4473.7998046875,4475.3999023438,44,0.0,0.0,GC=F,NA,NA,USD
2026-08-11T03:53:00.000Z,4475.2001953125,4478.6000976562,4475.2001953125,4477.1000976562,80,0.0,0.0,GC=F,NA,NA,USD
2026-08-11T03:54:00.000Z,4476.5,4476.5,4476.2998046875,4476.3999023438,11,0.0,0.0,GC=F,NA,NA,USD
2026-08-11T03:55:00.000Z,4476.3999023438,4477.3999023438,4476.3999023438,4477.3999023438,4,0.0,0.0,GC=F,NA,NA,USD
2026-08-11T03:56:00.000Z,4477.0,4477.0,4476.1000976562,4476.1000976562,18,0.0,0.0,GC=F,NA,NA,USD
2026-08-11T03:57:00.000Z,4476.0,4476.6000976562,4476.0,4476.6000976562,4,0.0,0.0,GC=F,NA,NA,USD
2026-08-11T03:58:00.000Z,4476.7998046875,4477.0,4476.7998046875,4477.0,3,0.0,0.0,GC=F,NA,NA,USD
2026-08-11T04:00:00.000Z,4476.5,4476.7998046875,4476.2998046875,4476.7998046875,23,0.0,0.0,GC=F,NA,NA,USD
2026-08-11T04:01:00.000Z,4477.5,4479.2001953125,4477.3999023438,4478.8999023438,63,0.0,0.0,GC=F,NA,NA,USD
2026-08-11T04:02:00.000Z,4479.0,4479.1000976562,4478.2998046875,4478.8999023438,26,0.0,0.0,GC=F,NA,NA,USD
2026-08-11T04:03:00.000Z,4478.8999023438,4479.2001953125,4477.5,4477.6000976562,30,0.0,0.0,GC=F,NA,NA,USD
2026-08-11T04:04:00.000Z,4477.7001953125,4478.2998046875,4477.0,4477.0,27,0.0,0.0,GC=F,NA,NA,USD
2026-08-11T04:05:00.000Z,4477.2998046875,4478.0,4477.2998046875,4477.7001953125,9,0.0,0.0,GC=F,NA,NA,USD
2026-08-11T04:06:00.000Z,4477.6000976562,4477.7998046875,4476.7998046875,4477.2998046875,25,0.0,0.0,GC=F,NA,NA,USD
2026-08-11T04:07:00.000Z,4477.2998046875,4477.7998046875,4474.1000976562,4474.7001953125,119,0.0,0.0,GC=F,NA,NA,USD
2026-08-11T04:08:00.000Z,4475.7998046875,4475.7998046875,4474.2998046875,4474.5,50,0.0,0.0,GC=F,NA,NA,USD
2026-08-11T04:09:00.000Z,4474.6000976562,4475.0,4473.7001953125,4473.7001953125,35,0.0,0.0,GC=F,NA,NA,USD
2026-08-11T04:10:00.000Z,4474.0,4474.0,4472.1000976562,4472.6000976562,82,0.0,0.0,GC=F,NA,NA,USD
2026-08-11T04:11:00.000Z,4472.6000976562,4473.7998046875,4472.0,4473.1000976562,69,0.0,0.0,GC=F,NA,NA,USD
2026-08-11T04:12:00.000Z,4473.5,4473.7001953125,4472.3999023438,4472.3999023438,28,0.0,0.0,GC=F,NA,NA,USD
2026-08-11T04:13:00.000Z,4473.2998046875,4473.5,4472.8999023438,4472.8999023438,19,0.0,0.0,GC=F,NA,NA,USD
2026-08-11T04:14:00.000Z,4473.2001953125,4473.7998046875,4472.5,4473.7001953125,57,0.0,0.0,GC=F,NA,NA,USD
2026-08-11T04:15:00.000Z,4474.2998046875,4474.7998046875,4472.5,4473.7998046875,64,0.0,0.0,GC=F,NA,NA,USD
2026-08-11T04:16:00.000Z,4473.2998046875,4475.0,4473.2998046875,4474.5,27,0.0,0.0,GC=F,NA,NA,USD
2026-08-11T04:17:00.000Z,4473.8999023438,4474.2001953125,4473.7001953125,4474.0,9,0.0,0.0,GC=F,NA,NA,USD
2026-08-11T04:18:00.000Z,4474.1000976562,4475.1000976562,4473.7001953125,4475.0,25,0.0,0.0,GC=F,NA,NA,USD
2026-08-11T04:19:00.000Z,4475.2998046875,4475.8999023438,4473.0,4473.1000976562,119,0.0,0.0,GC=F,NA,NA,USD
2026-08-11T04:20:00.000Z,4472.8999023438,4472.8999023438,4470.7001953125,4471.2001953125,110,0.0,0.0,GC=F,NA,NA,USD
2026-08-11T04:21:00.000Z,4471.0,4472.2998046875,4469.7001953125,4472.2998046875,64,0.0,0.0,GC=F,NA,NA,USD
2026-08-11T04:22:00.000Z,4472.2998046875,4472.2998046875,4471.2001953125,4471.8999023438,14,0.0,0.0,GC=F,NA,NA,USD
2026-08-11T04:23:00.000Z,4472.1000976562,4472.3999023438,4471.7998046875,4471.7998046875,14,0.0,0.0,GC=F,NA,NA,USD
2026-08-11T04:24:00.000Z,4472.7998046875,4473.2998046875,4472.7001953125,4472.7001953125,13,0.0,0.0,GC=F,NA,NA,USD
2026-08-11T04:25:00.000Z,4472.7001953125,4472.7001953125,4471.7001953125,4472.1000976562,22,0.0,0.0,GC=F,NA,NA,USD
2026-08-11T04:26:00.000Z,4472.1000976562,4472.1000976562,4470.6000976562,4471.3999023438,76,0.0,0.0,GC=F,NA,NA,USD
2026-08-11T04:27:00.000Z,4471.7998046875,4472.0,4471.2001953125,4471.7001953125,16,0.0,0.0,GC=F,NA,NA,USD
2026-08-11T04:28:00.000Z,4471.7998046875,4475.0,4471.7998046875,4475.0,67,0.0,0.0,GC=F,NA,NA,USD
2026-08-11T04:29:00.000Z,4474.8999023438,4475.1000976562,4474.6000976562,4474.8999023438,43,0.0,0.0,GC=F,NA,NA,USD
2026-08-11T04:30:00.000Z,4474.6000976562,4474.6000976562,4471.2998046875,4471.8999023438,111,0.0,0.0,GC=F,NA,NA,USD
2026-08-11T04:31:00.000Z,4472.6000976562,4476.1000976562,4470.7998046875,4476.1000976562,113,0.0,0.0,GC=F,NA,NA,USD
2026-08-11T04:32:00.000Z,4475.7001953125,4478.2998046875,4474.7998046875,4478.2001953125,134,0.0,0.0,GC=F,NA,NA,USD
2026-08-11T04:33:00.000Z,4478.1000976562,4480.2998046875,4477.7001953125,4479.7998046875,205,0.0,0.0,GC=F,NA,NA,USD
2026-08-11T04:34:00.000Z,4479.7001953125,4479.7998046875,4475.8999023438,4475.8999023438,181,0.0,0.0,GC=F,NA,NA,USD
2026-08-11T04:35:00.000Z,4476.1000976562,4476.1000976562,4473.0,4473.6000976562,62,0.0,0.0,GC=F,NA,NA,USD
2026-08-11T04:36:00.000Z,4473.7001953125,4474.1000976562,4470.7998046875,4472.8999023438,223,0.0,0.0,GC=F,NA,NA,USD
2026-08-11T04:37:00.000Z,4472.6000976562,4473.3999023438,4471.5,4472.1000976562,40,0.0,0.0,GC=F,NA,NA,USD
2026-08-11T04:38:00.000Z,4472.5,4473.7998046875,4472.3999023438,4473.3999023438,21,0.0,0.0,GC=F,NA,NA,USD
2026-08-11T04:39:00.000Z,4473.7001953125,4474.0,4473.2998046875,4474.0,16,0.0,0.0,GC=F,NA,NA,USD
2026-08-11T04:40:00.000Z,4473.7998046875,4474.7998046875,4473.1000976562,4473.1000976562,20,0.0,0.0,GC=F,NA,NA,USD
2026-08-11T04:41:00.000Z,4472.6000976562,4472.7998046875,4471.7001953125,4471.7001953125,13,0.0,0.0,GC=F,NA,NA,USD
2026-08-11T04:42:00.000Z,4471.5,4471.7998046875,4468.2001953125,4469.5,202,0.0,0.0,GC=F,NA,NA,USD
2026-08-11T04:43:00.000Z,4469.2001953125,4470.1000976562,4468.7001953125,4469.5,36,0.0,0.0,GC=F,NA,NA,USD
2026-08-11T04:44:00.000Z,4470.1000976562,4470.6000976562,4469.6000976562,4469.8999023438,26,0.0,0.0,GC=F,NA,NA,USD
2026-08-11T04:45:00.000Z,4470.0,4470.0,4468.7001953125,4470.0,51,0.0,0.0,GC=F,NA,NA,USD
2026-08-11T04:46:00.000Z,4470.2998046875,4471.2001953125,4469.8999023438,4470.7998046875,33,0.0,0.0,GC=F,NA,NA,USD
2026-08-11T04:47:00.000Z,4470.5,4470.7998046875,4470.0,4470.5,24,0.0,0.0,GC=F,NA,NA,USD
2026-08-11T04:48:00.000Z,4470.1000976562,4470.3999023438,4469.3999023438,4469.5,17,0.0,0.0,GC=F,NA,NA,USD
2026-08-11T04:49:00.000Z,4469.2001953125,4469.7001953125,4466.7998046875,4467.6000976562,100,0.0,0.0,GC=F,NA,NA,USD
2026-08-11T04:50:00.000Z,4467.3999023438,4468.0,4466.1000976562,4467.0,135,0.0,0.0,GC=F,NA,NA,USD
2026-08-11T04:51:00.000Z,4467.3999023438,4467.8999023438,4466.8999023438,4467.2998046875,115,0.0,0.0,GC=F,NA,NA,USD
2026-08-11T04:52:00.000Z,4467.5,4467.7998046875,4466.2001953125,4466.5,53,0.0,0.0,GC=F,NA,NA,USD
2026-08-11T04:53:00.000Z,4466.7998046875,4468.0,4465.2001953125,4467.8999023438,190,0.0,0.0,GC=F,NA,NA,USD
2026-08-11T04:54:00.000Z,4467.2001953125,4467.6000976562,4465.7998046875,4466.2001953125,35,0.0,0.0,GC=F,NA,NA,USD
2026-08-11T04:55:00.000Z,4465.7998046875,4465.8999023438,4464.2001953125,4464.5,124,0.0,0.0,GC=F,NA,NA,USD
2026-08-11T04:56:00.000Z,4464.8999023438,4465.7001953125,4463.2998046875,4465.6000976562,96,0.0,0.0,GC=F,NA,NA,USD
2026-08-11T04:57:00.000Z,4465.7001953125,4466.3999023438,4465.2001953125,4466.1000976562,23,0.0,0.0,GC=F,NA,NA,USD
2026-08-11T04:58:00.000Z,4466.3999023438,4466.3999023438,4465.5,4465.5,38,0.0,0.0,GC=F,NA,NA,USD
2026-08-11T04:59:00.000Z,4466.3999023438,4469.1000976562,4466.3999023438,4468.7001953125,57,0.0,0.0,GC=F,NA,NA,USD
2026-08-11T05:00:00.000Z,4468.7998046875,4468.8999023438,4467.1000976562,4467.6000976562,48,0.0,0.0,GC=F,NA,NA,USD
2026-08-11T05:01:00.000Z,4467.7998046875,4467.7998046875,4465.7001953125,4466.0,35,0.0,0.0,GC=F,NA,NA,USD
2026-08-11T05:02:00.000Z,4465.7001953125,4466.3999023438,4465.7001953125,4466.1000976562,26,0.0,0.0,GC=F,NA,NA,USD
2026-08-11T05:03:00.000Z,4466.5,4466.6000976562,4465.7001953125,4465.7001953125,30,0.0,0.0,GC=F,NA,NA,USD
2026-08-11T05:04:00.000Z,4465.6000976562,4465.7001953125,4464.7001953125,4465.7001953125,28,0.0,0.0,GC=F,NA,NA,USD
2026-08-11T05:05:00.000Z,4465.0,4465.0,4462.3999023438,4462.6000976562,39,0.0,0.0,GC=F,NA,NA,USD
2026-08-11T05:06:00.000Z,4462.3999023438,4464.2998046875,4462.3999023438,4464.0,57,0.0,0.0,GC=F,NA,NA,USD
2026-08-11T05:07:00.000Z,4463.6000976562,4464.2001953125,4463.1000976562,4464.2001953125,17,0.0,0.0,GC=F,NA,NA,USD
2026-08-11T05:08:00.000Z,4463.7998046875,4465.8999023438,4462.8999023438,4465.5,63,0.0,0.0,GC=F,NA,NA,USD
2026-08-11T05:09:00.000Z,4465.2998046875,4466.0,4465.1000976562,4465.7001953125,35,0.0,0.0,GC=F,NA,NA,USD
2026-08-11T05:10:00.000Z,4466.0,4466.0,4464.2001953125,4464.7001953125,18,0.0,0.0,GC=F,NA,NA,USD
2026-08-11T05:11:00.000Z,4464.7998046875,4464.7998046875,4461.2001953125,4461.7001953125,174,0.0,0.0,GC=F,NA,NA,USD
2026-08-11T05:12:00.000Z,4461.8999023438,4461.8999023438,4459.0,4461.1000976562,150,0.0,0.0,GC=F,NA,NA,USD
2026-08-11T05:13:00.000Z,4461.2001953125,4462.1000976562,4461.2001953125,4461.6000976562,51,0.0,0.0,GC=F,NA,NA,USD
2026-08-11T05:14:00.000Z,4461.5,4462.3999023438,4461.2001953125,4462.1000976562,15,0.0,0.0,GC=F,NA,NA,USD
2026-08-11T05:15:00.000Z,4461.6000976562,4461.6000976562,4460.7998046875,4460.8999023438,22,0.0,0.0,GC=F,NA,NA,USD
2026-08-11T05:16:00.000Z,4460.7001953125,4461.8999023438,4460.0,4461.2001953125,49,0.0,0.0,GC=F,NA,NA,USD
2026-08-11T05:17:00.000Z,4461.6000976562,4461.7998046875,4458.3999023438,4459.2998046875,240,0.0,0.0,GC=F,NA,NA,USD
2026-08-11T05:18:00.000Z,4459.1000976562,4459.2001953125,4458.5,4458.7998046875,32,0.0,0.0,GC=F,NA,NA,USD
2026-08-11T05:19:00.000Z,4458.2998046875,4458.6000976562,4457.2998046875,4458.5,103,0.0,0.0,GC=F,NA,NA,USD
2026-08-11T05:20:00.000Z,4458.2998046875,4458.2998046875,4456.1000976562,4456.7998046875,121,0.0,0.0,GC=F,NA,NA,USD
2026-08-11T05:21:00.000Z,4456.7001953125,4457.6000976562,4456.1000976562,4456.5,98,0.0,0.0,GC=F,NA,NA,USD
2026-08-11T05:22:00.000Z,4456.5,4458.6000976562,4455.7998046875,4457.7998046875,128,0.0,0.0,GC=F,NA,NA,USD
2026-08-11T05:23:00.000Z,4458.5,4459.2998046875,4457.1000976562,4457.7001953125,59,0.0,0.0,GC=F,NA,NA,USD
2026-08-11T05:24:00.000Z,4457.6000976562,4458.0,4457.0,4457.5,29,0.0,0.0,GC=F,NA,NA,USD
2026-08-11T05:25:00.000Z,4457.3999023438,4457.5,4453.8999023438,4454.2001953125,134,0.0,0.0,GC=F,NA,NA,USD
2026-08-11T05:26:00.000Z,4454.2001953125,4454.3999023438,4450.0,4452.2998046875,354,0.0,0.0,GC=F,NA,NA,USD
2026-08-11T05:27:00.000Z,4452.0,4453.6000976562,4451.6000976562,4452.7998046875,83,0.0,0.0,GC=F,NA,NA,USD
2026-08-11T05:28:00.000Z,4452.7998046875,4452.7998046875,4450.8999023438,4450.8999023438,52,0.0,0.0,GC=F,NA,NA,USD
2026-08-11T05:29:00.000Z,4451.2001953125,4452.7998046875,4450.3999023438,4451.7998046875,142,0.0,0.0,GC=F,NA,NA,USD
2026-08-11T05:30:00.000Z,4451.6000976562,4451.6000976562,4439.7001953125,4440.2001953125,1277,0.0,0.0,GC=F,NA,NA,USD
2026-08-11T05:31:00.000Z,4440.3999023438,4440.6000976562,4435.6000976562,4437.2001953125,471,0.0,0.0,GC=F,NA,NA,USD
2026-08-11T05:32:00.000Z,4437.1000976562,4438.6000976562,4432.2001953125,4433.3999023438,348,0.0,0.0,GC=F,NA,NA,USD
2026-08-11T05:33:00.000Z,4433.3999023438,4440.5,4433.2001953125,4440.2998046875,399,0.0,0.0,GC=F,NA,NA,USD
2026-08-11T05:34:00.000Z,4440.2998046875,4444.6000976562,4438.8999023438,4443.8999023438,329,0.0,0.0,GC=F,NA,NA,USD
2026-08-11T05:35:00.000Z,4443.7001953125,4444.3999023438,4441.5,4443.1000976562,198,0.0,0.0,GC=F,NA,NA,USD
2026-08-11T05:36:00.000Z,4443.1000976562,4445.6000976562,4442.3999023438,4443.7001953125,128,0.0,0.0,GC=F,NA,NA,USD
2026-08-11T05:37:00.000Z,4443.2001953125,4445.3999023438,4441.0,4441.8999023438,179,0.0,0.0,GC=F,NA,NA,USD
2026-08-11T05:38:00.000Z,4442.5,4444.0,4440.7001953125,4440.7001953125,109,0.0,0.0,GC=F,NA,NA,USD
2026-08-11T05:39:00.000Z,4440.7998046875,4442.0,4437.0,4439.2998046875,153,0.0,0.0,GC=F,NA,NA,USD
2026-08-11T05:40:00.000Z,4439.2998046875,4439.8999023438,4437.2001953125,4438.6000976562,90,0.0,0.0,GC=F,NA,NA,USD
2026-08-11T05:41:00.000Z,4438.2001953125,4438.3999023438,4436.1000976562,4437.5,84,0.0,0.0,GC=F,NA,NA,USD
2026-08-11T05:42:00.000Z,4437.2998046875,4437.2998046875,4433.5,4433.7001953125,187,0.0,0.0,GC=F,NA,NA,USD
2026-08-11T05:43:00.000Z,4434.1000976562,4435.0,4433.5,4434.8999023438,102,0.0,0.0,GC=F,NA,NA,USD
2026-08-11T05:44:00.000Z,4435.1000976562,4439.2001953125,4434.8999023438,4437.1000976562,196,0.0,0.0,GC=F,NA,NA,USD
2026-08-11T05:45:00.000Z,4436.8999023438,4438.1000976562,4434.2001953125,4434.7001953125,110,0.0,0.0,GC=F,NA,NA,USD
2026-08-11T05:46:00.000Z,4434.7001953125,4434.7001953125,4432.2001953125,4432.7998046875,129,0.0,0.0,GC=F,NA,NA,USD
2026-08-11T05:47:00.000Z,4433.6000976562,4438.2998046875,4432.7998046875,4438.1000976562,99,0.0,0.0,GC=F,NA,NA,USD
2026-08-11T05:48:00.000Z,4437.8999023438,4438.2001953125,4433.7998046875,4434.5,116,0.0,0.0,GC=F,NA,NA,USD
2026-08-11T05:49:00.000Z,4434.6000976562,4435.2001953125,4431.7998046875,4431.7998046875,113,0.0,0.0,GC=F,NA,NA,USD
2026-08-11T05:50:00.000Z,4431.7001953125,4432.6000976562,4428.7998046875,4430.0,329,0.0,0.0,GC=F,NA,NA,USD
2026-08-11T05:51:00.000Z,4429.7998046875,4431.1000976562,4428.2998046875,4430.2001953125,169,0.0,0.0,GC=F,NA,NA,USD
2026-08-11T05:52:00.000Z,4429.3999023438,4432.7001953125,4429.3999023438,4432.7001953125,148,0.0,0.0,GC=F,NA,NA,USD
2026-08-11T05:53:00.000Z,4432.3999023438,4433.5,4430.5,4432.0,53,0.0,0.0,GC=F,NA,NA,USD
2026-08-11T05:54:00.000Z,4431.2998046875,4431.6000976562,4429.8999023438,4430.0,49,0.0,0.0,GC=F,NA,NA,USD
2026-08-11T05:55:00.000Z,4430.1000976562,4430.1000976562,4427.7001953125,4428.3999023438,125,0.0,0.0,GC=F,NA,NA,USD
2026-08-11T05:56:00.000Z,4428.2001953125,4431.1000976562,4427.1000976562,4430.7001953125,160,0.0,0.0,GC=F,NA,NA,USD
2026-08-11T05:57:00.000Z,4430.6000976562,4434.7998046875,4430.5,4432.5,168,0.0,0.0,GC=F,NA,NA,USD
2026-08-11T05:58:00.000Z,4432.6000976562,4434.5,4432.1000976562,4433.1000976562,121,0.0,0.0,GC=F,NA,NA,USD
2026-08-11T05:59:00.000Z,4433.2998046875,4435.2998046875,4433.1000976562,4435.2001953125,188,0.0,0.0,GC=F,NA,NA,USD
2026-08-11T06:00:00.000Z,4434.7001953125,4435.2998046875,4431.2998046875,4433.2001953125,208,0.0,0.0,GC=F,NA,NA,USD
2026-08-11T06:01:00.000Z,4433.2998046875,4437.2001953125,4433.1000976562,4436.3999023438,165,0.0,0.0,GC=F,NA,NA,USD
2026-08-11T06:02:00.000Z,4436.7998046875,4438.7998046875,4435.7998046875,4438.2998046875,383,0.0,0.0,GC=F,NA,NA,USD
2026-08-11T06:03:00.000Z,4438.1000976562,4440.0,4438.0,4439.6000976562,180,0.0,0.0,GC=F,NA,NA,USD
2026-08-11T06:04:00.000Z,4439.2001953125,4440.3999023438,4438.1000976562,4439.1000976562,170,0.0,0.0,GC=F,NA,NA,USD
2026-08-11T06:05:00.000Z,4439.1000976562,4439.2001953125,4437.7001953125,4438.0,121,0.0,0.0,GC=F,NA,NA,USD
2026-08-11T06:06:00.000Z,4438.2998046875,4440.5,4438.2998046875,4439.5,65,0.0,0.0,GC=F,NA,NA,USD
2026-08-11T06:07:00.000Z,4439.5,4441.2001953125,4439.2001953125,4440.3999023438,107,0.0,0.0,GC=F,NA,NA,USD
2026-08-11T06:08:00.000Z,4440.1000976562,4441.2001953125,4439.6000976562,4441.2001953125,84,0.0,0.0,GC=F,NA,NA,USD
2026-08-11T06:09:00.000Z,4441.0,4442.0,4441.0,4442.0,112,0.0,0.0,GC=F,NA,NA,USD
2026-08-11T06:10:00.000Z,4441.6000976562,4441.6000976562,4438.7998046875,4439.2001953125,127,0.0,0.0,GC=F,NA,NA,USD
2026-08-11T06:11:00.000Z,4438.6000976562,4440.5,4436.6000976562,4440.5,118,0.0,0.0,GC=F,NA,NA,USD
2026-08-11T06:12:00.000Z,4440.6000976562,4441.5,4439.0,4439.0,55,0.0,0.0,GC=F,NA,NA,USD
2026-08-11T06:13:00.000Z,4439.1000976562,4439.2998046875,4437.2001953125,4438.2998046875,89,0.0,0.0,GC=F,NA,NA,USD
2026-08-11T06:14:00.000Z,4437.6000976562,4437.7001953125,4432.1000976562,4432.2001953125,132,0.0,0.0,GC=F,NA,NA,USD
2026-08-11T06:15:00.000Z,4432.1000976562,4433.5,4430.8999023438,4432.3999023438,169,0.0,0.0,GC=F,NA,NA,USD
2026-08-11T06:16:00.000Z,4432.5,4432.8999023438,4431.1000976562,4432.7001953125,83,0.0,0.0,GC=F,NA,NA,USD
2026-08-11T06:17:00.000Z,4432.8999023438,4435.0,4432.8999023438,4434.6000976562,91,0.0,0.0,GC=F,NA,NA,USD
2026-08-11T06:18:00.000Z,4434.2998046875,4435.2001953125,4431.7998046875,4432.5,66,0.0,0.0,GC=F,NA,NA,USD
2026-08-11T06:19:00.000Z,4431.8999023438,4434.0,4428.5,4428.7998046875,153,0.0,0.0,GC=F,NA,NA,USD
2026-08-11T06:20:00.000Z,4428.8999023438,4429.8999023438,4426.5,4429.7001953125,201,0.0,0.0,GC=F,NA,NA,USD
2026-08-11T06:21:00.000Z,4429.3999023438,4430.8999023438,4427.7998046875,4428.2001953125,233,0.0,0.0,GC=F,NA,NA,USD
2026-08-11T06:22:00.000Z,4428.3999023438,4431.8999023438,4428.3999023438,4431.6000976562,134,0.0,0.0,GC=F,NA,NA,USD
2026-08-11T06:23:00.000Z,4431.8999023438,4433.5,4431.3999023438,4431.7998046875,68,0.0,0.0,GC=F,NA,NA,USD
2026-08-11T06:24:00.000Z,4431.5,4433.7998046875,4431.0,4433.1000976562,48,0.0,0.0,GC=F,NA,NA,USD
2026-08-11T06:25:00.000Z,4433.1000976562,4433.1000976562,4430.7998046875,4431.1000976562,58,0.0,0.0,GC=F,NA,NA,USD
2026-08-11T06:26:00.000Z,4431.2998046875,4431.6000976562,4429.3999023438,4431.5,81,0.0,0.0,GC=F,NA,NA,USD
2026-08-11T06:27:00.000Z,4431.7998046875,4432.1000976562,4430.2001953125,4430.2998046875,49,0.0,0.0,GC=F,NA,NA,USD
2026-08-11T06:28:00.000Z,4430.2998046875,4432.2998046875,4425.6000976562,4426.6000976562,427,0.0,0.0,GC=F,NA,NA,USD
2026-08-11T06:29:00.000Z,4426.8999023438,4427.3999023438,4421.0,4422.8999023438,474,0.0,0.0,GC=F,NA,NA,USD
2026-08-11T06:30:00.000Z,4422.7998046875,4427.0,4422.1000976562,4424.2001953125,213,0.0,0.0,GC=F,NA,NA,USD
2026-08-11T06:31:00.000Z,4424.7001953125,4424.7001953125,4420.6000976562,4421.7001953125,103,0.0,0.0,GC=F,NA,NA,USD
2026-08-11T06:32:00.000Z,4421.2998046875,4423.5,4420.6000976562,4420.7998046875,312,0.0,0.0,GC=F,NA,NA,USD
2026-08-11T06:33:00.000Z,4420.7998046875,4421.2998046875,4418.7998046875,4420.6000976562,251,0.0,0.0,GC=F,NA,NA,USD
2026-08-11T06:34:00.000Z,4421.1000976562,4422.7998046875,4420.5,4422.0,119,0.0,0.0,GC=F,NA,NA,USD
2026-08-11T06:35:00.000Z,4422.5,4425.0,4421.6000976562,4421.6000976562,152,0.0,0.0,GC=F,NA,NA,USD
2026-08-11T06:36:00.000Z,4421.2001953125,4425.0,4419.8999023438,4424.6000976562,85,0.0,0.0,GC=F,NA,NA,USD
2026-08-11T06:37:00.000Z,4424.3999023438,4427.5,4424.3999023438,4425.2001953125,150,0.0,0.0,GC=F,NA,NA,USD
2026-08-11T06:38:00.000Z,4426.0,4426.3999023438,4424.3999023438,4426.3999023438,59,0.0,0.0,GC=F,NA,NA,USD
2026-08-11T06:39:00.000Z,4426.2001953125,4427.5,4426.0,4427.5,34,0.0,0.0,GC=F,NA,NA,USD
2026-08-11T06:40:00.000Z,4427.0,4428.6000976562,4427.0,4428.2001953125,59,0.0,0.0,GC=F,NA,NA,USD
2026-08-11T06:41:00.000Z,4427.7998046875,4428.2001953125,4426.7998046875,4427.0,36,0.0,0.0,GC=F,NA,NA,USD
2026-08-11T06:42:00.000Z,4426.7998046875,4426.7998046875,4426.1000976562,4426.7001953125,15,0.0,0.0,GC=F,NA,NA,USD
2026-08-11T06:43:00.000Z,4426.1000976562,4426.1000976562,4424.6000976562,4425.2001953125,50,0.0,0.0,GC=F,NA,NA,USD
2026-08-11T06:44:00.000Z,4425.3999023438,4425.5,4422.5,4422.8999023438,77,0.0,0.0,GC=F,NA,NA,USD
2026-08-11T06:45:00.000Z,4422.8999023438,4423.6000976562,4422.1000976562,4423.6000976562,40,0.0,0.0,GC=F,NA,NA,USD
2026-08-11T06:46:00.000Z,4423.3999023438,4424.6000976562,4422.7998046875,4424.5,35,0.0,0.0,GC=F,NA,NA,USD
2026-08-11T06:47:00.000Z,4424.3999023438,4426.0,4424.3999023438,4425.5,50,0.0,0.0,GC=F,NA,NA,USD
2026-08-11T06:48:00.000Z,4425.7001953125,4426.2998046875,4425.3999023438,4425.7001953125,47,0.0,0.0,GC=F,NA,NA,USD
2026-08-11T06:49:00.000Z,4425.7001953125,4425.7998046875,4425.1000976562,4425.6000976562,19,0.0,0.0,GC=F,NA,NA,USD
2026-08-11T06:50:00.000Z,4426.1000976562,4426.6000976562,4425.5,4426.2001953125,59,0.0,0.0,GC=F,NA,NA,USD
2026-08-11T06:51:00.000Z,4425.7001953125,4426.5,4425.5,4425.8999023438,208,0.0,0.0,GC=F,NA,NA,USD
2026-08-11T06:52:00.000Z,4425.2998046875,4425.6000976562,4423.7998046875,4424.2998046875,54,0.0,0.0,GC=F,NA,NA,USD
2026-08-11T06:53:00.000Z,4424.5,4424.8999023438,4422.2001953125,4422.2001953125,82,0.0,0.0,GC=F,NA,NA,USD
2026-08-11T06:54:00.000Z,4422.0,4422.0,4419.7001953125,4420.3999023438,111,0.0,0.0,GC=F,NA,NA,USD
2026-08-11T06:55:00.000Z,4420.7998046875,4422.5,4418.7001953125,4421.7998046875,213,0.0,0.0,GC=F,NA,NA,USD
2026-08-11T06:56:00.000Z,4422.0,4423.5,4420.8999023438,4423.2001953125,95,0.0,0.0,GC=F,NA,NA,USD
2026-08-11T06:57:00.000Z,4423.5,4423.7001953125,4422.7998046875,4423.0,42,0.0,0.0,GC=F,NA,NA,USD
2026-08-11T06:58:00.000Z,4423.0,4423.7001953125,4423.0,4423.1000976562,14,0.0,0.0,GC=F,NA,NA,USD
2026-08-11T06:59:00.000Z,4422.8999023438,4425.2998046875,4422.3999023438,4425.2998046875,96,0.0,0.0,GC=F,NA,NA,USD
2026-08-11T07:00:00.000Z,4425.2001953125,4425.6000976562,4423.8999023438,4425.2001953125,129,0.0,0.0,GC=F,NA,NA,USD
2026-08-11T07:01:00.000Z,4425.6000976562,4426.5,4423.7001953125,4423.7001953125,140,0.0,0.0,GC=F,NA,NA,USD
2026-08-11T07:02:00.000Z,4424.2001953125,4425.7001953125,4424.0,4425.1000976562,62,0.0,0.0,GC=F,NA,NA,USD
2026-08-11T07:03:00.000Z,4425.2001953125,4425.6000976562,4421.0,4421.0,147,0.0,0.0,GC=F,NA,NA,USD
2026-08-11T07:04:00.000Z,4421.2001953125,4424.3999023438,4421.2001953125,4422.2001953125,89,0.0,0.0,GC=F,NA,NA,USD
2026-08-11T07:05:00.000Z,4422.2001953125,4423.7998046875,4421.7998046875,4421.7998046875,37,0.0,0.0,GC=F,NA,NA,USD
2026-08-11T07:06:00.000Z,4421.5,4422.2998046875,4420.7001953125,4422.0,47,0.0,0.0,GC=F,NA,NA,USD
2026-08-11T07:07:00.000Z,4422.1000976562,4423.1000976562,4421.0,4421.2998046875,47,0.0,0.0,GC=F,NA,NA,USD
2026-08-11T07:08:00.000Z,4421.0,4423.8999023438,4420.7001953125,4422.2998046875,46,0.0,0.0,GC=F,NA,NA,USD
2026-08-11T07:09:00.000Z,4422.6000976562,4422.8999023438,4420.3999023438,4420.7998046875,51,0.0,0.0,GC=F,NA,NA,USD
2026-08-11T07:10:00.000Z,4420.7001953125,4421.6000976562,4420.5,4421.6000976562,34,0.0,0.0,GC=F,NA,NA,USD
2026-08-11T07:11:00.000Z,4421.2001953125,4421.7001953125,4420.3999023438,4420.6000976562,83,0.0,0.0,GC=F,NA,NA,USD
2026-08-11T07:12:00.000Z,4420.5,4422.3999023438,4420.3999023438,4422.2998046875,33,0.0,0.0,GC=F,NA,NA,USD
2026-08-11T07:13:00.000Z,4422.5,4423.5,4421.7998046875,4423.5,51,0.0,0.0,GC=F,NA,NA,USD
2026-08-11T07:14:00.000Z,4423.5,4423.6000976562,4421.7001953125,4422.3999023438,51,0.0,0.0,GC=F,NA,NA,USD
2026-08-11T07:15:00.000Z,4422.5,4422.6000976562,4420.5,4421.1000976562,51,0.0,0.0,GC=F,NA,NA,USD
2026-08-11T07:16:00.000Z,4421.0,4422.3999023438,4420.7001953125,4422.0,32,0.0,0.0,GC=F,NA,NA,USD
2026-08-11T07:17:00.000Z,4422.2998046875,4422.2998046875,4419.6000976562,4419.6000976562,77,0.0,0.0,GC=F,NA,NA,USD
2026-08-11T07:18:00.000Z,4420.0,4420.7998046875,4418.8999023438,4419.0,84,0.0,0.0,GC=F,NA,NA,USD
2026-08-11T07:19:00.000Z,4419.2998046875,4419.8999023438,4416.7998046875,4418.7998046875,204,0.0,0.0,GC=F,NA,NA,USD
2026-08-11T07:20:00.000Z,4419.0,4421.1000976562,4418.8999023438,4420.6000976562,100,0.0,0.0,GC=F,NA,NA,USD
2026-08-11T07:21:00.000Z,4420.6000976562,4421.1000976562,4418.6000976562,4419.7001953125,75,0.0,0.0,GC=F,NA,NA,USD
2026-08-11T07:22:00.000Z,4419.6000976562,4420.6000976562,4418.6000976562,4418.6000976562,56,0.0,0.0,GC=F,NA,NA,USD
2026-08-11T07:23:00.000Z,4418.7998046875,4418.7998046875,4416.6000976562,4418.2001953125,98,0.0,0.0,GC=F,NA,NA,USD
2026-08-11T07:24:00.000Z,4418.5,4419.7001953125,4418.2001953125,4419.5,73,0.0,0.0,GC=F,NA,NA,USD
2026-08-11T07:25:00.000Z,4419.5,4420.8999023438,4419.0,4420.7998046875,73,0.0,0.0,GC=F,NA,NA,USD
2026-08-11T07:26:00.000Z,4421.0,4425.2001953125,4420.8999023438,4424.6000976562,141,0.0,0.0,GC=F,NA,NA,USD
2026-08-11T07:27:00.000Z,4424.6000976562,4424.6000976562,4423.1000976562,4423.3999023438,77,0.0,0.0,GC=F,NA,NA,USD
2026-08-11T07:28:00.000Z,4423.2998046875,4424.1000976562,4423.0,4423.2001953125,51,0.0,0.0,GC=F,NA,NA,USD
2026-08-11T07:29:00.000Z,4423.1000976562,4423.1000976562,4421.8999023438,4422.2001953125,23,0.0,0.0,GC=F,NA,NA,USD
2026-08-11T07:30:00.000Z,4422.5,4424.1000976562,4421.5,4421.5,83,0.0,0.0,GC=F,NA,NA,USD
2026-08-11T07:31:00.000Z,4421.6000976562,4421.6000976562,4417.7998046875,4419.7998046875,149,0.0,0.0,GC=F,NA,NA,USD
2026-08-11T07:32:00.000Z,4420.1000976562,4421.3999023438,4419.6000976562,4420.2998046875,72,0.0,0.0,GC=F,NA,NA,USD
2026-08-11T07:33:00.000Z,4420.7001953125,4421.7998046875,4420.6000976562,4420.7998046875,20,0.0,0.0,GC=F,NA,NA,USD
2026-08-11T07:34:00.000Z,4420.0,4420.8999023438,4420.0,4420.2001953125,18,0.0,0.0,GC=F,NA,NA,USD
2026-08-11T07:35:00.000Z,4420.3999023438,4421.7998046875,4420.0,4421.7998046875,33,0.0,0.0,GC=F,NA,NA,USD
2026-08-11T07:36:00.000Z,4421.8999023438,4422.8999023438,4421.2998046875,4421.2998046875,60,0.0,0.0,GC=F,NA,NA,USD
2026-08-11T07:37:00.000Z,4421.2998046875,4421.7998046875,4420.0,4420.7001953125,26,0.0,0.0,GC=F,NA,NA,USD
2026-08-11T07:38:00.000Z,4420.5,4420.5,4419.5,4419.5,38,0.0,0.0,GC=F,NA,NA,USD
2026-08-11T07:39:00.000Z,4419.1000976562,4419.7001953125,4417.8999023438,4417.8999023438,41,0.0,0.0,GC=F,NA,NA,USD
2026-08-11T07:40:00.000Z,4418.2001953125,4418.2998046875,4415.7998046875,4417.0,118,0.0,0.0,GC=F,NA,NA,USD
2026-08-11T07:41:00.000Z,4417.0,4417.5,4415.8999023438,4416.2001953125,47,0.0,0.0,GC=F,NA,NA,USD
2026-08-11T07:42:00.000Z,4416.1000976562,4417.0,4415.7001953125,4416.5,40,0.0,0.0,GC=F,NA,NA,USD
2026-08-11T07:43:00.000Z,4416.8999023438,4417.0,4416.2001953125,4416.7998046875,130,0.0,0.0,GC=F,NA,NA,USD
2026-08-11T07:44:00.000Z,4417.1000976562,4417.7001953125,4416.8999023438,4417.5,24,0.0,0.0,GC=F,NA,NA,USD
2026-08-11T07:45:00.000Z,4417.7998046875,4417.7998046875,4416.8999023438,4417.2998046875,35,0.0,0.0,GC=F,NA,NA,USD
2026-08-11T07:46:00.000Z,4417.2001953125,4417.7001953125,4416.8999023438,4417.6000976562,12,0.0,0.0,GC=F,NA,NA,USD
2026-08-11T07:47:00.000Z,4417.3999023438,4418.0,4416.6000976562,4417.7998046875,34,0.0,0.0,GC=F,NA,NA,USD
2026-08-11T07:48:00.000Z,4417.7998046875,4418.5,4417.7001953125,4417.8999023438,24,0.0,0.0,GC=F,NA,NA,USD
2026-08-11T07:49:00.000Z,4418.3999023438,4418.6000976562,4417.2998046875,4418.1000976562,100,0.0,0.0,GC=F,NA,NA,USD
2026-08-11T07:50:00.000Z,4418.2998046875,4418.5,4416.7998046875,4418.0,61,0.0,0.0,GC=F,NA,NA,USD
2026-08-11T07:51:00.000Z,4418.0,4420.3999023438,4417.2998046875,4420.1000976562,148,0.0,0.0,GC=F,NA,NA,USD
2026-08-11T07:52:00.000Z,4419.2998046875,4420.7001953125,4419.1000976562,4420.3999023438,132,0.0,0.0,GC=F,NA,NA,USD
2026-08-11T07:53:00.000Z,4420.6000976562,4420.6000976562,4418.8999023438,4419.2998046875,93,0.0,0.0,GC=F,NA,NA,USD
2026-08-11T07:54:00.000Z,4419.6000976562,4419.8999023438,4419.2001953125,4419.2001953125,40,0.0,0.0,GC=F,NA,NA,USD
2026-08-11T07:55:00.000Z,4419.0,4419.2001953125,4418.0,4418.0,51,0.0,0.0,GC=F,NA,NA,USD
2026-08-11T07:56:00.000Z,4418.3999023438,4418.3999023438,4417.1000976562,4417.2998046875,23,0.0,0.0,GC=F,NA,NA,USD
2026-08-11T07:57:00.000Z,4417.8999023438,4417.8999023438,4416.0,4417.6000976562,50,0.0,0.0,GC=F,NA,NA,USD
2026-08-11T07:58:00.000Z,4417.7998046875,4417.7998046875,4416.2001953125,4416.2001953125,21,0.0,0.0,GC=F,NA,NA,USD
2026-08-11T07:59:00.000Z,4416.0,4417.0,4415.7998046875,4416.6000976562,47,0.0,0.0,GC=F,NA,NA,USD
2026-08-11T08:00:00.000Z,4417.1000976562,4418.8999023438,4416.1000976562,4418.2998046875,125,0.0,0.0,GC=F,NA,NA,USD
2026-08-11T08:01:00.000Z,4418.6000976562,4420.5,4418.6000976562,4419.2001953125,41,0.0,0.0,GC=F,NA,NA,USD
2026-08-11T08:02:00.000Z,4419.6000976562,4421.5,4419.2001953125,4421.2001953125,95,0.0,0.0,GC=F,NA,NA,USD
2026-08-11T08:03:00.000Z,4421.5,4423.2998046875,4421.5,4423.2001953125,74,0.0,0.0,GC=F,NA,NA,USD
2026-08-11T08:04:00.000Z,4423.2001953125,4423.7001953125,4422.5,4422.5,91,0.0,0.0,GC=F,NA,NA,USD
2026-08-11T08:05:00.000Z,4422.2998046875,4424.7998046875,4421.7998046875,4424.6000976562,180,0.0,0.0,GC=F,NA,NA,USD
2026-08-11T08:06:00.000Z,4424.6000976562,4424.8999023438,4423.7001953125,4424.7001953125,90,0.0,0.0,GC=F,NA,NA,USD
2026-08-11T08:07:00.000Z,4424.8999023438,4426.5,4424.6000976562,4425.2001953125,131,0.0,0.0,GC=F,NA,NA,USD
2026-08-11T08:08:00.000Z,4425.5,4425.8999023438,4424.7998046875,4425.1000976562,93,0.0,0.0,GC=F,NA,NA,USD
2026-08-11T08:09:00.000Z,4425.3999023438,4425.6000976562,4424.0,4424.7998046875,67,0.0,0.0,GC=F,NA,NA,USD
2026-08-11T08:10:00.000Z,4424.7001953125,4426.2001953125,4424.5,4425.2001953125,82,0.0,0.0,GC=F,NA,NA,USD
2026-08-11T08:11:00.000Z,4425.0,4426.0,4424.3999023438,4425.2001953125,31,0.0,0.0,GC=F,NA,NA,USD
2026-08-11T08:12:00.000Z,4424.5,4424.7998046875,4423.8999023438,4424.0,93,0.0,0.0,GC=F,NA,NA,USD
2026-08-11T08:13:00.000Z,4424.0,4424.5,4423.2998046875,4424.1000976562,77,0.0,0.0,GC=F,NA,NA,USD
2026-08-11T08:14:00.000Z,4423.8999023438,4424.7001953125,4423.8999023438,4424.2998046875,43,0.0,0.0,GC=F,NA,NA,USD
2026-08-11T08:15:00.000Z,4424.2001953125,4424.5,4423.2998046875,4424.1000976562,28,0.0,0.0,GC=F,NA,NA,USD
2026-08-11T08:16:00.000Z,4423.1000976562,4423.2998046875,4420.7998046875,4421.1000976562,77,0.0,0.0,GC=F,NA,NA,USD
2026-08-11T08:17:00.000Z,4421.7001953125,4422.3999023438,4420.1000976562,4420.7001953125,75,0.0,0.0,GC=F,NA,NA,USD
2026-08-11T08:18:00.000Z,4420.2998046875,4420.7001953125,4419.0,4420.2998046875,62,0.0,0.0,GC=F,NA,NA,USD
2026-08-11T08:19:00.000Z,4420.5,4422.0,4420.2998046875,4421.5,56,0.0,0.0,GC=F,NA,NA,USD
2026-08-11T08:20:00.000Z,4421.0,4422.7998046875,4419.7998046875,4419.7998046875,131,0.0,0.0,GC=F,NA,NA,USD
2026-08-11T08:21:00.000Z,4419.8999023438,4420.8999023438,4418.0,4420.5,302,0.0,0.0,GC=F,NA,NA,USD
2026-08-11T08:22:00.000Z,4420.3999023438,4421.7001953125,4419.7001953125,4421.2998046875,90,0.0,0.0,GC=F,NA,NA,USD
2026-08-11T08:23:00.000Z,4421.7001953125,4422.7001953125,4421.0,4421.6000976562,49,0.0,0.0,GC=F,NA,NA,USD
2026-08-11T08:24:00.000Z,4421.6000976562,4423.5,4421.6000976562,4423.5,43,0.0,0.0,GC=F,NA,NA,USD
2026-08-11T08:25:00.000Z,4423.2998046875,4424.2001953125,4422.8999023438,4423.8999023438,44,0.0,0.0,GC=F,NA,NA,USD
2026-08-11T08:26:00.000Z,4423.7998046875,4427.2001953125,4423.7001953125,4426.2998046875,100,0.0,0.0,GC=F,NA,NA,USD
2026-08-11T08:27:00.000Z,4426.8999023438,4427.5,4426.2001953125,4426.7001953125,71,0.0,0.0,GC=F,NA,NA,USD
2026-08-11T08:28:00.000Z,4426.6000976562,4427.6000976562,4426.3999023438,4427.5,105,0.0,0.0,GC=F,NA,NA,USD
2026-08-11T08:29:00.000Z,4427.7001953125,4428.3999023438,4427.2001953125,4427.7001953125,71,0.0,0.0,GC=F,NA,NA,USD
2026-08-11T08:30:00.000Z,4427.5,4429.6000976562,4427.3999023438,4428.3999023438,157,0.0,0.0,GC=F,NA,NA,USD
2026-08-11T08:31:00.000Z,4428.6000976562,4430.2001953125,4428.3999023438,4430.2001953125,78,0.0,0.0,GC=F,NA,NA,USD
2026-08-11T08:32:00.000Z,4429.3999023438,4429.3999023438,4428.5,4429.0,51,0.0,0.0,GC=F,NA,NA,USD
2026-08-11T08:33:00.000Z,4428.7998046875,4431.2998046875,4427.6000976562,4429.7001953125,209,0.0,0.0,GC=F,NA,NA,USD
2026-08-11T08:34:00.000Z,4429.3999023438,4430.8999023438,4427.8999023438,4430.0,199,0.0,0.0,GC=F,NA,NA,USD
2026-08-11T08:35:00.000Z,4429.7001953125,4430.8999023438,4429.5,4430.3999023438,48,0.0,0.0,GC=F,NA,NA,USD
2026-08-11T08:36:00.000Z,4430.6000976562,4431.1000976562,4430.1000976562,4430.7001953125,47,0.0,0.0,GC=F,NA,NA,USD
2026-08-11T08:37:00.000Z,4430.7998046875,4432.1000976562,4430.2998046875,4431.6000976562,178,0.0,0.0,GC=F,NA,NA,USD
2026-08-11T08:38:00.000Z,4431.3999023438,4432.3999023438,4431.0,4432.0,131,0.0,0.0,GC=F,NA,NA,USD
2026-08-11T08:39:00.000Z,4432.1000976562,4433.7998046875,4431.7001953125,4433.2998046875,69,0.0,0.0,GC=F,NA,NA,USD
2026-08-11T08:40:00.000Z,4432.7998046875,4433.7998046875,4432.7998046875,4433.7001953125,36,0.0,0.0,GC=F,NA,NA,USD
2026-08-11T08:41:00.000Z,4433.5,4434.2001953125,4433.0,4433.7998046875,45,0.0,0.0,GC=F,NA,NA,USD
2026-08-11T08:42:00.000Z,4433.6000976562,4434.3999023438,4433.0,4433.8999023438,44,0.0,0.0,GC=F,NA,NA,USD
2026-08-11T08:43:00.000Z,4434.1000976562,4434.6000976562,4434.0,4434.6000976562,45,0.0,0.0,GC=F,NA,NA,USD
2026-08-11T08:44:00.000Z,4434.1000976562,4434.2998046875,4432.7001953125,4433.2998046875,57,0.0,0.0,GC=F,NA,NA,USD
2026-08-11T08:45:00.000Z,4433.6000976562,4434.0,4433.0,4433.5,43,0.0,0.0,GC=F,NA,NA,USD
2026-08-11T08:46:00.000Z,4433.0,4434.1000976562,4433.0,4433.1000976562,32,0.0,0.0,GC=F,NA,NA,USD
2026-08-11T08:47:00.000Z,4433.5,4433.6000976562,4432.5,4432.5,40,0.0,0.0,GC=F,NA,NA,USD
2026-08-11T08:48:00.000Z,4432.7001953125,4433.2001953125,4431.1000976562,4432.2998046875,252,0.0,0.0,GC=F,NA,NA,USD
2026-08-11T08:49:00.000Z,4431.8999023438,4433.0,4431.2998046875,4433.0,89,0.0,0.0,GC=F,NA,NA,USD
2026-08-11T08:50:00.000Z,4432.7998046875,4435.5,4432.7998046875,4434.7001953125,70,0.0,0.0,GC=F,NA,NA,USD
2026-08-11T08:51:00.000Z,4434.0,4435.2998046875,4433.2998046875,4433.6000976562,274,0.0,0.0,GC=F,NA,NA,USD
2026-08-11T08:52:00.000Z,4433.5,4434.3999023438,4432.8999023438,4432.8999023438,69,0.0,0.0,GC=F,NA,NA,USD
2026-08-11T08:53:00.000Z,4432.7998046875,4433.0,4431.2001953125,4431.5,51,0.0,0.0,GC=F,NA,NA,USD
2026-08-11T08:54:00.000Z,4431.8999023438,4431.8999023438,4429.8999023438,4430.1000976562,51,0.0,0.0,GC=F,NA,NA,USD
2026-08-11T08:55:00.000Z,4430.0,4431.2001953125,4429.8999023438,4430.7001953125,27,0.0,0.0,GC=F,NA,NA,USD
2026-08-11T08:56:00.000Z,4429.7998046875,4430.7001953125,4429.7998046875,4430.3999023438,46,0.0,0.0,GC=F,NA,NA,USD
2026-08-11T08:57:00.000Z,4429.8999023438,4430.1000976562,4429.0,4429.5,97,0.0,0.0,GC=F,NA,NA,USD
2026-08-11T08:58:00.000Z,4429.7001953125,4429.7001953125,4428.6000976562,4428.8999023438,80,0.0,0.0,GC=F,NA,NA,USD
2026-08-11T08:59:00.000Z,4428.7998046875,4428.8999023438,4427.7001953125,4428.1000976562,70,0.0,0.0,GC=F,NA,NA,USD
2026-08-11T09:00:00.000Z,4428.0,4428.0,4426.2001953125,4426.2001953125,108,0.0,0.0,GC=F,NA,NA,USD
2026-08-11T09:01:00.000Z,4426.6000976562,4427.6000976562,4426.1000976562,4427.1000976562,71,0.0,0.0,GC=F,NA,NA,USD
2026-08-11T09:02:00.000Z,4427.0,4430.1000976562,4426.7001953125,4429.7998046875,142,0.0,0.0,GC=F,NA,NA,USD
2026-08-11T09:03:00.000Z,4429.2998046875,4430.5,4428.6000976562,4429.1000976562,93,0.0,0.0,GC=F,NA,NA,USD
2026-08-11T09:04:00.000Z,4429.6000976562,4430.1000976562,4429.3999023438,4429.7001953125,29,0.0,0.0,GC=F,NA,NA,USD
2026-08-11T09:05:00.000Z,4430.0,4431.1000976562,4429.7998046875,4431.1000976562,28,0.0,0.0,GC=F,NA,NA,USD
2026-08-11T09:06:00.000Z,4430.7001953125,4431.2998046875,4430.0,4430.1000976562,33,0.0,0.0,GC=F,NA,NA,USD
2026-08-11T09:07:00.000Z,4430.1000976562,4430.8999023438,4430.1000976562,4430.2998046875,24,0.0,0.0,GC=F,NA,NA,USD
2026-08-11T09:08:00.000Z,4430.2001953125,4431.0,4429.3999023438,4429.7001953125,19,0.0,0.0,GC=F,NA,NA,USD
2026-08-11T09:09:00.000Z,4429.7998046875,4430.2001953125,4428.6000976562,4429.0,24,0.0,0.0,GC=F,NA,NA,USD
2026-08-11T09:10:00.000Z,4429.2001953125,4430.6000976562,4428.7001953125,4430.6000976562,39,0.0,0.0,GC=F,NA,NA,USD
2026-08-11T09:11:00.000Z,4430.5,4431.7998046875,4429.8999023438,4430.0,40,0.0,0.0,GC=F,NA,NA,USD
2026-08-11T09:12:00.000Z,4429.8999023438,4430.3999023438,4429.8999023438,4430.2001953125,25,0.0,0.0,GC=F,NA,NA,USD
2026-08-11T09:13:00.000Z,4430.2001953125,4431.2998046875,4429.7001953125,4431.1000976562,24,0.0,0.0,GC=F,NA,NA,USD
2026-08-11T09:14:00.000Z,4431.0,4431.3999023438,4430.7998046875,4431.2001953125,42,0.0,0.0,GC=F,NA,NA,USD
2026-08-11T09:15:00.000Z,4431.2001953125,4431.7998046875,4430.5,4431.1000976562,24,0.0,0.0,GC=F,NA,NA,USD
2026-08-11T09:16:00.000Z,4431.0,4431.5,4429.8999023438,4430.2998046875,42,0.0,0.0,GC=F,NA,NA,USD
2026-08-11T09:17:00.000Z,4430.3999023438,4431.5,4430.3999023438,4431.0,26,0.0,0.0,GC=F,NA,NA,USD
2026-08-11T09:18:00.000Z,4431.2998046875,4432.5,4430.8999023438,4432.2001953125,21,0.0,0.0,GC=F,NA,NA,USD
2026-08-11T09:19:00.000Z,4432.1000976562,4432.7001953125,4431.7998046875,4432.7001953125,33,0.0,0.0,GC=F,NA,NA,USD
2026-08-11T09:20:00.000Z,4432.5,4434.3999023438,4432.5,4434.0,84,0.0,0.0,GC=F,NA,NA,USD
2026-08-11T09:21:00.000Z,4434.0,4434.1000976562,4430.8999023438,4430.8999023438,207,0.0,0.0,GC=F,NA,NA,USD
2026-08-11T09:22:00.000Z,4430.7998046875,4432.2998046875,4429.7001953125,4432.2001953125,93,0.0,0.0,GC=F,NA,NA,USD
2026-08-11T09:23:00.000Z,4432.5,4432.7998046875,4431.5,4432.3999023438,102,0.0,0.0,GC=F,NA,NA,USD
2026-08-11T09:24:00.000Z,4432.3999023438,4432.7998046875,4431.2001953125,4431.7001953125,38,0.0,0.0,GC=F,NA,NA,USD
2026-08-11T09:25:00.000Z,4431.5,4431.5,4430.1000976562,4431.0,27,0.0,0.0,GC=F,NA,NA,USD
2026-08-11T09:26:00.000Z,4430.7998046875,4431.2001953125,4429.5,4431.2001953125,144,0.0,0.0,GC=F,NA,NA,USD
2026-08-11T09:27:00.000Z,4431.3999023438,4433.7998046875,4430.2998046875,4433.7001953125,242,0.0,0.0,GC=F,NA,NA,USD
2026-08-11T09:28:00.000Z,4433.7001953125,4434.3999023438,4431.7998046875,4431.7998046875,76,0.0,0.0,GC=F,NA,NA,USD
2026-08-11T09:29:00.000Z,4431.2998046875,4432.3999023438,4430.2998046875,4430.2998046875,72,0.0,0.0,GC=F,NA,NA,USD
2026-08-11T09:30:00.000Z,4430.5,4432.1000976562,4428.7998046875,4430.2998046875,290,0.0,0.0,GC=F,NA,NA,USD
2026-08-11T09:31:00.000Z,4430.7998046875,4432.2998046875,4429.2998046875,4432.2998046875,137,0.0,0.0,GC=F,NA,NA,USD
2026-08-11T09:32:00.000Z,4432.6000976562,4433.8999023438,4431.5,4433.1000976562,137,0.0,0.0,GC=F,NA,NA,USD
2026-08-11T09:33:00.000Z,4433.2001953125,4433.2001953125,4431.5,4432.0,113,0.0,0.0,GC=F,NA,NA,USD
2026-08-11T09:34:00.000Z,4431.8999023438,4433.1000976562,4431.5,4432.6000976562,67,0.0,0.0,GC=F,NA,NA,USD
2026-08-11T09:35:00.000Z,4432.5,4432.6000976562,4431.5,4432.3999023438,29,0.0,0.0,GC=F,NA,NA,USD
2026-08-11T09:36:00.000Z,4432.3999023438,4433.1000976562,4430.7001953125,4432.1000976562,48,0.0,0.0,GC=F,NA,NA,USD
2026-08-11T09:37:00.000Z,4432.2998046875,4432.8999023438,4431.6000976562,4432.7998046875,63,0.0,0.0,GC=F,NA,NA,USD
2026-08-11T09:38:00.000Z,4432.7001953125,4433.6000976562,4432.1000976562,4433.6000976562,29,0.0,0.0,GC=F,NA,NA,USD
2026-08-11T09:39:00.000Z,4433.6000976562,4433.6000976562,4431.7001953125,4431.7001953125,28,0.0,0.0,GC=F,NA,NA,USD
2026-08-11T09:40:00.000Z,4432.2998046875,4433.0,4431.8999023438,4432.7001953125,27,0.0,0.0,GC=F,NA,NA,USD
2026-08-11T09:41:00.000Z,4432.7998046875,4433.2001953125,4432.5,4433.1000976562,17,0.0,0.0,GC=F,NA,NA,USD
2026-08-11T09:42:00.000Z,4433.0,4433.2998046875,4430.7001953125,4430.7001953125,63,0.0,0.0,GC=F,NA,NA,USD
2026-08-11T09:43:00.000Z,4430.7001953125,4431.7001953125,4429.8999023438,4431.0,85,0.0,0.0,GC=F,NA,NA,USD
2026-08-11T09:44:00.000Z,4430.7001953125,4431.0,4429.5,4429.5,53,0.0,0.0,GC=F,NA,NA,USD
2026-08-11T09:45:00.000Z,4429.2001953125,4430.0,4429.1000976562,4429.7001953125,11,0.0,0.0,GC=F,NA,NA,USD
2026-08-11T09:46:00.000Z,4429.7998046875,4431.2001953125,4429.6000976562,4431.2001953125,51,0.0,0.0,GC=F,NA,NA,USD
2026-08-11T09:47:00.000Z,4431.2998046875,4431.7001953125,4431.1000976562,4431.5,17,0.0,0.0,GC=F,NA,NA,USD
2026-08-11T09:48:00.000Z,4431.5,4433.7998046875,4431.5,4433.2998046875,59,0.0,0.0,GC=F,NA,NA,USD
2026-08-11T09:49:00.000Z,4433.0,4433.2998046875,4432.5,4432.5,57,0.0,0.0,GC=F,NA,NA,USD
2026-08-11T09:50:00.000Z,4432.8999023438,4432.8999023438,4431.0,4431.6000976562,39,0.0,0.0,GC=F,NA,NA,USD
2026-08-11T09:51:00.000Z,4431.2001953125,4431.6000976562,4430.7998046875,4430.7998046875,32,0.0,0.0,GC=F,NA,NA,USD
2026-08-11T09:52:00.000Z,4430.7001953125,4430.7998046875,4430.1000976562,4430.2998046875,16,0.0,0.0,GC=F,NA,NA,USD
2026-08-11T09:53:00.000Z,4430.6000976562,4432.1000976562,4430.6000976562,4431.7001953125,26,0.0,0.0,GC=F,NA,NA,USD
2026-08-11T09:54:00.000Z,4431.7001953125,4431.7001953125,4429.8999023438,4430.7001953125,42,0.0,0.0,GC=F,NA,NA,USD
2026-08-11T09:55:00.000Z,4430.5,4431.2001953125,4430.0,4430.3999023438,32,0.0,0.0,GC=F,NA,NA,USD
2026-08-11T09:56:00.000Z,4430.1000976562,4430.7001953125,4430.0,4430.5,15,0.0,0.0,GC=F,NA,NA,USD
2026-08-11T09:57:00.000Z,4430.7001953125,4431.5,4430.7001953125,4431.2001953125,15,0.0,0.0,GC=F,NA,NA,USD
2026-08-11T09:58:00.000Z,4431.2001953125,4432.0,4430.8999023438,4430.8999023438,34,0.0,0.0,GC=F,NA,NA,USD
2026-08-11T09:59:00.000Z,4431.2001953125,4431.5,4430.7001953125,4431.3999023438,17,0.0,0.0,GC=F,NA,NA,USD
2026-08-11T10:00:00.000Z,4431.2998046875,4433.0,4431.2998046875,4432.2001953125,76,0.0,0.0,GC=F,NA,NA,USD
2026-08-11T10:01:00.000Z,4433.1000976562,4433.1000976562,4432.0,4432.1000976562,50,0.0,0.0,GC=F,NA,NA,USD
2026-08-11T10:02:00.000Z,4432.6000976562,4432.6000976562,4430.0,4430.0,59,0.0,0.0,GC=F,NA,NA,USD
2026-08-11T10:03:00.000Z,4430.3999023438,4431.2998046875,4430.3999023438,4431.2998046875,14,0.0,0.0,GC=F,NA,NA,USD
2026-08-11T10:04:00.000Z,4431.5,4431.8999023438,4431.3999023438,4431.3999023438,4,0.0,0.0,GC=F,NA,NA,USD
2026-08-11T10:05:00.000Z,4430.7001953125,4431.8999023438,4430.2998046875,4431.8999023438,20,0.0,0.0,GC=F,NA,NA,USD
2026-08-11T10:06:00.000Z,4432.5,4433.5,4432.5,4432.8999023438,45,0.0,0.0,GC=F,NA,NA,USD
2026-08-11T10:07:00.000Z,4432.7998046875,4433.6000976562,4431.2001953125,4431.2001953125,33,0.0,0.0,GC=F,NA,NA,USD
2026-08-11T10:08:00.000Z,4431.5,4433.1000976562,4431.5,4432.5,15,0.0,0.0,GC=F,NA,NA,USD
2026-08-11T10:09:00.000Z,4432.6000976562,4432.7998046875,4432.0,4432.5,18,0.0,0.0,GC=F,NA,NA,USD
2026-08-11T10:10:00.000Z,4432.8999023438,4435.0,4432.8999023438,4434.1000976562,80,0.0,0.0,GC=F,NA,NA,USD
2026-08-11T10:11:00.000Z,4434.2998046875,4434.5,4433.6000976562,4434.1000976562,58,0.0,0.0,GC=F,NA,NA,USD
2026-08-11T10:12:00.000Z,4433.7998046875,4433.7998046875,4432.2001953125,4432.3999023438,37,0.0,0.0,GC=F,NA,NA,USD
2026-08-11T10:13:00.000Z,4432.3999023438,4432.3999023438,4431.8999023438,4432.1000976562,15,0.0,0.0,GC=F,NA,NA,USD
2026-08-11T10:14:00.000Z,4432.0,4432.3999023438,4431.7001953125,4431.7001953125,15,0.0,0.0,GC=F,NA,NA,USD
2026-08-11T10:15:00.000Z,4431.7001953125,4432.7998046875,4431.6000976562,4432.7998046875,8,0.0,0.0,GC=F,NA,NA,USD
2026-08-11T10:16:00.000Z,4432.2001953125,4433.2001953125,4432.2001953125,4432.7001953125,12,0.0,0.0,GC=F,NA,NA,USD
2026-08-11T10:17:00.000Z,4433.2001953125,4433.7998046875,4432.7998046875,4433.3999023438,34,0.0,0.0,GC=F,NA,NA,USD
2026-08-11T10:18:00.000Z,4433.3999023438,4433.3999023438,4431.7001953125,4432.2998046875,48,0.0,0.0,GC=F,NA,NA,USD
2026-08-11T10:19:00.000Z,4432.3999023438,4432.3999023438,4431.5,4431.5,6,0.0,0.0,GC=F,NA,NA,USD
2026-08-11T10:20:00.000Z,4431.3999023438,4431.7001953125,4431.2001953125,4431.6000976562,20,0.0,0.0,GC=F,NA,NA,USD
2026-08-11T10:21:00.000Z,4431.5,4432.3999023438,4431.5,4432.3999023438,14,0.0,0.0,GC=F,NA,NA,USD
2026-08-11T10:22:00.000Z,4432.2998046875,4436.0,4432.1000976562,4434.7001953125,232,0.0,0.0,GC=F,NA,NA,USD
2026-08-11T10:23:00.000Z,4434.7001953125,4436.8999023438,4434.7001953125,4435.2001953125,78,0.0,0.0,GC=F,NA,NA,USD
2026-08-11T10:24:00.000Z,4435.1000976562,4436.7001953125,4435.1000976562,4436.6000976562,61,0.0,0.0,GC=F,NA,NA,USD
2026-08-11T10:25:00.000Z,4436.2001953125,4439.7001953125,4435.5,4438.6000976562,315,0.0,0.0,GC=F,NA,NA,USD
2026-08-11T10:26:00.000Z,4438.7001953125,4441.0,4437.6000976562,4437.7998046875,162,0.0,0.0,GC=F,NA,NA,USD
2026-08-11T10:27:00.000Z,4437.6000976562,4438.3999023438,4437.5,4438.2001953125,61,0.0,0.0,GC=F,NA,NA,USD
2026-08-11T10:28:00.000Z,4438.1000976562,4441.0,4438.0,4438.0,63,0.0,0.0,GC=F,NA,NA,USD
2026-08-11T10:29:00.000Z,4437.8999023438,4437.8999023438,4436.8999023438,4437.2998046875,52,0.0,0.0,GC=F,NA,NA,USD
2026-08-11T10:30:00.000Z,4437.2998046875,4439.1000976562,4437.0,4438.7998046875,121,0.0,0.0,GC=F,NA,NA,USD
2026-08-11T10:31:00.000Z,4438.7001953125,4440.1000976562,4438.5,4439.7998046875,114,0.0,0.0,GC=F,NA,NA,USD
2026-08-11T10:32:00.000Z,4439.7998046875,4439.7998046875,4437.7001953125,4438.3999023438,61,0.0,0.0,GC=F,NA,NA,USD
2026-08-11T10:33:00.000Z,4438.2998046875,4438.2998046875,4436.8999023438,4437.2001953125,98,0.0,0.0,GC=F,NA,NA,USD
2026-08-11T10:34:00.000Z,4437.2998046875,4438.1000976562,4437.0,4437.6000976562,34,0.0,0.0,GC=F,NA,NA,USD
2026-08-11T10:35:00.000Z,4437.7001953125,4438.2001953125,4437.2001953125,4437.2998046875,74,0.0,0.0,GC=F,NA,NA,USD
2026-08-11T10:36:00.000Z,4437.5,4438.3999023438,4437.5,4437.7001953125,24,0.0,0.0,GC=F,NA,NA,USD
2026-08-11T10:37:00.000Z,4437.8999023438,4438.1000976562,4437.3999023438,4437.7001953125,29,0.0,0.0,GC=F,NA,NA,USD
2026-08-11T10:38:00.000Z,4438.0,4438.5,4437.3999023438,4437.3999023438,27,0.0,0.0,GC=F,NA,NA,USD
2026-08-11T10:39:00.000Z,4437.3999023438,4437.3999023438,4436.2001953125,4436.5,35,0.0,0.0,GC=F,NA,NA,USD
2026-08-11T10:40:00.000Z,4436.3999023438,4436.8999023438,4436.2001953125,4436.6000976562,123,0.0,0.0,GC=F,NA,NA,USD
2026-08-11T10:41:00.000Z,4436.7001953125,4437.2998046875,4436.5,4436.7998046875,30,0.0,0.0,GC=F,NA,NA,USD
2026-08-11T10:42:00.000Z,4437.0,4437.2001953125,4436.0,4436.1000976562,38,0.0,0.0,GC=F,NA,NA,USD
2026-08-11T10:43:00.000Z,4435.7998046875,4436.5,4435.5,4436.5,47,0.0,0.0,GC=F,NA,NA,USD
2026-08-11T10:44:00.000Z,4436.7001953125,4436.8999023438,4436.2001953125,4436.2001953125,20,0.0,0.0,GC=F,NA,NA,USD
2026-08-11T10:45:00.000Z,4436.6000976562,4437.2001953125,4436.2001953125,4437.0,41,0.0,0.0,GC=F,NA,NA,USD
2026-08-11T10:46:00.000Z,4436.8999023438,4438.7998046875,4436.8999023438,4437.8999023438,92,0.0,0.0,GC=F,NA,NA,USD
2026-08-11T10:47:00.000Z,4438.6000976562,4438.8999023438,4438.1000976562,4438.6000976562,16,0.0,0.0,GC=F,NA,NA,USD
2026-08-11T10:48:00.000Z,4438.6000976562,4438.7998046875,4438.3999023438,4438.3999023438,38,0.0,0.0,GC=F,NA,NA,USD
2026-08-11T10:49:00.000Z,4438.3999023438,4439.7001953125,4437.6000976562,4439.7001953125,62,0.0,0.0,GC=F,NA,NA,USD
2026-08-11T10:50:00.000Z,4439.7001953125,4440.8999023438,4439.1000976562,4440.2001953125,159,0.0,0.0,GC=F,NA,NA,USD
2026-08-11T10:51:00.000Z,4439.8999023438,4440.2001953125,4439.2001953125,4439.2998046875,38,0.0,0.0,GC=F,NA,NA,USD
2026-08-11T10:52:00.000Z,4439.5,4440.2998046875,4439.2001953125,4440.1000976562,35,0.0,0.0,GC=F,NA,NA,USD
2026-08-11T10:53:00.000Z,4439.5,4439.7001953125,4438.7998046875,4439.2001953125,25,0.0,0.0,GC=F,NA,NA,USD
2026-08-11T10:54:00.000Z,4439.2001953125,4439.6000976562,4438.7998046875,4439.2998046875,22,0.0,0.0,GC=F,NA,NA,USD
2026-08-11T10:55:00.000Z,4439.0,4440.3999023438,4438.5,4438.7001953125,50,0.0,0.0,GC=F,NA,NA,USD
2026-08-11T10:56:00.000Z,4438.6000976562,4439.1000976562,4437.8999023438,4438.2998046875,44,0.0,0.0,GC=F,NA,NA,USD
2026-08-11T10:57:00.000Z,4438.2998046875,4438.7001953125,4437.2998046875,4437.2998046875,81,0.0,0.0,GC=F,NA,NA,USD
2026-08-11T10:58:00.000Z,4437.6000976562,4438.1000976562,4437.5,4438.1000976562,22,0.0,0.0,GC=F,NA,NA,USD
2026-08-11T10:59:00.000Z,4438.1000976562,4441.2001953125,4438.1000976562,4441.2001953125,71,0.0,0.0,GC=F,NA,NA,USD
2026-08-11T11:00:00.000Z,4441.1000976562,4441.1000976562,4439.5,4439.5,46,0.0,0.0,GC=F,NA,NA,USD
2026-08-11T11:01:00.000Z,4439.1000976562,4449.6000976562,4439.1000976562,4448.8999023438,842,0.0,0.0,GC=F,NA,NA,USD
2026-08-11T11:02:00.000Z,4448.7998046875,4450.5,4445.7998046875,4448.8999023438,303,0.0,0.0,GC=F,NA,NA,USD
2026-08-11T11:03:00.000Z,4448.5,4451.7998046875,4445.7001953125,4451.5,265,0.0,0.0,GC=F,NA,NA,USD
2026-08-11T11:04:00.000Z,4451.7001953125,4451.7001953125,4448.0,4449.7998046875,243,0.0,0.0,GC=F,NA,NA,USD
2026-08-11T11:05:00.000Z,4449.8999023438,4451.1000976562,4448.7998046875,4450.2998046875,217,0.0,0.0,GC=F,NA,NA,USD
2026-08-11T11:06:00.000Z,4449.7998046875,4450.3999023438,4446.8999023438,4447.8999023438,254,0.0,0.0,GC=F,NA,NA,USD
2026-08-11T11:07:00.000Z,4447.7001953125,4450.7001953125,4447.3999023438,4449.5,180,0.0,0.0,GC=F,NA,NA,USD
2026-08-11T11:08:00.000Z,4448.7998046875,4450.2001953125,4448.3999023438,4450.2001953125,100,0.0,0.0,GC=F,NA,NA,USD
2026-08-11T11:09:00.000Z,4450.0,4450.2001953125,4448.1000976562,4448.7998046875,34,0.0,0.0,GC=F,NA,NA,USD
2026-08-11T11:10:00.000Z,4449.0,4449.8999023438,4447.8999023438,4449.2998046875,79,0.0,0.0,GC=F,NA,NA,USD
2026-08-11T11:11:00.000Z,4449.1000976562,4449.6000976562,4447.3999023438,4448.2998046875,67,0.0,0.0,GC=F,NA,NA,USD
2026-08-11T11:12:00.000Z,4447.7998046875,4450.0,4446.2998046875,4449.8999023438,161,0.0,0.0,GC=F,NA,NA,USD
2026-08-11T11:13:00.000Z,4449.7998046875,4450.7001953125,4449.2001953125,4449.3999023438,45,0.0,0.0,GC=F,NA,NA,USD
2026-08-11T11:14:00.000Z,4449.7998046875,4450.0,4448.3999023438,4449.5,83,0.0,0.0,GC=F,NA,NA,USD
2026-08-11T11:15:00.000Z,4449.7998046875,4450.0,4448.6000976562,4449.6000976562,68,0.0,0.0,GC=F,NA,NA,USD
2026-08-11T11:16:00.000Z,4450.1000976562,4450.5,4448.3999023438,4449.0,42,0.0,0.0,GC=F,NA,NA,USD
2026-08-11T11:17:00.000Z,4448.7001953125,4448.7001953125,4446.7998046875,4448.1000976562,43,0.0,0.0,GC=F,NA,NA,USD
2026-08-11T11:18:00.000Z,4448.1000976562,4448.6000976562,4447.3999023438,4447.7998046875,59,0.0,0.0,GC=F,NA,NA,USD
2026-08-11T11:19:00.000Z,4447.7998046875,4449.2001953125,4446.6000976562,4448.3999023438,188,0.0,0.0,GC=F,NA,NA,USD
2026-08-11T11:20:00.000Z,4448.5,4449.7998046875,4446.8999023438,4447.0,85,0.0,0.0,GC=F,NA,NA,USD
2026-08-11T11:21:00.000Z,4446.7001953125,4447.3999023438,4445.7998046875,4445.8999023438,67,0.0,0.0,GC=F,NA,NA,USD
2026-08-11T11:22:00.000Z,4445.7998046875,4445.8999023438,4444.6000976562,4445.2998046875,84,0.0,0.0,GC=F,NA,NA,USD
2026-08-11T11:23:00.000Z,4445.3999023438,4445.6000976562,4444.1000976562,4444.6000976562,199,0.0,0.0,GC=F,NA,NA,USD
2026-08-11T11:24:00.000Z,4444.2998046875,4445.3999023438,4444.2998046875,4444.6000976562,106,0.0,0.0,GC=F,NA,NA,USD
2026-08-11T11:25:00.000Z,4444.7001953125,4444.8999023438,4443.6000976562,4444.0,67,0.0,0.0,GC=F,NA,NA,USD
2026-08-11T11:26:00.000Z,4444.5,4447.0,4444.0,4446.7001953125,84,0.0,0.0,GC=F,NA,NA,USD
2026-08-11T11:27:00.000Z,4446.6000976562,4446.6000976562,4445.2001953125,4445.2001953125,45,0.0,0.0,GC=F,NA,NA,USD
2026-08-11T11:28:00.000Z,4445.1000976562,4446.3999023438,4445.1000976562,4446.3999023438,35,0.0,0.0,GC=F,NA,NA,USD
2026-08-11T11:29:00.000Z,4446.3999023438,4446.7998046875,4444.7998046875,4445.7001953125,53,0.0,0.0,GC=F,NA,NA,USD
2026-08-11T11:30:00.000Z,4445.8999023438,4446.3999023438,4445.3999023438,4446.0,41,0.0,0.0,GC=F,NA,NA,USD
2026-08-11T11:31:00.000Z,4446.0,4446.2998046875,4444.7001953125,4445.7001953125,86,0.0,0.0,GC=F,NA,NA,USD
2026-08-11T11:32:00.000Z,4445.5,4445.5,4443.7998046875,4444.3999023438,25,0.0,0.0,GC=F,NA,NA,USD
2026-08-11T11:33:00.000Z,4444.6000976562,4445.2001953125,4444.0,4444.8999023438,53,0.0,0.0,GC=F,NA,NA,USD
2026-08-11T11:34:00.000Z,4444.3999023438,4445.3999023438,4444.3999023438,4444.8999023438,17,0.0,0.0,GC=F,NA,NA,USD
2026-08-11T11:35:00.000Z,4444.5,4445.0,4444.2998046875,4444.8999023438,39,0.0,0.0,GC=F,NA,NA,USD
2026-08-11T11:36:00.000Z,4444.7998046875,4445.5,4443.7998046875,4445.2998046875,79,0.0,0.0,GC=F,NA,NA,USD
2026-08-11T11:37:00.000Z,4445.1000976562,4445.1000976562,4443.7998046875,4444.5,27,0.0,0.0,GC=F,NA,NA,USD
2026-08-11T11:38:00.000Z,4444.0,4444.3999023438,4442.6000976562,4443.1000976562,77,0.0,0.0,GC=F,NA,NA,USD
2026-08-11T11:39:00.000Z,4442.7001953125,4443.2001953125,4441.7998046875,4443.0,59,0.0,0.0,GC=F,NA,NA,USD
2026-08-11T11:40:00.000Z,4443.0,4443.6000976562,4442.2998046875,4442.8999023438,53,0.0,0.0,GC=F,NA,NA,USD
2026-08-11T11:41:00.000Z,4442.6000976562,4442.6000976562,4441.6000976562,4442.1000976562,40,0.0,0.0,GC=F,NA,NA,USD
2026-08-11T11:42:00.000Z,4441.8999023438,4442.7001953125,4441.3999023438,4442.2998046875,117,0.0,0.0,GC=F,NA,NA,USD
2026-08-11T11:43:00.000Z,4442.6000976562,4444.2998046875,4442.6000976562,4443.2998046875,128,0.0,0.0,GC=F,NA,NA,USD
2026-08-11T11:44:00.000Z,4443.8999023438,4444.8999023438,4443.7998046875,4444.6000976562,26,0.0,0.0,GC=F,NA,NA,USD
2026-08-11T11:45:00.000Z,4444.3999023438,4446.8999023438,4444.2001953125,4446.3999023438,90,0.0,0.0,GC=F,NA,NA,USD
2026-08-11T11:46:00.000Z,4446.5,4447.6000976562,4444.0,4446.2001953125,384,0.0,0.0,GC=F,NA,NA,USD
2026-08-11T11:47:00.000Z,4446.0,4447.1000976562,4445.6000976562,4445.7998046875,136,0.0,0.0,GC=F,NA,NA,USD
2026-08-11T11:48:00.000Z,4445.8999023438,4446.2998046875,4445.1000976562,4445.1000976562,80,0.0,0.0,GC=F,NA,NA,USD
2026-08-11T11:49:00.000Z,4445.1000976562,4446.1000976562,4444.5,4445.8999023438,78,0.0,0.0,GC=F,NA,NA,USD
2026-08-11T11:50:00.000Z,4446.1000976562,4446.6000976562,4445.3999023438,4445.6000976562,37,0.0,0.0,GC=F,NA,NA,USD
2026-08-11T11:51:00.000Z,4445.2001953125,4446.0,4443.3999023438,4445.2001953125,114,0.0,0.0,GC=F,NA,NA,USD
2026-08-11T11:52:00.000Z,4445.3999023438,4448.0,4445.0,4447.1000976562,104,0.0,0.0,GC=F,NA,NA,USD
2026-08-11T11:53:00.000Z,4447.3999023438,4448.1000976562,4445.6000976562,4445.8999023438,57,0.0,0.0,GC=F,NA,NA,USD
2026-08-11T11:54:00.000Z,4446.1000976562,4446.8999023438,4444.2998046875,4446.1000976562,51,0.0,0.0,GC=F,NA,NA,USD
2026-08-11T11:55:00.000Z,4445.8999023438,4445.8999023438,4444.2001953125,4445.3999023438,38,0.0,0.0,GC=F,NA,NA,USD
2026-08-11T11:56:00.000Z,4445.2998046875,4446.2998046875,4445.2001953125,4445.7001953125,30,0.0,0.0,GC=F,NA,NA,USD
2026-08-11T11:57:00.000Z,4445.7998046875,4446.7001953125,4445.7998046875,4446.7001953125,19,0.0,0.0,GC=F,NA,NA,USD
2026-08-11T11:58:00.000Z,4446.6000976562,4446.8999023438,4445.8999023438,4446.0,42,0.0,0.0,GC=F,NA,NA,USD
2026-08-11T11:59:00.000Z,4446.5,4446.5,4445.7001953125,4446.1000976562,19,0.0,0.0,GC=F,NA,NA,USD
2026-08-11T12:00:00.000Z,4446.2001953125,4446.2001953125,4443.2001953125,4444.1000976562,93,0.0,0.0,GC=F,NA,NA,USD
2026-08-11T12:01:00.000Z,4444.0,4444.6000976562,4442.7998046875,4443.8999023438,87,0.0,0.0,GC=F,NA,NA,USD
2026-08-11T12:02:00.000Z,4443.5,4444.2001953125,4442.2001953125,4442.2001953125,98,0.0,0.0,GC=F,NA,NA,USD
2026-08-11T12:03:00.000Z,4442.5,4445.3999023438,4442.5,4445.2001953125,45,0.0,0.0,GC=F,NA,NA,USD
2026-08-11T12:04:00.000Z,4445.2001953125,4445.2001953125,4443.1000976562,4444.0,80,0.0,0.0,GC=F,NA,NA,USD
2026-08-11T12:05:00.000Z,4443.8999023438,4448.6000976562,4443.7001953125,4448.3999023438,194,0.0,0.0,GC=F,NA,NA,USD
2026-08-11T12:06:00.000Z,4448.3999023438,4450.6000976562,4446.8999023438,4450.2001953125,231,0.0,0.0,GC=F,NA,NA,USD
2026-08-11T12:07:00.000Z,4450.2998046875,4451.7998046875,4448.7001953125,4451.2998046875,146,0.0,0.0,GC=F,NA,NA,USD
2026-08-11T12:08:00.000Z,4451.2998046875,4453.7998046875,4451.2001953125,4452.6000976562,246,0.0,0.0,GC=F,NA,NA,USD
2026-08-11T12:09:00.000Z,4452.7998046875,4453.2998046875,4451.7998046875,4452.0,180,0.0,0.0,GC=F,NA,NA,USD
2026-08-11T12:10:00.000Z,4452.5,4454.7001953125,4452.0,4452.6000976562,312,0.0,0.0,GC=F,NA,NA,USD
2026-08-11T12:11:00.000Z,4452.8999023438,4454.0,4450.2001953125,4450.5,174,0.0,0.0,GC=F,NA,NA,USD
2026-08-11T12:12:00.000Z,4450.3999023438,4453.6000976562,4450.3999023438,4453.2001953125,193,0.0,0.0,GC=F,NA,NA,USD
2026-08-11T12:13:00.000Z,4453.3999023438,4456.0,4453.3999023438,4454.2998046875,156,0.0,0.0,GC=F,NA,NA,USD
2026-08-11T12:14:00.000Z,4454.2998046875,4456.0,4454.2998046875,4455.1000976562,95,0.0,0.0,GC=F,NA,NA,USD
2026-08-11T12:15:00.000Z,4455.6000976562,4456.3999023438,4453.2998046875,4454.1000976562,154,0.0,0.0,GC=F,NA,NA,USD
2026-08-11T12:16:00.000Z,4453.7998046875,4454.3999023438,4453.1000976562,4453.3999023438,63,0.0,0.0,GC=F,NA,NA,USD
2026-08-11T12:17:00.000Z,4452.8999023438,4453.2998046875,4451.2001953125,4451.2001953125,92,0.0,0.0,GC=F,NA,NA,USD
2026-08-11T12:18:00.000Z,4451.7998046875,4454.0,4451.5,4453.1000976562,94,0.0,0.0,GC=F,NA,NA,USD
2026-08-11T12:19:00.000Z,4453.3999023438,4455.3999023438,4453.2001953125,4454.1000976562,143,0.0,0.0,GC=F,NA,NA,USD
2026-08-11T12:20:00.000Z,4454.3999023438,4457.0,4453.7001953125,4456.7001953125,472,0.0,0.0,GC=F,NA,NA,USD
2026-08-11T12:21:00.000Z,4456.7998046875,4458.2998046875,4456.0,4457.0,257,0.0,0.0,GC=F,NA,NA,USD
2026-08-11T12:22:00.000Z,4456.8999023438,4458.3999023438,4451.7998046875,4452.8999023438,866,0.0,0.0,GC=F,NA,NA,USD
2026-08-11T12:23:00.000Z,4453.0,4453.7001953125,4447.2001953125,4447.3999023438,569,0.0,0.0,GC=F,NA,NA,USD
2026-08-11T12:24:00.000Z,4447.7001953125,4449.2001953125,4446.6000976562,4447.7998046875,262,0.0,0.0,GC=F,NA,NA,USD
2026-08-11T12:25:00.000Z,4447.7998046875,4449.1000976562,4446.2001953125,4448.3999023438,278,0.0,0.0,GC=F,NA,NA,USD
2026-08-11T12:26:00.000Z,4448.0,4449.3999023438,4447.1000976562,4449.1000976562,162,0.0,0.0,GC=F,NA,NA,USD
2026-08-11T12:27:00.000Z,4449.1000976562,4451.3999023438,4448.6000976562,4449.7001953125,195,0.0,0.0,GC=F,NA,NA,USD
2026-08-11T12:28:00.000Z,4449.2998046875,4451.3999023438,4447.7998046875,4451.3999023438,103,0.0,0.0,GC=F,NA,NA,USD
2026-08-11T12:29:00.000Z,4451.0,4451.0,4448.8999023438,4449.2001953125,70,0.0,0.0,GC=F,NA,NA,USD
2026-08-11T12:30:00.000Z,4449.7001953125,4450.2001953125,4447.1000976562,4449.7998046875,186,0.0,0.0,GC=F,NA,NA,USD
2026-08-11T12:31:00.000Z,4450.0,4451.1000976562,4449.2001953125,4450.0,104,0.0,0.0,GC=F,NA,NA,USD
2026-08-11T12:32:00.000Z,4450.2001953125,4453.2998046875,4449.7998046875,4452.2998046875,374,0.0,0.0,GC=F,NA,NA,USD
2026-08-11T12:33:00.000Z,4452.5,4453.1000976562,4449.6000976562,4449.6000976562,146,0.0,0.0,GC=F,NA,NA,USD
2026-08-11T12:34:00.000Z,4449.8999023438,4449.8999023438,4446.7998046875,4448.2998046875,126,0.0,0.0,GC=F,NA,NA,USD
2026-08-11T12:35:00.000Z,4448.2001953125,4449.7998046875,4447.5,4448.3999023438,215,0.0,0.0,GC=F,NA,NA,USD
2026-08-11T12:36:00.000Z,4448.5,4450.2998046875,4447.3999023438,4449.8999023438,315,0.0,0.0,GC=F,NA,NA,USD
2026-08-11T12:37:00.000Z,4450.0,4450.1000976562,4448.2998046875,4448.2998046875,36,0.0,0.0,GC=F,NA,NA,USD
2026-08-11T12:38:00.000Z,4448.0,4449.7001953125,4447.1000976562,4448.7001953125,96,0.0,0.0,GC=F,NA,NA,USD
2026-08-11T12:39:00.000Z,4449.2001953125,4449.3999023438,4447.1000976562,4447.8999023438,51,0.0,0.0,GC=F,NA,NA,USD
2026-08-11T12:40:00.000Z,4448.5,4449.1000976562,4448.0,4449.0,104,0.0,0.0,GC=F,NA,NA,USD
2026-08-11T12:41:00.000Z,4449.2001953125,4454.1000976562,4449.0,4453.6000976562,659,0.0,0.0,GC=F,NA,NA,USD
2026-08-11T12:42:00.000Z,4454.0,4454.7998046875,4453.2998046875,4453.6000976562,172,0.0,0.0,GC=F,NA,NA,USD
2026-08-11T12:43:00.000Z,4453.3999023438,4454.3999023438,4452.6000976562,4454.3999023438,76,0.0,0.0,GC=F,NA,NA,USD
2026-08-11T12:44:00.000Z,4453.8999023438,4457.2998046875,4453.3999023438,4456.8999023438,375,0.0,0.0,GC=F,NA,NA,USD
2026-08-11T12:45:00.000Z,4457.0,4458.7998046875,4456.6000976562,4457.8999023438,456,0.0,0.0,GC=F,NA,NA,USD
2026-08-11T12:46:00.000Z,4457.7998046875,4458.0,4455.0,4455.0,116,0.0,0.0,GC=F,NA,NA,USD
2026-08-11T12:47:00.000Z,4454.6000976562,4456.2001953125,4454.0,4455.5,70,0.0,0.0,GC=F,NA,NA,USD
2026-08-11T12:48:00.000Z,4455.3999023438,4456.8999023438,4454.1000976562,4454.2001953125,96,0.0,0.0,GC=F,NA,NA,USD
2026-08-11T12:49:00.000Z,4454.2998046875,4455.8999023438,4453.8999023438,4455.8999023438,42,0.0,0.0,GC=F,NA,NA,USD
2026-08-11T12:50:00.000Z,4455.8999023438,4455.8999023438,4454.7001953125,4454.7001953125,213,0.0,0.0,GC=F,NA,NA,USD
2026-08-11T12:51:00.000Z,4454.2998046875,4456.2998046875,4453.6000976562,4454.2001953125,133,0.0,0.0,GC=F,NA,NA,USD
2026-08-11T12:52:00.000Z,4454.2998046875,4454.2998046875,4451.6000976562,4452.2998046875,104,0.0,0.0,GC=F,NA,NA,USD
2026-08-11T12:53:00.000Z,4452.5,4452.8999023438,4451.2998046875,4452.2001953125,76,0.0,0.0,GC=F,NA,NA,USD
2026-08-11T12:54:00.000Z,4451.8999023438,4452.2998046875,4451.2001953125,4451.7001953125,78,0.0,0.0,GC=F,NA,NA,USD
2026-08-11T12:55:00.000Z,4452.0,4452.2001953125,4451.2001953125,4452.1000976562,74,0.0,0.0,GC=F,NA,NA,USD
2026-08-11T12:56:00.000Z,4451.8999023438,4452.3999023438,4451.3999023438,4451.7998046875,59,0.0,0.0,GC=F,NA,NA,USD
2026-08-11T12:57:00.000Z,4451.8999023438,4452.5,4450.8999023438,4452.3999023438,49,0.0,0.0,GC=F,NA,NA,USD
2026-08-11T12:58:00.000Z,4452.2998046875,4452.6000976562,4451.2998046875,4451.7998046875,40,0.0,0.0,GC=F,NA,NA,USD
2026-08-11T12:59:00.000Z,4451.7001953125,4451.7001953125,4450.2001953125,4450.6000976562,110,0.0,0.0,GC=F,NA,NA,USD
2026-08-11T13:00:00.000Z,4450.7001953125,4456.3999023438,4449.7001953125,4455.2998046875,559,0.0,0.0,GC=F,NA,NA,USD
2026-08-11T13:01:00.000Z,4455.0,4456.2998046875,4453.5,4455.0,161,0.0,0.0,GC=F,NA,NA,USD
2026-08-11T13:02:00.000Z,4455.3999023438,4457.1000976562,4454.2001953125,4456.2001953125,154,0.0,0.0,GC=F,NA,NA,USD
2026-08-11T13:03:00.000Z,4456.5,4457.7998046875,4455.2998046875,4456.2998046875,149,0.0,0.0,GC=F,NA,NA,USD
2026-08-11T13:04:00.000Z,4456.0,4456.0,4450.5,4451.2001953125,85,0.0,0.0,GC=F,NA,NA,USD
2026-08-11T13:05:00.000Z,4451.2998046875,4453.5,4451.2998046875,4453.1000976562,102,0.0,0.0,GC=F,NA,NA,USD
2026-08-11T13:06:00.000Z,4453.3999023438,4453.6000976562,4452.2998046875,4452.3999023438,83,0.0,0.0,GC=F,NA,NA,USD
2026-08-11T13:07:00.000Z,4452.8999023438,4454.2998046875,4452.3999023438,4453.7998046875,67,0.0,0.0,GC=F,NA,NA,USD
2026-08-11T13:08:00.000Z,4453.8999023438,4455.7998046875,4453.8999023438,4454.6000976562,72,0.0,0.0,GC=F,NA,NA,USD
2026-08-11T13:09:00.000Z,4454.5,4457.7998046875,4454.1000976562,4457.7001953125,150,0.0,0.0,GC=F,NA,NA,USD
2026-08-11T13:10:00.000Z,4457.7998046875,4459.3999023438,4456.8999023438,4458.2001953125,225,0.0,0.0,GC=F,NA,NA,USD
2026-08-11T13:11:00.000Z,4458.1000976562,4459.7001953125,4457.7998046875,4458.1000976562,225,0.0,0.0,GC=F,NA,NA,USD
2026-08-11T13:12:00.000Z,4458.2001953125,4458.2998046875,4456.8999023438,4458.0,96,0.0,0.0,GC=F,NA,NA,USD
2026-08-11T13:13:00.000Z,4457.7001953125,4458.2001953125,4456.7001953125,4457.1000976562,101,0.0,0.0,GC=F,NA,NA,USD
2026-08-11T13:14:00.000Z,4457.2001953125,4457.2001953125,4452.7998046875,4452.7998046875,125,0.0,0.0,GC=F,NA,NA,USD
2026-08-11T13:15:00.000Z,4452.7001953125,4452.7001953125,4450.1000976562,4451.6000976562,130,0.0,0.0,GC=F,NA,NA,USD
2026-08-11T13:16:00.000Z,4451.2001953125,4451.2001953125,4448.3999023438,4449.7001953125,272,0.0,0.0,GC=F,NA,NA,USD
2026-08-11T13:17:00.000Z,4449.8999023438,4452.2998046875,4449.2001953125,4452.0,177,0.0,0.0,GC=F,NA,NA,USD
2026-08-11T13:18:00.000Z,4452.0,4453.7001953125,4451.5,4452.7998046875,112,0.0,0.0,GC=F,NA,NA,USD
2026-08-11T13:19:00.000Z,4453.1000976562,4454.3999023438,4452.3999023438,4453.2998046875,142,0.0,0.0,GC=F,NA,NA,USD
2026-08-11T13:20:00.000Z,4453.2001953125,4457.1000976562,4453.2001953125,4455.7998046875,155,0.0,0.0,GC=F,NA,NA,USD
2026-08-11T13:21:00.000Z,4456.0,4458.6000976562,4454.6000976562,4458.6000976562,166,0.0,0.0,GC=F,NA,NA,USD
2026-08-11T13:22:00.000Z,4458.8999023438,4459.8999023438,4457.2998046875,4459.2998046875,265,0.0,0.0,GC=F,NA,NA,USD
2026-08-11T13:23:00.000Z,4459.2998046875,4459.8999023438,4457.0,4457.0,130,0.0,0.0,GC=F,NA,NA,USD
2026-08-11T13:24:00.000Z,4456.7998046875,4457.6000976562,4455.6000976562,4457.2001953125,90,0.0,0.0,GC=F,NA,NA,USD
2026-08-11T13:25:00.000Z,4456.7001953125,4457.1000976562,4454.7001953125,4456.7001953125,89,0.0,0.0,GC=F,NA,NA,USD
2026-08-11T13:26:00.000Z,4456.7001953125,4458.7998046875,4456.6000976562,4458.6000976562,59,0.0,0.0,GC=F,NA,NA,USD
2026-08-11T13:27:00.000Z,4458.7998046875,4458.7998046875,4456.7998046875,4458.6000976562,108,0.0,0.0,GC=F,NA,NA,USD
2026-08-11T13:28:00.000Z,4458.7998046875,4459.1000976562,4457.2998046875,4457.5,71,0.0,0.0,GC=F,NA,NA,USD
2026-08-11T13:29:00.000Z,4457.7998046875,4458.2998046875,4456.2001953125,4456.7998046875,84,0.0,0.0,GC=F,NA,NA,USD
2026-08-11T13:30:00.000Z,4457.2001953125,4459.3999023438,4456.2998046875,4457.6000976562,185,0.0,0.0,GC=F,NA,NA,USD
2026-08-11T13:31:00.000Z,4457.5,4457.7998046875,4454.6000976562,4455.2998046875,177,0.0,0.0,GC=F,NA,NA,USD
2026-08-11T13:32:00.000Z,4455.1000976562,4457.2998046875,4453.0,4453.8999023438,337,0.0,0.0,GC=F,NA,NA,USD
2026-08-11T13:33:00.000Z,4454.1000976562,4455.1000976562,4451.0,4451.3999023438,178,0.0,0.0,GC=F,NA,NA,USD
2026-08-11T13:34:00.000Z,4451.3999023438,4451.6000976562,4448.8999023438,4451.5,233,0.0,0.0,GC=F,NA,NA,USD
2026-08-11T13:35:00.000Z,4451.2001953125,4451.7001953125,4447.7001953125,4449.2998046875,273,0.0,0.0,GC=F,NA,NA,USD
2026-08-11T13:36:00.000Z,4449.2001953125,4454.2998046875,4448.6000976562,4454.2998046875,251,0.0,0.0,GC=F,NA,NA,USD
2026-08-11T13:37:00.000Z,4454.5,4458.7998046875,4453.6000976562,4457.6000976562,332,0.0,0.0,GC=F,NA,NA,USD
2026-08-11T13:38:00.000Z,4457.7998046875,4458.2001953125,4453.5,4455.2998046875,206,0.0,0.0,GC=F,NA,NA,USD
2026-08-11T13:39:00.000Z,4455.2001953125,4459.1000976562,4454.8999023438,4458.7001953125,172,0.0,0.0,GC=F,NA,NA,USD
2026-08-11T13:40:00.000Z,4459.0,4460.3999023438,4457.8999023438,4460.0,227,0.0,0.0,GC=F,NA,NA,USD
2026-08-11T13:41:00.000Z,4460.2001953125,4460.8999023438,4458.2001953125,4459.3999023438,339,0.0,0.0,GC=F,NA,NA,USD
2026-08-11T13:42:00.000Z,4459.3999023438,4460.3999023438,4458.3999023438,4460.1000976562,206,0.0,0.0,GC=F,NA,NA,USD
2026-08-11T13:43:00.000Z,4460.0,4460.1000976562,4457.5,4458.6000976562,136,0.0,0.0,GC=F,NA,NA,USD
2026-08-11T13:44:00.000Z,4458.7001953125,4460.1000976562,4457.1000976562,4458.7001953125,105,0.0,0.0,GC=F,NA,NA,USD
2026-08-11T13:45:00.000Z,4459.1000976562,4463.2998046875,4458.8999023438,4461.2001953125,435,0.0,0.0,GC=F,NA,NA,USD
2026-08-11T13:46:00.000Z,4461.2001953125,4463.2998046875,4460.3999023438,4461.2998046875,175,0.0,0.0,GC=F,NA,NA,USD
2026-08-11T13:47:00.000Z,4461.2001953125,4462.1000976562,4456.1000976562,4456.5,334,0.0,0.0,GC=F,NA,NA,USD
2026-08-11T13:48:00.000Z,4456.2998046875,4456.3999023438,4451.6000976562,4452.8999023438,316,0.0,0.0,GC=F,NA,NA,USD
2026-08-11T13:49:00.000Z,4452.5,4455.1000976562,4451.7001953125,4454.0,282,0.0,0.0,GC=F,NA,NA,USD
2026-08-11T13:50:00.000Z,4454.3999023438,4455.7001953125,4451.7001953125,4451.7001953125,137,0.0,0.0,GC=F,NA,NA,USD
2026-08-11T13:51:00.000Z,4451.7998046875,4454.2001953125,4449.7998046875,4449.8999023438,176,0.0,0.0,GC=F,NA,NA,USD
2026-08-11T13:52:00.000Z,4449.7998046875,4452.2998046875,4449.1000976562,4451.2001953125,239,0.0,0.0,GC=F,NA,NA,USD
2026-08-11T13:53:00.000Z,4451.6000976562,4451.8999023438,4447.7001953125,4447.7998046875,198,0.0,0.0,GC=F,NA,NA,USD
2026-08-11T13:54:00.000Z,4447.7001953125,4447.7998046875,4442.8999023438,4446.3999023438,483,0.0,0.0,GC=F,NA,NA,USD
2026-08-11T13:55:00.000Z,4446.2998046875,4450.6000976562,4445.6000976562,4450.6000976562,235,0.0,0.0,GC=F,NA,NA,USD
2026-08-11T13:56:00.000Z,4450.2998046875,4453.3999023438,4449.8999023438,4452.6000976562,362,0.0,0.0,GC=F,NA,NA,USD
2026-08-11T13:57:00.000Z,4452.5,4453.2998046875,4450.3999023438,4451.0,189,0.0,0.0,GC=F,NA,NA,USD
2026-08-11T13:58:00.000Z,4450.8999023438,4451.1000976562,4447.6000976562,4447.8999023438,317,0.0,0.0,GC=F,NA,NA,USD
2026-08-11T13:59:00.000Z,4447.7998046875,4449.6000976562,4447.7998046875,4448.2001953125,160,0.0,0.0,GC=F,NA,NA,USD
2026-08-11T14:00:00.000Z,4448.2001953125,4449.2998046875,4445.0,4447.7998046875,382,0.0,0.0,GC=F,NA,NA,USD
2026-08-11T14:01:00.000Z,4447.6000976562,4449.2998046875,4446.7001953125,4448.3999023438,289,0.0,0.0,GC=F,NA,NA,USD
2026-08-11T14:02:00.000Z,4448.5,4448.5,4442.2998046875,4444.2001953125,298,0.0,0.0,GC=F,NA,NA,USD
2026-08-11T14:03:00.000Z,4444.0,4444.2001953125,4441.3999023438,4442.1000976562,247,0.0,0.0,GC=F,NA,NA,USD
2026-08-11T14:04:00.000Z,4442.0,4444.3999023438,4439.8999023438,4444.0,579,0.0,0.0,GC=F,NA,NA,USD
2026-08-11T14:05:00.000Z,4444.3999023438,4446.1000976562,4442.3999023438,4444.3999023438,611,0.0,0.0,GC=F,NA,NA,USD
2026-08-11T14:06:00.000Z,4444.6000976562,4445.0,4442.2001953125,4443.2001953125,152,0.0,0.0,GC=F,NA,NA,USD
2026-08-11T14:07:00.000Z,4443.6000976562,4445.2001953125,4442.2001953125,4443.7001953125,112,0.0,0.0,GC=F,NA,NA,USD
2026-08-11T14:08:00.000Z,4443.6000976562,4444.1000976562,4441.6000976562,4442.1000976562,98,0.0,0.0,GC=F,NA,NA,USD
2026-08-11T14:09:00.000Z,4442.5,4444.2001953125,4441.7001953125,4443.7998046875,380,0.0,0.0,GC=F,NA,NA,USD
2026-08-11T14:10:00.000Z,4443.7998046875,4445.5,4443.5,4444.5,186,0.0,0.0,GC=F,NA,NA,USD
2026-08-11T14:11:00.000Z,4444.7001953125,4446.2998046875,4444.6000976562,4444.8999023438,116,0.0,0.0,GC=F,NA,NA,USD
2026-08-11T14:12:00.000Z,4444.7001953125,4444.7001953125,4441.2998046875,4444.2001953125,139,0.0,0.0,GC=F,NA,NA,USD
2026-08-11T14:13:00.000Z,4443.8999023438,4446.1000976562,4443.8999023438,4445.8999023438,180,0.0,0.0,GC=F,NA,NA,USD
2026-08-11T14:14:00.000Z,4446.0,4446.0,4444.1000976562,4445.6000976562,39,0.0,0.0,GC=F,NA,NA,USD
2026-08-11T14:15:00.000Z,4445.8999023438,4446.8999023438,4444.1000976562,4444.7001953125,147,0.0,0.0,GC=F,NA,NA,USD
2026-08-11T14:16:00.000Z,4444.7998046875,4446.2998046875,4444.1000976562,4445.7001953125,81,0.0,0.0,GC=F,NA,NA,USD
2026-08-11T14:17:00.000Z,4446.3999023438,4449.2998046875,4446.3999023438,4448.5,179,0.0,0.0,GC=F,NA,NA,USD
2026-08-11T14:18:00.000Z,4448.3999023438,4448.3999023438,4442.1000976562,4443.0,207,0.0,0.0,GC=F,NA,NA,USD
2026-08-11T14:19:00.000Z,4442.7998046875,4445.0,4442.3999023438,4444.8999023438,62,0.0,0.0,GC=F,NA,NA,USD
2026-08-11T14:20:00.000Z,4444.5,4448.8999023438,4444.5,4447.2998046875,203,0.0,0.0,GC=F,NA,NA,USD
2026-08-11T14:21:00.000Z,4447.1000976562,4447.7001953125,4445.1000976562,4445.7001953125,61,0.0,0.0,GC=F,NA,NA,USD
2026-08-11T14:22:00.000Z,4445.7001953125,4445.7001953125,4443.0,4443.0,85,0.0,0.0,GC=F,NA,NA,USD
2026-08-11T14:23:00.000Z,4442.7001953125,4443.2998046875,4440.6000976562,4443.1000976562,234,0.0,0.0,GC=F,NA,NA,USD
2026-08-11T14:24:00.000Z,4443.2001953125,4445.0,4442.2998046875,4443.6000976562,149,0.0,0.0,GC=F,NA,NA,USD
2026-08-11T14:25:00.000Z,4443.3999023438,4443.5,4441.1000976562,4441.1000976562,123,0.0,0.0,GC=F,NA,NA,USD
2026-08-11T14:26:00.000Z,4441.2001953125,4444.3999023438,4441.1000976562,4443.8999023438,301,0.0,0.0,GC=F,NA,NA,USD
2026-08-11T14:27:00.000Z,4444.1000976562,4447.0,4444.0,4444.7998046875,140,0.0,0.0,GC=F,NA,NA,USD
2026-08-11T14:28:00.000Z,4444.2001953125,4446.8999023438,4444.2001953125,4446.6000976562,52,0.0,0.0,GC=F,NA,NA,USD
2026-08-11T14:29:00.000Z,4446.7001953125,4446.7001953125,4442.7001953125,4443.1000976562,117,0.0,0.0,GC=F,NA,NA,USD
2026-08-11T14:30:00.000Z,4443.0,4447.0,4443.0,4445.5,251,0.0,0.0,GC=F,NA,NA,USD
2026-08-11T14:31:00.000Z,4445.2001953125,4447.6000976562,4445.2001953125,4446.8999023438,376,0.0,0.0,GC=F,NA,NA,USD
2026-08-11T14:32:00.000Z,4446.8999023438,4447.0,4445.2001953125,4445.2998046875,148,0.0,0.0,GC=F,NA,NA,USD
2026-08-11T14:33:00.000Z,4445.7998046875,4447.2001953125,4445.5,4447.2001953125,77,0.0,0.0,GC=F,NA,NA,USD
2026-08-11T14:34:00.000Z,4447.0,4450.2998046875,4446.8999023438,4449.7998046875,342,0.0,0.0,GC=F,NA,NA,USD
2026-08-11T14:35:00.000Z,4449.8999023438,4450.7998046875,4448.7001953125,4450.7998046875,112,0.0,0.0,GC=F,NA,NA,USD
2026-08-11T14:36:00.000Z,4450.6000976562,4451.7001953125,4449.8999023438,4449.8999023438,164,0.0,0.0,GC=F,NA,NA,USD
2026-08-11T14:37:00.000Z,4450.1000976562,4452.2998046875,4449.7001953125,4451.2998046875,212,0.0,0.0,GC=F,NA,NA,USD
2026-08-11T14:38:00.000Z,4451.5,4452.2001953125,4450.5,4451.8999023438,94,0.0,0.0,GC=F,NA,NA,USD
2026-08-11T14:39:00.000Z,4451.7001953125,4452.7001953125,4450.7998046875,4451.0,126,0.0,0.0,GC=F,NA,NA,USD
2026-08-11T14:40:00.000Z,4451.3999023438,4452.0,4450.6000976562,4450.7001953125,60,0.0,0.0,GC=F,NA,NA,USD
2026-08-11T14:41:00.000Z,4450.3999023438,4452.6000976562,4450.1000976562,4452.2001953125,75,0.0,0.0,GC=F,NA,NA,USD
2026-08-11T14:42:00.000Z,4452.7998046875,4454.7001953125,4452.3999023438,4453.1000976562,170,0.0,0.0,GC=F,NA,NA,USD
2026-08-11T14:43:00.000Z,4453.5,4454.7998046875,4452.8999023438,4453.1000976562,135,0.0,0.0,GC=F,NA,NA,USD
2026-08-11T14:44:00.000Z,4452.7998046875,4453.5,4452.3999023438,4453.0,51,0.0,0.0,GC=F,NA,NA,USD
2026-08-11T14:45:00.000Z,4453.0,4453.7001953125,4452.6000976562,4452.8999023438,66,0.0,0.0,GC=F,NA,NA,USD
2026-08-11T14:46:00.000Z,4452.8999023438,4455.5,4452.1000976562,4453.5,182,0.0,0.0,GC=F,NA,NA,USD
2026-08-11T14:47:00.000Z,4453.5,4454.0,4452.6000976562,4453.7998046875,66,0.0,0.0,GC=F,NA,NA,USD
2026-08-11T14:48:00.000Z,4453.2998046875,4454.3999023438,4453.2001953125,4454.3999023438,45,0.0,0.0,GC=F,NA,NA,USD
2026-08-11T14:49:00.000Z,4453.2998046875,4453.6000976562,4452.1000976562,4452.8999023438,55,0.0,0.0,GC=F,NA,NA,USD
2026-08-11T14:50:00.000Z,4452.7998046875,4453.1000976562,4451.1000976562,4452.7001953125,105,0.0,0.0,GC=F,NA,NA,USD
2026-08-11T14:51:00.000Z,4452.6000976562,4454.7998046875,4452.6000976562,4453.7001953125,65,0.0,0.0,GC=F,NA,NA,USD
2026-08-11T14:52:00.000Z,4453.6000976562,4454.7001953125,4453.1000976562,4454.0,64,0.0,0.0,GC=F,NA,NA,USD
2026-08-11T14:53:00.000Z,4453.7998046875,4453.7998046875,4451.8999023438,4451.8999023438,46,0.0,0.0,GC=F,NA,NA,USD
2026-08-11T14:54:00.000Z,4451.7001953125,4454.8999023438,4451.3999023438,4454.7998046875,98,0.0,0.0,GC=F,NA,NA,USD
2026-08-11T14:55:00.000Z,4454.7998046875,4457.3999023438,4454.7998046875,4455.7001953125,580,0.0,0.0,GC=F,NA,NA,USD
2026-08-11T14:56:00.000Z,4455.6000976562,4456.7998046875,4455.1000976562,4455.6000976562,182,0.0,0.0,GC=F,NA,NA,USD
2026-08-11T14:57:00.000Z,4455.6000976562,4455.7998046875,4453.0,4453.6000976562,104,0.0,0.0,GC=F,NA,NA,USD
2026-08-11T14:58:00.000Z,4453.5,4453.6000976562,4452.2998046875,4453.1000976562,123,0.0,0.0,GC=F,NA,NA,USD
2026-08-11T14:59:00.000Z,4453.2001953125,4453.7001953125,4452.6000976562,4453.6000976562,57,0.0,0.0,GC=F,NA,NA,USD
2026-08-11T15:00:00.000Z,4453.6000976562,4457.1000976562,4452.3999023438,4457.0,165,0.0,0.0,GC=F,NA,NA,USD
2026-08-11T15:01:00.000Z,4457.2001953125,4457.5,4456.0,4456.2998046875,139,0.0,0.0,GC=F,NA,NA,USD
2026-08-11T15:02:00.000Z,4456.6000976562,4456.7001953125,4455.5,4456.6000976562,144,0.0,0.0,GC=F,NA,NA,USD
2026-08-11T15:03:00.000Z,4456.3999023438,4457.3999023438,4456.0,4457.3999023438,93,0.0,0.0,GC=F,NA,NA,USD
2026-08-11T15:04:00.000Z,4457.6000976562,4458.2001953125,4456.0,4456.0,148,0.0,0.0,GC=F,NA,NA,USD
2026-08-11T15:05:00.000Z,4456.2998046875,4456.7998046875,4455.8999023438,4456.2001953125,98,0.0,0.0,GC=F,NA,NA,USD
2026-08-11T15:06:00.000Z,4456.0,4456.3999023438,4453.8999023438,4454.1000976562,133,0.0,0.0,GC=F,NA,NA,USD
2026-08-11T15:07:00.000Z,4454.1000976562,4454.6000976562,4452.7998046875,4452.7998046875,83,0.0,0.0,GC=F,NA,NA,USD
2026-08-11T15:08:00.000Z,4452.3999023438,4452.3999023438,4449.5,4450.2001953125,291,0.0,0.0,GC=F,NA,NA,USD
2026-08-11T15:09:00.000Z,4450.0,4451.1000976562,4449.3999023438,4450.5,136,0.0,0.0,GC=F,NA,NA,USD
2026-08-11T15:10:00.000Z,4450.2998046875,4451.3999023438,4448.6000976562,4450.0,174,0.0,0.0,GC=F,NA,NA,USD
2026-08-11T15:11:00.000Z,4450.1000976562,4451.2001953125,4449.8999023438,4451.0,79,0.0,0.0,GC=F,NA,NA,USD
2026-08-11T15:12:00.000Z,4451.7001953125,4453.1000976562,4451.5,4453.1000976562,82,0.0,0.0,GC=F,NA,NA,USD
2026-08-11T15:13:00.000Z,4453.2001953125,4455.6000976562,4452.8999023438,4452.8999023438,103,0.0,0.0,GC=F,NA,NA,USD
2026-08-11T15:14:00.000Z,4452.7998046875,4452.7998046875,4451.2001953125,4451.3999023438,79,0.0,0.0,GC=F,NA,NA,USD
2026-08-11T15:15:00.000Z,4451.2998046875,4451.6000976562,4448.7001953125,4449.6000976562,202,0.0,0.0,GC=F,NA,NA,USD
2026-08-11T15:16:00.000Z,4449.7001953125,4450.0,4447.7998046875,4448.1000976562,170,0.0,0.0,GC=F,NA,NA,USD
2026-08-11T15:17:00.000Z,4447.8999023438,4448.5,4445.7001953125,4447.2001953125,566,0.0,0.0,GC=F,NA,NA,USD
2026-08-11T15:18:00.000Z,4446.8999023438,4447.5,4442.0,4442.3999023438,407,0.0,0.0,GC=F,NA,NA,USD
2026-08-11T15:19:00.000Z,4442.2001953125,4445.6000976562,4441.2001953125,4445.2001953125,255,0.0,0.0,GC=F,NA,NA,USD
2026-08-11T15:20:00.000Z,4445.0,4445.7001953125,4443.8999023438,4445.0,82,0.0,0.0,GC=F,NA,NA,USD
2026-08-11T15:21:00.000Z,4445.2001953125,4446.7998046875,4445.2001953125,4445.8999023438,144,0.0,0.0,GC=F,NA,NA,USD
2026-08-11T15:22:00.000Z,4445.8999023438,4447.7001953125,4445.0,4447.1000976562,278,0.0,0.0,GC=F,NA,NA,USD
2026-08-11T15:23:00.000Z,4447.1000976562,4448.7001953125,4445.7998046875,4446.5,194,0.0,0.0,GC=F,NA,NA,USD
2026-08-11T15:24:00.000Z,4446.2001953125,4446.3999023438,4442.3999023438,4443.1000976562,160,0.0,0.0,GC=F,NA,NA,USD
2026-08-11T15:25:00.000Z,4442.7998046875,4444.5,4442.1000976562,4443.6000976562,165,0.0,0.0,GC=F,NA,NA,USD
2026-08-11T15:26:00.000Z,4443.5,4443.6000976562,4440.8999023438,4442.5,115,0.0,0.0,GC=F,NA,NA,USD
2026-08-11T15:27:00.000Z,4442.2998046875,4444.7001953125,4442.2998046875,4444.3999023438,67,0.0,0.0,GC=F,NA,NA,USD
2026-08-11T15:28:00.000Z,4444.6000976562,4446.5,4444.3999023438,4445.2001953125,108,0.0,0.0,GC=F,NA,NA,USD
2026-08-11T15:29:00.000Z,4444.8999023438,4446.2998046875,4444.5,4445.7998046875,65,0.0,0.0,GC=F,NA,NA,USD
2026-08-11T15:30:00.000Z,4445.5,4445.7998046875,4442.6000976562,4443.2001953125,128,0.0,0.0,GC=F,NA,NA,USD
2026-08-11T15:31:00.000Z,4443.1000976562,4444.1000976562,4442.7001953125,4443.7998046875,185,0.0,0.0,GC=F,NA,NA,USD
2026-08-11T15:32:00.000Z,4444.0,4444.6000976562,4442.5,4443.8999023438,78,0.0,0.0,GC=F,NA,NA,USD
2026-08-11T15:33:00.000Z,4443.7998046875,4444.7001953125,4442.7998046875,4444.3999023438,98,0.0,0.0,GC=F,NA,NA,USD
2026-08-11T15:34:00.000Z,4444.2001953125,4444.8999023438,4435.2998046875,4436.5,740,0.0,0.0,GC=F,NA,NA,USD
2026-08-11T15:35:00.000Z,4436.6000976562,4438.3999023438,4435.6000976562,4436.8999023438,473,0.0,0.0,GC=F,NA,NA,USD
2026-08-11T15:36:00.000Z,4436.3999023438,4437.0,4433.7001953125,4436.5,230,0.0,0.0,GC=F,NA,NA,USD
2026-08-11T15:37:00.000Z,4436.7998046875,4436.8999023438,4434.2998046875,4435.8999023438,190,0.0,0.0,GC=F,NA,NA,USD
2026-08-11T15:38:00.000Z,4435.8999023438,4436.1000976562,4432.7998046875,4433.7998046875,221,0.0,0.0,GC=F,NA,NA,USD
2026-08-11T15:39:00.000Z,4434.2001953125,4434.2001953125,4430.7001953125,4430.7001953125,227,0.0,0.0,GC=F,NA,NA,USD
2026-08-11T15:40:00.000Z,4430.6000976562,4432.5,4428.3999023438,4432.2998046875,356,0.0,0.0,GC=F,NA,NA,USD
2026-08-11T15:41:00.000Z,4432.2001953125,4432.2001953125,4428.2001953125,4430.7998046875,216,0.0,0.0,GC=F,NA,NA,USD
2026-08-11T15:42:00.000Z,4431.0,4432.8999023438,4430.2001953125,4432.7998046875,123,0.0,0.0,GC=F,NA,NA,USD
2026-08-11T15:43:00.000Z,4432.7001953125,4434.6000976562,4431.7998046875,4434.3999023438,181,0.0,0.0,GC=F,NA,NA,USD
2026-08-11T15:44:00.000Z,4434.6000976562,4435.6000976562,4434.2001953125,4435.1000976562,140,0.0,0.0,GC=F,NA,NA,USD
2026-08-11T15:45:00.000Z,4435.2001953125,4436.2001953125,4434.2998046875,4435.8999023438,159,0.0,0.0,GC=F,NA,NA,USD
2026-08-11T15:46:00.000Z,4435.7998046875,4437.3999023438,4435.2001953125,4436.8999023438,127,0.0,0.0,GC=F,NA,NA,USD
2026-08-11T15:47:00.000Z,4437.1000976562,4437.3999023438,4435.0,4435.7998046875,89,0.0,0.0,GC=F,NA,NA,USD
2026-08-11T15:48:00.000Z,4435.3999023438,4436.2998046875,4435.1000976562,4435.7998046875,96,0.0,0.0,GC=F,NA,NA,USD
2026-08-11T15:49:00.000Z,4435.7001953125,4436.3999023438,4434.8999023438,4435.7001953125,74,0.0,0.0,GC=F,NA,NA,USD
2026-08-11T15:50:00.000Z,4435.6000976562,4437.3999023438,4435.2998046875,4436.8999023438,154,0.0,0.0,GC=F,NA,NA,USD
2026-08-11T15:51:00.000Z,4436.8999023438,4436.8999023438,4434.8999023438,4436.0,137,0.0,0.0,GC=F,NA,NA,USD
2026-08-11T15:52:00.000Z,4436.0,4436.6000976562,4435.7998046875,4436.1000976562,62,0.0,0.0,GC=F,NA,NA,USD
2026-08-11T15:53:00.000Z,4436.5,4436.8999023438,4435.5,4436.0,98,0.0,0.0,GC=F,NA,NA,USD
2026-08-11T15:54:00.000Z,4436.0,4440.1000976562,4435.2001953125,4440.1000976562,216,0.0,0.0,GC=F,NA,NA,USD
2026-08-11T15:55:00.000Z,4440.2998046875,4441.5,4439.6000976562,4439.7001953125,187,0.0,0.0,GC=F,NA,NA,USD
2026-08-11T15:56:00.000Z,4439.5,4441.6000976562,4439.5,4441.6000976562,111,0.0,0.0,GC=F,NA,NA,USD
2026-08-11T15:57:00.000Z,4441.8999023438,4442.2001953125,4439.7998046875,4439.7998046875,103,0.0,0.0,GC=F,NA,NA,USD
2026-08-11T15:58:00.000Z,4439.5,4440.6000976562,4439.2001953125,4440.5,55,0.0,0.0,GC=F,NA,NA,USD
2026-08-11T15:59:00.000Z,4440.6000976562,4443.3999023438,4440.6000976562,4443.2001953125,101,0.0,0.0,GC=F,NA,NA,USD
2026-08-11T16:00:00.000Z,4443.5,4444.3999023438,4443.0,4443.7001953125,140,0.0,0.0,GC=F,NA,NA,USD
2026-08-11T16:01:00.000Z,4443.7001953125,4443.8999023438,4442.3999023438,4443.1000976562,87,0.0,0.0,GC=F,NA,NA,USD
2026-08-11T16:02:00.000Z,4443.2001953125,4443.3999023438,4442.0,4442.7001953125,128,0.0,0.0,GC=F,NA,NA,USD
2026-08-11T16:03:00.000Z,4442.7001953125,4443.3999023438,4442.2998046875,4442.2998046875,75,0.0,0.0,GC=F,NA,NA,USD
2026-08-11T16:04:00.000Z,4443.2001953125,4443.3999023438,4440.5,4440.5,127,0.0,0.0,GC=F,NA,NA,USD
2026-08-11T16:05:00.000Z,4440.5,4441.2001953125,4439.6000976562,4440.7001953125,101,0.0,0.0,GC=F,NA,NA,USD
2026-08-11T16:06:00.000Z,4440.5,4440.7998046875,4439.1000976562,4439.1000976562,73,0.0,0.0,GC=F,NA,NA,USD
2026-08-11T16:07:00.000Z,4439.2998046875,4439.6000976562,4438.2998046875,4438.6000976562,40,0.0,0.0,GC=F,NA,NA,USD
2026-08-11T16:08:00.000Z,4438.5,4440.0,4438.3999023438,4440.0,79,0.0,0.0,GC=F,NA,NA,USD
2026-08-11T16:09:00.000Z,4440.0,4441.1000976562,4439.0,4439.2998046875,36,0.0,0.0,GC=F,NA,NA,USD
2026-08-11T16:10:00.000Z,4440.1000976562,4440.5,4439.5,4440.0,57,0.0,0.0,GC=F,NA,NA,USD
2026-08-11T16:11:00.000Z,4440.1000976562,4441.2001953125,4439.5,4439.7998046875,50,0.0,0.0,GC=F,NA,NA,USD
2026-08-11T16:12:00.000Z,4440.3999023438,4441.3999023438,4439.2001953125,4439.3999023438,51,0.0,0.0,GC=F,NA,NA,USD
2026-08-11T16:13:00.000Z,4439.2998046875,4439.3999023438,4438.2001953125,4439.1000976562,48,0.0,0.0,GC=F,NA,NA,USD
2026-08-11T16:14:00.000Z,4439.0,4439.6000976562,4439.0,4439.6000976562,15,0.0,0.0,GC=F,NA,NA,USD
2026-08-11T16:15:00.000Z,4439.3999023438,4440.2001953125,4439.1000976562,4439.8999023438,30,0.0,0.0,GC=F,NA,NA,USD
2026-08-11T16:16:00.000Z,4439.8999023438,4440.3999023438,4439.3999023438,4440.2998046875,44,0.0,0.0,GC=F,NA,NA,USD
2026-08-11T16:17:00.000Z,4440.2998046875,4441.2001953125,4440.2998046875,4440.8999023438,27,0.0,0.0,GC=F,NA,NA,USD
2026-08-11T16:18:00.000Z,4440.2001953125,4440.2998046875,4439.5,4439.6000976562,11,0.0,0.0,GC=F,NA,NA,USD
2026-08-11T16:19:00.000Z,4439.1000976562,4439.2998046875,4438.3999023438,4438.8999023438,20,0.0,0.0,GC=F,NA,NA,USD
2026-08-11T16:20:00.000Z,4438.6000976562,4440.0,4438.2001953125,4439.5,76,0.0,0.0,GC=F,NA,NA,USD
2026-08-11T16:21:00.000Z,4439.7001953125,4440.8999023438,4439.2001953125,4440.2998046875,77,0.0,0.0,GC=F,NA,NA,USD
2026-08-11T16:22:00.000Z,4440.3999023438,4442.2001953125,4440.0,4442.0,59,0.0,0.0,GC=F,NA,NA,USD
2026-08-11T16:23:00.000Z,4442.1000976562,4442.5,4441.5,4441.7001953125,30,0.0,0.0,GC=F,NA,NA,USD
2026-08-11T16:24:00.000Z,4441.7998046875,4442.2001953125,4440.7998046875,4441.2001953125,17,0.0,0.0,GC=F,NA,NA,USD
2026-08-11T16:25:00.000Z,4441.1000976562,4441.6000976562,4440.7001953125,4440.7001953125,38,0.0,0.0,GC=F,NA,NA,USD
2026-08-11T16:26:00.000Z,4440.7001953125,4441.2001953125,4440.2001953125,4440.3999023438,42,0.0,0.0,GC=F,NA,NA,USD
2026-08-11T16:27:00.000Z,4440.8999023438,4442.7998046875,4440.8999023438,4442.5,34,0.0,0.0,GC=F,NA,NA,USD
2026-08-11T16:28:00.000Z,4442.5,4443.2001953125,4441.7998046875,4441.7998046875,28,0.0,0.0,GC=F,NA,NA,USD
2026-08-11T16:29:00.000Z,4441.7998046875,4442.3999023438,4441.7001953125,4442.3999023438,31,0.0,0.0,GC=F,NA,NA,USD
2026-08-11T16:30:00.000Z,4442.6000976562,4442.8999023438,4441.2001953125,4442.1000976562,74,0.0,0.0,GC=F,NA,NA,USD
2026-08-11T16:31:00.000Z,4442.2001953125,4442.2001953125,4440.6000976562,4440.8999023438,31,0.0,0.0,GC=F,NA,NA,USD
2026-08-11T16:32:00.000Z,4440.7998046875,4441.5,4438.8999023438,4438.8999023438,67,0.0,0.0,GC=F,NA,NA,USD
2026-08-11T16:33:00.000Z,4439.2998046875,4440.5,4439.2998046875,4439.8999023438,49,0.0,0.0,GC=F,NA,NA,USD
2026-08-11T16:34:00.000Z,4440.6000976562,4442.1000976562,4440.6000976562,4442.1000976562,40,0.0,0.0,GC=F,NA,NA,USD
2026-08-11T16:35:00.000Z,4442.0,4444.1000976562,4441.8999023438,4444.1000976562,66,0.0,0.0,GC=F,NA,NA,USD
2026-08-11T16:36:00.000Z,4443.7001953125,4444.3999023438,4443.5,4443.7001953125,166,0.0,0.0,GC=F,NA,NA,USD
2026-08-11T16:37:00.000Z,4443.8999023438,4443.8999023438,4442.8999023438,4443.0,64,0.0,0.0,GC=F,NA,NA,USD
2026-08-11T16:38:00.000Z,4443.2998046875,4443.2998046875,4442.6000976562,4442.6000976562,25,0.0,0.0,GC=F,NA,NA,USD
2026-08-11T16:39:00.000Z,4442.8999023438,4443.5,4442.5,4443.2998046875,46,0.0,0.0,GC=F,NA,NA,USD
2026-08-11T16:40:00.000Z,4443.2998046875,4443.2998046875,4442.5,4442.8999023438,33,0.0,0.0,GC=F,NA,NA,USD
2026-08-11T16:41:00.000Z,4443.2998046875,4444.2998046875,4443.2998046875,4443.8999023438,44,0.0,0.0,GC=F,NA,NA,USD
2026-08-11T16:42:00.000Z,4444.2001953125,4444.7001953125,4443.6000976562,4443.7001953125,78,0.0,0.0,GC=F,NA,NA,USD
2026-08-11T16:43:00.000Z,4443.7001953125,4445.2998046875,4443.6000976562,4444.1000976562,63,0.0,0.0,GC=F,NA,NA,USD
2026-08-11T16:44:00.000Z,4444.0,4444.6000976562,4444.0,4444.3999023438,12,0.0,0.0,GC=F,NA,NA,USD
2026-08-11T16:45:00.000Z,4444.5,4445.0,4444.2001953125,4444.2998046875,30,0.0,0.0,GC=F,NA,NA,USD
2026-08-11T16:46:00.000Z,4444.2998046875,4444.2998046875,4442.7998046875,4442.8999023438,34,0.0,0.0,GC=F,NA,NA,USD
2026-08-11T16:47:00.000Z,4442.7998046875,4443.0,4441.8999023438,4442.5,28,0.0,0.0,GC=F,NA,NA,USD
2026-08-11T16:48:00.000Z,4442.6000976562,4443.0,4442.5,4442.7001953125,33,0.0,0.0,GC=F,NA,NA,USD
2026-08-11T16:49:00.000Z,4442.2998046875,4442.5,4441.3999023438,4442.5,56,0.0,0.0,GC=F,NA,NA,USD
2026-08-11T16:50:00.000Z,4442.3999023438,4442.3999023438,4440.7998046875,4441.6000976562,125,0.0,0.0,GC=F,NA,NA,USD
2026-08-11T16:51:00.000Z,4441.3999023438,4441.6000976562,4440.6000976562,4441.2001953125,43,0.0,0.0,GC=F,NA,NA,USD
2026-08-11T16:52:00.000Z,4441.6000976562,4441.6000976562,4441.1000976562,4441.2998046875,15,0.0,0.0,GC=F,NA,NA,USD
2026-08-11T16:53:00.000Z,4441.0,4441.6000976562,4440.7001953125,4441.0,38,0.0,0.0,GC=F,NA,NA,USD
2026-08-11T16:54:00.000Z,4440.7998046875,4442.0,4440.7998046875,4441.8999023438,21,0.0,0.0,GC=F,NA,NA,USD
2026-08-11T16:55:00.000Z,4441.8999023438,4442.7998046875,4441.6000976562,4442.2998046875,26,0.0,0.0,GC=F,NA,NA,USD
2026-08-11T16:56:00.000Z,4442.0,4442.8999023438,4441.7001953125,4442.6000976562,107,0.0,0.0,GC=F,NA,NA,USD
2026-08-11T16:57:00.000Z,4442.7001953125,4444.7001953125,4442.7001953125,4444.6000976562,57,0.0,0.0,GC=F,NA,NA,USD
2026-08-11T16:58:00.000Z,4444.2998046875,4444.7998046875,4443.2001953125,4443.6000976562,60,0.0,0.0,GC=F,NA,NA,USD
2026-08-11T16:59:00.000Z,4443.5,4444.0,4443.1000976562,4443.1000976562,110,0.0,0.0,GC=F,NA,NA,USD
2026-08-11T17:00:00.000Z,4443.2998046875,4444.0,4443.0,4443.6000976562,38,0.0,0.0,GC=F,NA,NA,USD
2026-08-11T17:01:00.000Z,4443.5,4445.2998046875,4442.7001953125,4444.6000976562,76,0.0,0.0,GC=F,NA,NA,USD
2026-08-11T17:02:00.000Z,4444.3999023438,4444.7998046875,4442.2998046875,4442.7001953125,60,0.0,0.0,GC=F,NA,NA,USD
2026-08-11T17:03:00.000Z,4442.7001953125,4443.8999023438,4442.2001953125,4443.0,123,0.0,0.0,GC=F,NA,NA,USD
2026-08-11T17:04:00.000Z,4443.2001953125,4443.7001953125,4442.8999023438,4443.2001953125,60,0.0,0.0,GC=F,NA,NA,USD
2026-08-11T17:05:00.000Z,4443.2998046875,4443.7001953125,4442.0,4442.1000976562,47,0.0,0.0,GC=F,NA,NA,USD
2026-08-11T17:06:00.000Z,4442.2998046875,4443.0,4441.3999023438,4442.7001953125,53,0.0,0.0,GC=F,NA,NA,USD
2026-08-11T17:07:00.000Z,4442.7998046875,4443.3999023438,4442.5,4443.1000976562,26,0.0,0.0,GC=F,NA,NA,USD
2026-08-11T17:08:00.000Z,4443.3999023438,4445.7001953125,4443.3999023438,4444.3999023438,54,0.0,0.0,GC=F,NA,NA,USD
2026-08-11T17:09:00.000Z,4444.2998046875,4444.6000976562,4443.7001953125,4444.2998046875,27,0.0,0.0,GC=F,NA,NA,USD
2026-08-11T17:10:00.000Z,4444.2001953125,4444.5,4443.2001953125,4443.2001953125,48,0.0,0.0,GC=F,NA,NA,USD
2026-08-11T17:11:00.000Z,4443.3999023438,4443.5,4442.5,4442.6000976562,59,0.0,0.0,GC=F,NA,NA,USD
2026-08-11T17:12:00.000Z,4443.0,4443.2001953125,4441.2001953125,4441.8999023438,71,0.0,0.0,GC=F,NA,NA,USD
2026-08-11T17:13:00.000Z,4441.8999023438,4442.1000976562,4440.7998046875,4442.1000976562,52,0.0,0.0,GC=F,NA,NA,USD
2026-08-11T17:14:00.000Z,4442.1000976562,4442.3999023438,4440.8999023438,4440.8999023438,227,0.0,0.0,GC=F,NA,NA,USD
2026-08-11T17:15:00.000Z,4440.6000976562,4441.2001953125,4440.1000976562,4441.0,202,0.0,0.0,GC=F,NA,NA,USD
2026-08-11T17:16:00.000Z,4440.7001953125,4441.1000976562,4439.6000976562,4439.6000976562,74,0.0,0.0,GC=F,NA,NA,USD
2026-08-11T17:17:00.000Z,4439.5,4443.2001953125,4439.3999023438,4443.0,136,0.0,0.0,GC=F,NA,NA,USD
2026-08-11T17:18:00.000Z,4443.1000976562,4443.1000976562,4441.7001953125,4442.0,40,0.0,0.0,GC=F,NA,NA,USD
2026-08-11T17:19:00.000Z,4441.7001953125,4443.0,4441.3999023438,4442.7998046875,62,0.0,0.0,GC=F,NA,NA,USD
2026-08-11T17:20:00.000Z,4442.6000976562,4443.7998046875,4442.3999023438,4443.5,165,0.0,0.0,GC=F,NA,NA,USD
2026-08-11T17:21:00.000Z,4443.5,4443.5,4441.8999023438,4443.0,82,0.0,0.0,GC=F,NA,NA,USD
2026-08-11T17:22:00.000Z,4443.1000976562,4443.2001953125,4439.3999023438,4440.2001953125,192,0.0,0.0,GC=F,NA,NA,USD
2026-08-11T17:23:00.000Z,4440.3999023438,4440.6000976562,4439.2001953125,4440.1000976562,137,0.0,0.0,GC=F,NA,NA,USD
2026-08-11T17:24:00.000Z,4439.8999023438,4440.6000976562,4439.2998046875,4440.1000976562,100,0.0,0.0,GC=F,NA,NA,USD
2026-08-11T17:25:00.000Z,4440.7001953125,4441.2998046875,4439.7001953125,4440.0,71,0.0,0.0,GC=F,NA,NA,USD
2026-08-11T17:26:00.000Z,4440.2001953125,4441.2998046875,4439.5,4440.7998046875,87,0.0,0.0,GC=F,NA,NA,USD
2026-08-11T17:27:00.000Z,4440.6000976562,4440.6000976562,4438.5,4439.2001953125,185,0.0,0.0,GC=F,NA,NA,USD
2026-08-11T17:28:00.000Z,4439.1000976562,4439.7001953125,4438.2998046875,4439.1000976562,141,0.0,0.0,GC=F,NA,NA,USD
2026-08-11T17:29:00.000Z,4439.5,4442.7998046875,4439.5,4440.7998046875,1160,0.0,0.0,GC=F,NA,NA,USD
2026-08-11T17:30:00.000Z,4440.6000976562,4441.5,4438.1000976562,4438.5,173,0.0,0.0,GC=F,NA,NA,USD
2026-08-11T17:31:00.000Z,4438.8999023438,4439.1000976562,4437.6000976562,4437.6000976562,220,0.0,0.0,GC=F,NA,NA,USD
2026-08-11T17:32:00.000Z,4437.6000976562,4438.2001953125,4436.7998046875,4437.7998046875,278,0.0,0.0,GC=F,NA,NA,USD
2026-08-11T17:33:00.000Z,4438.0,4438.1000976562,4437.0,4437.2001953125,40,0.0,0.0,GC=F,NA,NA,USD
2026-08-11T17:34:00.000Z,4437.2001953125,4438.2998046875,4435.5,4436.1000976562,70,0.0,0.0,GC=F,NA,NA,USD
2026-08-11T17:35:00.000Z,4436.0,4436.7998046875,4435.3999023438,4436.6000976562,80,0.0,0.0,GC=F,NA,NA,USD
2026-08-11T17:36:00.000Z,4436.5,4436.7001953125,4435.2001953125,4435.2001953125,49,0.0,0.0,GC=F,NA,NA,USD
2026-08-11T17:37:00.000Z,4435.1000976562,4435.2001953125,4433.8999023438,4434.5,89,0.0,0.0,GC=F,NA,NA,USD
2026-08-11T17:38:00.000Z,4434.7998046875,4436.6000976562,4434.7998046875,4435.7998046875,56,0.0,0.0,GC=F,NA,NA,USD
2026-08-11T17:39:00.000Z,4436.1000976562,4436.2998046875,4435.2001953125,4436.2001953125,65,0.0,0.0,GC=F,NA,NA,USD
2026-08-11T17:40:00.000Z,4436.5,4437.5,4436.5,4436.8999023438,117,0.0,0.0,GC=F,NA,NA,USD
2026-08-11T17:41:00.000Z,4436.7001953125,4437.2001953125,4436.2001953125,4436.6000976562,55,0.0,0.0,GC=F,NA,NA,USD
2026-08-11T17:42:00.000Z,4436.2998046875,4437.7998046875,4436.2998046875,4436.7998046875,46,0.0,0.0,GC=F,NA,NA,USD
2026-08-11T17:43:00.000Z,4437.0,4437.3999023438,4436.5,4436.5,50,0.0,0.0,GC=F,NA,NA,USD
2026-08-11T17:44:00.000Z,4436.2998046875,4437.3999023438,4435.6000976562,4435.7001953125,33,0.0,0.0,GC=F,NA,NA,USD
2026-08-11T17:45:00.000Z,4435.2998046875,4435.3999023438,4434.7001953125,4435.0,27,0.0,0.0,GC=F,NA,NA,USD
2026-08-11T17:46:00.000Z,4434.7998046875,4436.2001953125,4434.5,4435.8999023438,45,0.0,0.0,GC=F,NA,NA,USD
2026-08-11T17:47:00.000Z,4435.5,4436.2998046875,4435.1000976562,4436.2001953125,27,0.0,0.0,GC=F,NA,NA,USD
2026-08-11T17:48:00.000Z,4436.7001953125,4436.7998046875,4436.3999023438,4436.5,15,0.0,0.0,GC=F,NA,NA,USD
2026-08-11T17:49:00.000Z,4436.5,4437.1000976562,4436.0,4436.0,47,0.0,0.0,GC=F,NA,NA,USD
2026-08-11T17:50:00.000Z,4436.2001953125,4436.2998046875,4435.7001953125,4436.0,30,0.0,0.0,GC=F,NA,NA,USD
2026-08-11T17:51:00.000Z,4435.7998046875,4435.7998046875,4434.7001953125,4435.1000976562,51,0.0,0.0,GC=F,NA,NA,USD
2026-08-11T17:52:00.000Z,4435.1000976562,4435.2998046875,4434.5,4435.0,60,0.0,0.0,GC=F,NA,NA,USD
2026-08-11T17:53:00.000Z,4434.7998046875,4434.8999023438,4433.2001953125,4433.2998046875,214,0.0,0.0,GC=F,NA,NA,USD
2026-08-11T17:54:00.000Z,4433.3999023438,4433.5,4432.2998046875,4432.2998046875,53,0.0,0.0,GC=F,NA,NA,USD
2026-08-11T17:55:00.000Z,4432.5,4432.7001953125,4431.8999023438,4432.2998046875,35,0.0,0.0,GC=F,NA,NA,USD
2026-08-11T17:56:00.000Z,4432.0,4432.7998046875,4431.1000976562,4431.1000976562,160,0.0,0.0,GC=F,NA,NA,USD
2026-08-11T17:57:00.000Z,4431.0,4431.3999023438,4428.2998046875,4430.5,309,0.0,0.0,GC=F,NA,NA,USD
2026-08-11T17:58:00.000Z,4430.2998046875,4431.0,4429.7998046875,4430.0,61,0.0,0.0,GC=F,NA,NA,USD
2026-08-11T17:59:00.000Z,4429.7998046875,4430.1000976562,4428.2001953125,4428.2998046875,150,0.0,0.0,GC=F,NA,NA,USD
2026-08-11T18:00:00.000Z,4428.5,4428.7001953125,4425.7998046875,4427.5,455,0.0,0.0,GC=F,NA,NA,USD
2026-08-11T18:01:00.000Z,4427.2998046875,4427.5,4426.2998046875,4426.5,124,0.0,0.0,GC=F,NA,NA,USD
2026-08-11T18:02:00.000Z,4426.3999023438,4426.5,4423.0,4424.7001953125,483,0.0,0.0,GC=F,NA,NA,USD
2026-08-11T18:03:00.000Z,4424.3999023438,4426.3999023438,4424.1000976562,4426.0,169,0.0,0.0,GC=F,NA,NA,USD
2026-08-11T18:04:00.000Z,4425.7998046875,4425.7998046875,4423.5,4424.7001953125,44,0.0,0.0,GC=F,NA,NA,USD
2026-08-11T18:05:00.000Z,4424.7001953125,4426.1000976562,4424.2001953125,4424.5,51,0.0,0.0,GC=F,NA,NA,USD
2026-08-11T18:06:00.000Z,4424.2001953125,4426.2998046875,4423.2001953125,4424.2001953125,66,0.0,0.0,GC=F,NA,NA,USD
2026-08-11T18:07:00.000Z,4423.3999023438,4423.7001953125,4422.2001953125,4423.2001953125,48,0.0,0.0,GC=F,NA,NA,USD
2026-08-11T18:08:00.000Z,4423.2998046875,4423.5,4420.2001953125,4421.2001953125,191,0.0,0.0,GC=F,NA,NA,USD
2026-08-11T18:09:00.000Z,4421.0,4421.5,4420.3999023438,4420.7001953125,250,0.0,0.0,GC=F,NA,NA,USD
2026-08-11T18:10:00.000Z,4421.2998046875,4422.7001953125,4419.7001953125,4422.5,347,0.0,0.0,GC=F,NA,NA,USD
2026-08-11T18:11:00.000Z,4422.7001953125,4423.6000976562,4421.2998046875,4423.2998046875,188,0.0,0.0,GC=F,NA,NA,USD
2026-08-11T18:12:00.000Z,4423.3999023438,4423.5,4421.6000976562,4421.7998046875,59,0.0,0.0,GC=F,NA,NA,USD
2026-08-11T18:13:00.000Z,4422.2001953125,4423.5,4422.0,4422.0,59,0.0,0.0,GC=F,NA,NA,USD
2026-08-11T18:14:00.000Z,4422.2998046875,4423.5,4422.1000976562,4423.1000976562,61,0.0,0.0,GC=F,NA,NA,USD
2026-08-11T18:15:00.000Z,4423.0,4425.5,4423.0,4425.0,213,0.0,0.0,GC=F,NA,NA,USD
2026-08-11T18:16:00.000Z,4424.8999023438,4425.3999023438,4423.7998046875,4424.2998046875,101,0.0,0.0,GC=F,NA,NA,USD
2026-08-11T18:17:00.000Z,4424.5,4425.0,4423.5,4424.2998046875,59,0.0,0.0,GC=F,NA,NA,USD
2026-08-11T18:18:00.000Z,4424.7001953125,4425.7001953125,4424.7001953125,4425.1000976562,39,0.0,0.0,GC=F,NA,NA,USD
2026-08-11T18:19:00.000Z,4425.7001953125,4426.5,4425.6000976562,4425.8999023438,70,0.0,0.0,GC=F,NA,NA,USD
2026-08-11T18:20:00.000Z,4425.8999023438,4425.8999023438,4423.1000976562,4423.3999023438,240,0.0,0.0,GC=F,NA,NA,USD
2026-08-11T18:21:00.000Z,4423.2001953125,4423.5,4421.1000976562,4422.3999023438,121,0.0,0.0,GC=F,NA,NA,USD
2026-08-11T18:22:00.000Z,4422.2998046875,4423.1000976562,4421.7001953125,4423.0,62,0.0,0.0,GC=F,NA,NA,USD
2026-08-11T18:23:00.000Z,4423.0,4424.3999023438,4423.0,4423.2001953125,195,0.0,0.0,GC=F,NA,NA,USD
2026-08-11T18:24:00.000Z,4423.3999023438,4423.7998046875,4422.8999023438,4423.7998046875,28,0.0,0.0,GC=F,NA,NA,USD
2026-08-11T18:25:00.000Z,4423.7001953125,4424.6000976562,4423.7001953125,4424.6000976562,39,0.0,0.0,GC=F,NA,NA,USD
2026-08-11T18:26:00.000Z,4424.5,4424.5,4423.6000976562,4423.7001953125,76,0.0,0.0,GC=F,NA,NA,USD
2026-08-11T18:27:00.000Z,4423.7998046875,4423.7998046875,4423.0,4423.2001953125,28,0.0,0.0,GC=F,NA,NA,USD
2026-08-11T18:28:00.000Z,4423.0,4423.3999023438,4422.3999023438,4422.3999023438,30,0.0,0.0,GC=F,NA,NA,USD
2026-08-11T18:29:00.000Z,4422.3999023438,4422.6000976562,4419.7001953125,4420.5,137,0.0,0.0,GC=F,NA,NA,USD
2026-08-11T18:30:00.000Z,4420.3999023438,4421.6000976562,4420.2998046875,4421.6000976562,69,0.0,0.0,GC=F,NA,NA,USD
2026-08-11T18:31:00.000Z,4421.7001953125,4423.7001953125,4421.5,4423.7001953125,65,0.0,0.0,GC=F,NA,NA,USD
2026-08-11T18:32:00.000Z,4423.6000976562,4424.2998046875,4423.0,4423.8999023438,25,0.0,0.0,GC=F,NA,NA,USD
2026-08-11T18:33:00.000Z,4424.2001953125,4425.1000976562,4424.0,4425.1000976562,44,0.0,0.0,GC=F,NA,NA,USD
2026-08-11T18:34:00.000Z,4425.2001953125,4427.2001953125,4425.0,4426.6000976562,132,0.0,0.0,GC=F,NA,NA,USD
2026-08-11T18:35:00.000Z,4427.0,4427.7001953125,4426.6000976562,4427.6000976562,59,0.0,0.0,GC=F,NA,NA,USD
2026-08-11T18:36:00.000Z,4427.6000976562,4428.5,4427.0,4428.5,91,0.0,0.0,GC=F,NA,NA,USD
2026-08-11T18:37:00.000Z,4428.2998046875,4429.2998046875,4428.1000976562,4429.0,131,0.0,0.0,GC=F,NA,NA,USD
2026-08-11T18:38:00.000Z,4428.8999023438,4430.2001953125,4428.8999023438,4430.0,120,0.0,0.0,GC=F,NA,NA,USD
2026-08-11T18:39:00.000Z,4430.2001953125,4430.2001953125,4429.2001953125,4429.5,63,0.0,0.0,GC=F,NA,NA,USD
2026-08-11T18:40:00.000Z,4429.2001953125,4429.6000976562,4428.1000976562,4428.2998046875,60,0.0,0.0,GC=F,NA,NA,USD
2026-08-11T18:41:00.000Z,4428.6000976562,4428.7001953125,4427.8999023438,4428.3999023438,38,0.0,0.0,GC=F,NA,NA,USD
2026-08-11T18:42:00.000Z,4428.6000976562,4429.2001953125,4428.3999023438,4428.8999023438,33,0.0,0.0,GC=F,NA,NA,USD
2026-08-11T18:43:00.000Z,4429.0,4429.7998046875,4428.8999023438,4429.6000976562,47,0.0,0.0,GC=F,NA,NA,USD
2026-08-11T18:44:00.000Z,4429.6000976562,4431.0,4429.3999023438,4430.2001953125,82,0.0,0.0,GC=F,NA,NA,USD
2026-08-11T18:45:00.000Z,4430.3999023438,4431.2001953125,4429.7001953125,4430.6000976562,70,0.0,0.0,GC=F,NA,NA,USD
2026-08-11T18:46:00.000Z,4430.6000976562,4431.8999023438,4430.5,4431.5,107,0.0,0.0,GC=F,NA,NA,USD
2026-08-11T18:47:00.000Z,4431.3999023438,4431.7001953125,4430.5,4430.5,65,0.0,0.0,GC=F,NA,NA,USD
2026-08-11T18:48:00.000Z,4430.7001953125,4431.2998046875,4430.5,4431.1000976562,44,0.0,0.0,GC=F,NA,NA,USD
2026-08-11T18:49:00.000Z,4431.2998046875,4431.2998046875,4430.3999023438,4430.3999023438,29,0.0,0.0,GC=F,NA,NA,USD
2026-08-11T18:50:00.000Z,4430.6000976562,4431.2998046875,4430.6000976562,4430.7998046875,52,0.0,0.0,GC=F,NA,NA,USD
2026-08-11T18:51:00.000Z,4430.6000976562,4431.2998046875,4430.3999023438,4431.1000976562,36,0.0,0.0,GC=F,NA,NA,USD
2026-08-11T18:52:00.000Z,4430.8999023438,4431.6000976562,4430.5,4431.0,35,0.0,0.0,GC=F,NA,NA,USD
2026-08-11T18:53:00.000Z,4431.1000976562,4431.5,4430.7998046875,4431.0,27,0.0,0.0,GC=F,NA,NA,USD
2026-08-11T18:54:00.000Z,4431.2001953125,4431.2998046875,4430.8999023438,4430.8999023438,8,0.0,0.0,GC=F,NA,NA,USD
2026-08-11T18:55:00.000Z,4430.7001953125,4431.1000976562,4428.8999023438,4429.5,107,0.0,0.0,GC=F,NA,NA,USD
2026-08-11T18:56:00.000Z,4429.3999023438,4430.2998046875,4429.2001953125,4430.2998046875,55,0.0,0.0,GC=F,NA,NA,USD
2026-08-11T18:57:00.000Z,4430.5,4430.5,4430.0,4430.0,9,0.0,0.0,GC=F,NA,NA,USD
2026-08-11T18:58:00.000Z,4430.0,4430.5,4430.0,4430.0,29,0.0,0.0,GC=F,NA,NA,USD
2026-08-11T18:59:00.000Z,4430.0,4430.7001953125,4429.8999023438,4430.3999023438,16,0.0,0.0,GC=F,NA,NA,USD
2026-08-11T19:00:00.000Z,4430.3999023438,4431.2001953125,4429.5,4429.6000976562,37,0.0,0.0,GC=F,NA,NA,USD
2026-08-11T19:01:00.000Z,4429.6000976562,4430.5,4428.8999023438,4429.1000976562,95,0.0,0.0,GC=F,NA,NA,USD
2026-08-11T19:02:00.000Z,4428.8999023438,4429.7998046875,4428.7998046875,4429.2998046875,45,0.0,0.0,GC=F,NA,NA,USD
2026-08-11T19:03:00.000Z,4429.5,4429.8999023438,4429.2998046875,4429.8999023438,10,0.0,0.0,GC=F,NA,NA,USD
2026-08-11T19:04:00.000Z,4429.7998046875,4429.7998046875,4425.8999023438,4426.0,263,0.0,0.0,GC=F,NA,NA,USD
2026-08-11T19:05:00.000Z,4426.1000976562,4426.1000976562,4424.1000976562,4424.5,306,0.0,0.0,GC=F,NA,NA,USD
2026-08-11T19:06:00.000Z,4424.8999023438,4425.2998046875,4423.1000976562,4423.7001953125,95,0.0,0.0,GC=F,NA,NA,USD
2026-08-11T19:07:00.000Z,4423.5,4424.1000976562,4423.2998046875,4423.8999023438,56,0.0,0.0,GC=F,NA,NA,USD
2026-08-11T19:08:00.000Z,4423.7998046875,4425.2001953125,4422.2998046875,4423.1000976562,301,0.0,0.0,GC=F,NA,NA,USD
2026-08-11T19:09:00.000Z,4423.2998046875,4424.2998046875,4422.5,4423.7998046875,78,0.0,0.0,GC=F,NA,NA,USD
2026-08-11T19:10:00.000Z,4423.7001953125,4425.5,4423.0,4424.8999023438,120,0.0,0.0,GC=F,NA,NA,USD
2026-08-11T19:11:00.000Z,4425.0,4425.6000976562,4425.0,4425.6000976562,28,0.0,0.0,GC=F,NA,NA,USD
2026-08-11T19:12:00.000Z,4425.6000976562,4426.5,4423.7001953125,4424.5,201,0.0,0.0,GC=F,NA,NA,USD
2026-08-11T19:13:00.000Z,4424.6000976562,4425.2001953125,4424.0,4424.2001953125,207,0.0,0.0,GC=F,NA,NA,USD
2026-08-11T19:14:00.000Z,4424.2001953125,4424.2001953125,4422.2998046875,4422.3999023438,158,0.0,0.0,GC=F,NA,NA,USD
2026-08-11T19:15:00.000Z,4423.0,4423.2001953125,4422.2998046875,4422.6000976562,91,0.0,0.0,GC=F,NA,NA,USD
2026-08-11T19:16:00.000Z,4422.2998046875,4423.3999023438,4422.1000976562,4423.2998046875,33,0.0,0.0,GC=F,NA,NA,USD
2026-08-11T19:17:00.000Z,4423.5,4423.5,4421.1000976562,4421.6000976562,86,0.0,0.0,GC=F,NA,NA,USD
2026-08-11T19:18:00.000Z,4421.7001953125,4422.2998046875,4421.2001953125,4421.7998046875,27,0.0,0.0,GC=F,NA,NA,USD
2026-08-11T19:19:00.000Z,4421.7001953125,4421.7998046875,4420.0,4421.6000976562,67,0.0,0.0,GC=F,NA,NA,USD
2026-08-11T19:20:00.000Z,4421.6000976562,4423.5,4420.8999023438,4422.8999023438,153,0.0,0.0,GC=F,NA,NA,USD
2026-08-11T19:21:00.000Z,4423.1000976562,4423.2001953125,4421.6000976562,4422.1000976562,301,0.0,0.0,GC=F,NA,NA,USD
2026-08-11T19:22:00.000Z,4422.2001953125,4423.2001953125,4422.2001953125,4423.2001953125,42,0.0,0.0,GC=F,NA,NA,USD
2026-08-11T19:23:00.000Z,4423.1000976562,4425.2998046875,4423.1000976562,4424.7998046875,126,0.0,0.0,GC=F,NA,NA,USD
2026-08-11T19:24:00.000Z,4424.6000976562,4428.2998046875,4424.2001953125,4428.0,445,0.0,0.0,GC=F,NA,NA,USD
2026-08-11T19:25:00.000Z,4427.7998046875,4428.7001953125,4426.2001953125,4428.0,222,0.0,0.0,GC=F,NA,NA,USD
2026-08-11T19:26:00.000Z,4428.2998046875,4429.2001953125,4428.0,4428.8999023438,54,0.0,0.0,GC=F,NA,NA,USD
2026-08-11T19:27:00.000Z,4428.6000976562,4428.7001953125,4428.0,4428.6000976562,42,0.0,0.0,GC=F,NA,NA,USD
2026-08-11T19:28:00.000Z,4428.7001953125,4429.6000976562,4428.7001953125,4429.1000976562,44,0.0,0.0,GC=F,NA,NA,USD
2026-08-11T19:29:00.000Z,4429.2998046875,4430.2001953125,4429.1000976562,4429.7001953125,97,0.0,0.0,GC=F,NA,NA,USD
2026-08-11T19:30:00.000Z,4429.7998046875,4430.7001953125,4429.7998046875,4430.5,29,0.0,0.0,GC=F,NA,NA,USD
2026-08-11T19:31:00.000Z,4430.7001953125,4431.5,4430.2998046875,4431.3999023438,29,0.0,0.0,GC=F,NA,NA,USD
2026-08-11T19:32:00.000Z,4431.3999023438,4433.6000976562,4431.3999023438,4432.2001953125,120,0.0,0.0,GC=F,NA,NA,USD
2026-08-11T19:33:00.000Z,4432.1000976562,4432.7001953125,4430.0,4430.2001953125,121,0.0,0.0,GC=F,NA,NA,USD
2026-08-11T19:34:00.000Z,4430.2001953125,4430.8999023438,4430.0,4430.7001953125,109,0.0,0.0,GC=F,NA,NA,USD
2026-08-11T19:35:00.000Z,4430.6000976562,4430.7998046875,4428.2998046875,4428.2998046875,106,0.0,0.0,GC=F,NA,NA,USD
2026-08-11T19:36:00.000Z,4428.6000976562,4428.7998046875,4427.7001953125,4428.6000976562,48,0.0,0.0,GC=F,NA,NA,USD
2026-08-11T19:37:00.000Z,4429.0,4429.2001953125,4427.8999023438,4427.8999023438,56,0.0,0.0,GC=F,NA,NA,USD
2026-08-11T19:38:00.000Z,4428.1000976562,4429.8999023438,4428.0,4428.8999023438,334,0.0,0.0,GC=F,NA,NA,USD
2026-08-11T19:39:00.000Z,4428.7998046875,4429.8999023438,4428.3999023438,4429.7998046875,50,0.0,0.0,GC=F,NA,NA,USD
2026-08-11T19:40:00.000Z,4429.5,4429.6000976562,4429.1000976562,4429.3999023438,26,0.0,0.0,GC=F,NA,NA,USD
2026-08-11T19:41:00.000Z,4429.1000976562,4429.2001953125,4428.5,4428.7001953125,18,0.0,0.0,GC=F,NA,NA,USD
2026-08-11T19:42:00.000Z,4428.6000976562,4428.6000976562,4427.7998046875,4427.7998046875,69,0.0,0.0,GC=F,NA,NA,USD
2026-08-11T19:43:00.000Z,4427.8999023438,4428.2001953125,4426.2998046875,4426.7001953125,31,0.0,0.0,GC=F,NA,NA,USD
2026-08-11T19:44:00.000Z,4426.2998046875,4427.2998046875,4425.7001953125,4427.1000976562,51,0.0,0.0,GC=F,NA,NA,USD
2026-08-11T19:45:00.000Z,4427.3999023438,4428.0,4426.3999023438,4426.7998046875,32,0.0,0.0,GC=F,NA,NA,USD
2026-08-11T19:46:00.000Z,4427.1000976562,4427.6000976562,4427.0,4427.0,11,0.0,0.0,GC=F,NA,NA,USD
2026-08-11T19:47:00.000Z,4426.7998046875,4427.1000976562,4426.2001953125,4426.6000976562,25,0.0,0.0,GC=F,NA,NA,USD
2026-08-11T19:48:00.000Z,4426.2001953125,4427.7001953125,4426.1000976562,4427.7001953125,25,0.0,0.0,GC=F,NA,NA,USD
2026-08-11T19:49:00.000Z,4427.7001953125,4429.7001953125,4427.7001953125,4429.3999023438,109,0.0,0.0,GC=F,NA,NA,USD
2026-08-11T19:50:00.000Z,4429.1000976562,4430.0,4428.7001953125,4429.0,72,0.0,0.0,GC=F,NA,NA,USD
2026-08-11T19:51:00.000Z,4429.1000976562,4429.7001953125,4427.5,4428.2001953125,55,0.0,0.0,GC=F,NA,NA,USD
2026-08-11T19:52:00.000Z,4428.0,4428.0,4425.6000976562,4426.0,66,0.0,0.0,GC=F,NA,NA,USD
2026-08-11T19:53:00.000Z,4425.8999023438,4426.5,4425.8999023438,4426.2001953125,14,0.0,0.0,GC=F,NA,NA,USD
2026-08-11T19:54:00.000Z,4425.8999023438,4428.3999023438,4425.7998046875,4428.3999023438,51,0.0,0.0,GC=F,NA,NA,USD
2026-08-11T19:55:00.000Z,4428.2001953125,4430.0,4428.2001953125,4429.7998046875,62,0.0,0.0,GC=F,NA,NA,USD
2026-08-11T19:56:00.000Z,4429.7001953125,4431.7998046875,4429.7001953125,4431.6000976562,96,0.0,0.0,GC=F,NA,NA,USD
2026-08-11T19:57:00.000Z,4431.2001953125,4431.3999023438,4430.6000976562,4430.8999023438,70,0.0,0.0,GC=F,NA,NA,USD
2026-08-11T19:58:00.000Z,4431.2998046875,4431.7998046875,4430.8999023438,4431.5,65,0.0,0.0,GC=F,NA,NA,USD
2026-08-11T19:59:00.000Z,4431.5,4432.1000976562,4429.0,4429.7001953125,296,0.0,0.0,GC=F,NA,NA,USD
2026-08-11T20:00:00.000Z,4429.2998046875,4429.8999023438,4428.8999023438,4429.2998046875,172,0.0,0.0,GC=F,NA,NA,USD
2026-08-11T20:01:00.000Z,4428.7001953125,4428.7001953125,4428.2001953125,4428.3999023438,16,0.0,0.0,GC=F,NA,NA,USD
2026-08-11T20:02:00.000Z,4428.3999023438,4428.3999023438,4427.1000976562,4427.6000976562,21,0.0,0.0,GC=F,NA,NA,USD
2026-08-11T20:03:00.000Z,4427.8999023438,4428.5,4427.3999023438,4428.0,24,0.0,0.0,GC=F,NA,NA,USD
2026-08-11T20:04:00.000Z,4428.2998046875,4428.2998046875,4427.8999023438,4428.1000976562,14,0.0,0.0,GC=F,NA,NA,USD
2026-08-11T20:05:00.000Z,4428.2998046875,4429.2998046875,4428.2001953125,4428.7001953125,14,0.0,0.0,GC=F,NA,NA,USD
2026-08-11T20:06:00.000Z,4428.2998046875,4428.5,4428.2998046875,4428.5,4,0.0,0.0,GC=F,NA,NA,USD
2026-08-11T20:07:00.000Z,4428.2001953125,4428.7998046875,4427.6000976562,4428.3999023438,54,0.0,0.0,GC=F,NA,NA,USD
2026-08-11T20:08:00.000Z,4428.5,4428.5,4428.2998046875,4428.2998046875,3,0.0,0.0,GC=F,NA,NA,USD
2026-08-11T20:09:00.000Z,4429.0,4429.7001953125,4429.0,4429.2001953125,34,0.0,0.0,GC=F,NA,NA,USD
2026-08-11T20:10:00.000Z,4429.0,4430.0,4429.0,4429.3999023438,14,0.0,0.0,GC=F,NA,NA,USD
2026-08-11T20:11:00.000Z,4429.3999023438,4429.3999023438,4429.2998046875,4429.2998046875,3,0.0,0.0,GC=F,NA,NA,USD
2026-08-11T20:12:00.000Z,4429.3999023438,4429.3999023438,4429.3999023438,4429.3999023438,7,0.0,0.0,GC=F,NA,NA,USD
2026-08-11T20:14:00.000Z,4429.6000976562,4429.6000976562,4429.5,4429.5,6,0.0,0.0,GC=F,NA,NA,USD
2026-08-11T20:15:00.000Z,4428.8999023438,4429.2001953125,4428.6000976562,4428.6000976562,5,0.0,0.0,GC=F,NA,NA,USD
2026-08-11T20:16:00.000Z,4428.2001953125,4428.2001953125,4427.7001953125,4428.0,16,0.0,0.0,GC=F,NA,NA,USD
2026-08-11T20:17:00.000Z,4427.7998046875,4427.7998046875,4427.1000976562,4427.5,19,0.0,0.0,GC=F,NA,NA,USD
2026-08-11T20:18:00.000Z,4427.2001953125,4427.2001953125,4426.5,4426.7001953125,15,0.0,0.0,GC=F,NA,NA,USD
2026-08-11T20:19:00.000Z,4426.7001953125,4427.1000976562,4426.7001953125,4426.8999023438,11,0.0,0.0,GC=F,NA,NA,USD
2026-08-11T20:20:00.000Z,4427.1000976562,4427.3999023438,4426.7998046875,4426.8999023438,12,0.0,0.0,GC=F,NA,NA,USD
2026-08-11T20:21:00.000Z,4427.2001953125,4427.2001953125,4426.7998046875,4427.0,9,0.0,0.0,GC=F,NA,NA,USD
2026-08-11T20:22:00.000Z,4427.0,4427.2001953125,4427.0,4427.2001953125,6,0.0,0.0,GC=F,NA,NA,USD
2026-08-11T20:23:00.000Z,4427.7998046875,4428.2001953125,4427.7001953125,4427.7001953125,6,0.0,0.0,GC=F,NA,NA,USD
2026-08-11T20:24:00.000Z,4427.7998046875,4428.8999023438,4427.7998046875,4428.8999023438,8,0.0,0.0,GC=F,NA,NA,USD
2026-08-11T20:25:00.000Z,4428.8999023438,4429.2998046875,4428.8999023438,4429.1000976562,7,0.0,0.0,GC=F,NA,NA,USD
2026-08-11T20:26:00.000Z,4429.0,4429.2998046875,4428.6000976562,4429.2998046875,28,0.0,0.0,GC=F,NA,NA,USD
2026-08-11T20:27:00.000Z,4429.5,4430.0,4429.3999023438,4429.7998046875,30,0.0,0.0,GC=F,NA,NA,USD
2026-08-11T20:28:00.000Z,4429.8999023438,4430.0,4428.8999023438,4429.1000976562,27,0.0,0.0,GC=F,NA,NA,USD
2026-08-11T20:29:00.000Z,4428.7001953125,4429.2998046875,4428.5,4429.2998046875,18,0.0,0.0,GC=F,NA,NA,USD
2026-08-11T20:30:00.000Z,4429.5,4429.5,4428.7998046875,4429.0,7,0.0,0.0,GC=F,NA,NA,USD
2026-08-11T20:31:00.000Z,4429.2998046875,4429.2998046875,4429.0,4429.2001953125,10,0.0,0.0,GC=F,NA,NA,USD
2026-08-11T20:32:00.000Z,4429.3999023438,4429.5,4429.2001953125,4429.2001953125,14,0.0,0.0,GC=F,NA,NA,USD
2026-08-11T20:33:00.000Z,4429.2001953125,4429.2998046875,4428.8999023438,4428.8999023438,7,0.0,0.0,GC=F,NA,NA,USD
2026-08-11T20:34:00.000Z,4428.8999023438,4429.0,4428.7001953125,4429.0,6,0.0,0.0,GC=F,NA,NA,USD
2026-08-11T20:35:00.000Z,4429.1000976562,4429.1000976562,4428.0,4428.7998046875,20,0.0,0.0,GC=F,NA,NA,USD
2026-08-11T20:36:00.000Z,4428.5,4428.5,4428.5,4428.5,2,0.0,0.0,GC=F,NA,NA,USD
2026-08-11T20:37:00.000Z,4428.2001953125,4428.2998046875,4428.2001953125,4428.2998046875,5,0.0,0.0,GC=F,NA,NA,USD
2026-08-11T20:38:00.000Z,4428.3999023438,4428.7998046875,4428.3999023438,4428.7998046875,6,0.0,0.0,GC=F,NA,NA,USD
2026-08-11T20:39:00.000Z,4429.0,4429.0,4428.5,4428.7001953125,5,0.0,0.0,GC=F,NA,NA,USD
2026-08-11T20:40:00.000Z,4428.5,4428.5,4428.2001953125,4428.2998046875,3,0.0,0.0,GC=F,NA,NA,USD
2026-08-11T20:41:00.000Z,4428.2001953125,4428.2001953125,4427.5,4427.5,16,0.0,0.0,GC=F,NA,NA,USD
2026-08-11T20:42:00.000Z,4427.3999023438,4427.5,4427.0,4427.0,14,0.0,0.0,GC=F,NA,NA,USD
2026-08-11T20:43:00.000Z,4426.8999023438,4426.8999023438,4426.6000976562,4426.6000976562,7,0.0,0.0,GC=F,NA,NA,USD
2026-08-11T20:44:00.000Z,4426.6000976562,4427.0,4426.6000976562,4426.7001953125,8,0.0,0.0,GC=F,NA,NA,USD
2026-08-11T20:45:00.000Z,4426.3999023438,4426.8999023438,4426.2001953125,4426.2998046875,21,0.0,0.0,GC=F,NA,NA,USD
2026-08-11T20:46:00.000Z,4426.6000976562,4426.6000976562,4426.3999023438,4426.6000976562,4,0.0,0.0,GC=F,NA,NA,USD
2026-08-11T20:47:00.000Z,4426.3999023438,4426.6000976562,4426.2998046875,4426.6000976562,4,0.0,0.0,GC=F,NA,NA,USD
2026-08-11T20:48:00.000Z,4426.6000976562,4426.7998046875,4426.5,4426.7998046875,8,0.0,0.0,GC=F,NA,NA,USD
2026-08-11T20:49:00.000Z,4426.6000976562,4426.7001953125,4426.1000976562,4426.3999023438,17,0.0,0.0,GC=F,NA,NA,USD
2026-08-11T20:50:00.000Z,4426.6000976562,4426.7998046875,4426.6000976562,4426.6000976562,7,0.0,0.0,GC=F,NA,NA,USD
2026-08-11T20:51:00.000Z,4426.5,4426.5,4426.1000976562,4426.3999023438,12,0.0,0.0,GC=F,NA,NA,USD
2026-08-11T20:52:00.000Z,4426.3999023438,4426.7001953125,4426.2998046875,4426.7001953125,6,0.0,0.0,GC=F,NA,NA,USD
2026-08-11T20:53:00.000Z,4426.7001953125,4427.0,4426.3999023438,4426.3999023438,11,0.0,0.0,GC=F,NA,NA,USD
2026-08-11T20:54:00.000Z,4426.5,4427.0,4426.3999023438,4426.3999023438,7,0.0,0.0,GC=F,NA,NA,USD
2026-08-11T20:55:00.000Z,4427.0,4427.6000976562,4427.0,4427.6000976562,6,0.0,0.0,GC=F,NA,NA,USD
2026-08-11T20:56:00.000Z,4428.0,4428.0,4427.7001953125,4427.7001953125,7,0.0,0.0,GC=F,NA,NA,USD
2026-08-11T20:57:00.000Z,4427.3999023438,4427.3999023438,4426.7001953125,4426.8999023438,11,0.0,0.0,GC=F,NA,NA,USD
2026-08-11T20:58:00.000Z,4426.8999023438,4427.2001953125,4426.8999023438,4427.2001953125,9,0.0,0.0,GC=F,NA,NA,USD
2026-08-11T20:59:00.000Z,4426.7998046875,4428.2998046875,4426.7998046875,4427.7998046875,42,0.0,0.0,GC=F,NA,NA,USD
2026-08-11T22:00:00.000Z,4430.0,4431.2998046875,4427.7998046875,4430.0,0,0.0,0.0,GC=F,NA,NA,USD
2026-08-11T22:01:00.000Z,4430.0,4430.0,4429.1000976562,4429.5,28,0.0,0.0,GC=F,NA,NA,USD
2026-08-11T22:02:00.000Z,4429.3999023438,4430.7001953125,4429.3999023438,4430.6000976562,24,0.0,0.0,GC=F,NA,NA,USD
2026-08-11T22:03:00.000Z,4430.7998046875,4430.7998046875,4429.6000976562,4429.6000976562,12,0.0,0.0,GC=F,NA,NA,USD
2026-08-11T22:04:00.000Z,4429.5,4431.5,4429.5,4431.2998046875,50,0.0,0.0,GC=F,NA,NA,USD
2026-08-11T22:05:00.000Z,4430.8999023438,4431.7998046875,4430.7001953125,4431.5,27,0.0,0.0,GC=F,NA,NA,USD
2026-08-11T22:06:00.000Z,4432.1000976562,4433.0,4431.7998046875,4432.2001953125,23,0.0,0.0,GC=F,NA,NA,USD
2026-08-11T22:07:00.000Z,4432.2001953125,4432.7998046875,4432.2001953125,4432.7998046875,15,0.0,0.0,GC=F,NA,NA,USD
2026-08-11T22:08:00.000Z,4432.7998046875,4432.7998046875,4431.8999023438,4431.8999023438,16,0.0,0.0,GC=F,NA,NA,USD
2026-08-11T22:09:00.000Z,4432.3999023438,4432.7998046875,4432.1000976562,4432.5,48,0.0,0.0,GC=F,NA,NA,USD
2026-08-11T22:10:00.000Z,4432.3999023438,4433.0,4432.3999023438,4433.0,7,0.0,0.0,GC=F,NA,NA,USD
2026-08-11T22:11:00.000Z,4433.0,4433.1000976562,4432.7001953125,4432.8999023438,9,0.0,0.0,GC=F,NA,NA,USD
2026-08-11T22:12:00.000Z,4433.2998046875,4433.5,4432.7001953125,4433.2998046875,13,0.0,0.0,GC=F,NA,NA,USD
2026-08-11T22:13:00.000Z,4433.1000976562,4433.6000976562,4432.8999023438,4433.6000976562,7,0.0,0.0,GC=F,NA,NA,USD
2026-08-11T22:14:00.000Z,4433.2001953125,4433.5,4432.1000976562,4432.2001953125,30,0.0,0.0,GC=F,NA,NA,USD
2026-08-11T22:15:00.000Z,4432.3999023438,4432.7998046875,4431.5,4432.2001953125,64,0.0,0.0,GC=F,NA,NA,USD
2026-08-11T22:16:00.000Z,4431.8999023438,4432.5,4431.7998046875,4432.5,41,0.0,0.0,GC=F,NA,NA,USD
2026-08-11T22:17:00.000Z,4432.2001953125,4432.7001953125,4431.8999023438,4432.3999023438,57,0.0,0.0,GC=F,NA,NA,USD
2026-08-11T22:18:00.000Z,4432.6000976562,4433.2998046875,4432.6000976562,4433.1000976562,54,0.0,0.0,GC=F,NA,NA,USD
2026-08-11T22:19:00.000Z,4433.1000976562,4433.3999023438,4432.5,4432.7998046875,43,0.0,0.0,GC=F,NA,NA,USD
2026-08-11T22:20:00.000Z,4433.0,4434.1000976562,4432.8999023438,4434.1000976562,41,0.0,0.0,GC=F,NA,NA,USD
2026-08-11T22:21:00.000Z,4433.8999023438,4434.3999023438,4433.2998046875,4433.6000976562,66,0.0,0.0,GC=F,NA,NA,USD
2026-08-11T22:22:00.000Z,4433.3999023438,4434.7001953125,4433.3999023438,4434.2001953125,88,0.0,0.0,GC=F,NA,NA,USD
2026-08-11T22:23:00.000Z,4434.2001953125,4434.2001953125,4433.1000976562,4433.1000976562,29,0.0,0.0,GC=F,NA,NA,USD
2026-08-11T22:24:00.000Z,4433.3999023438,4434.5,4433.2001953125,4434.2001953125,28,0.0,0.0,GC=F,NA,NA,USD
2026-08-11T22:25:00.000Z,4434.2001953125,4434.3999023438,4434.0,4434.1000976562,17,0.0,0.0,GC=F,NA,NA,USD
2026-08-11T22:26:00.000Z,4434.1000976562,4434.8999023438,4434.1000976562,4434.6000976562,34,0.0,0.0,GC=F,NA,NA,USD
2026-08-11T22:27:00.000Z,4434.2001953125,4434.7998046875,4434.0,4434.7998046875,16,0.0,0.0,GC=F,NA,NA,USD
2026-08-11T22:28:00.000Z,4434.7998046875,4435.2001953125,4434.3999023438,4434.7001953125,50,0.0,0.0,GC=F,NA,NA,USD
2026-08-11T22:29:00.000Z,4434.7998046875,4435.1000976562,4434.2998046875,4434.8999023438,45,0.0,0.0,GC=F,NA,NA,USD
2026-08-11T22:30:00.000Z,4434.8999023438,4435.0,4434.5,4434.7998046875,40,0.0,0.0,GC=F,NA,NA,USD
2026-08-11T22:31:00.000Z,4434.7001953125,4436.0,4434.7001953125,4435.5,107,0.0,0.0,GC=F,NA,NA,USD
2026-08-11T22:32:00.000Z,4435.3999023438,4436.2998046875,4435.2001953125,4436.0,56,0.0,0.0,GC=F,NA,NA,USD
2026-08-11T22:33:00.000Z,4435.7001953125,4436.0,4435.1000976562,4435.1000976562,43,0.0,0.0,GC=F,NA,NA,USD
2026-08-11T22:34:00.000Z,4435.1000976562,4435.8999023438,4434.7998046875,4435.3999023438,46,0.0,0.0,GC=F,NA,NA,USD
2026-08-11T22:35:00.000Z,4435.1000976562,4435.7998046875,4434.2998046875,4434.3999023438,42,0.0,0.0,GC=F,NA,NA,USD
2026-08-11T22:36:00.000Z,4434.7998046875,4435.2998046875,4434.7001953125,4435.2998046875,36,0.0,0.0,GC=F,NA,NA,USD
2026-08-11T22:37:00.000Z,4434.8999023438,4435.2998046875,4434.5,4435.1000976562,48,0.0,0.0,GC=F,NA,NA,USD
2026-08-11T22:38:00.000Z,4435.1000976562,4435.2998046875,4434.7998046875,4435.0,20,0.0,0.0,GC=F,NA,NA,USD
2026-08-11T22:39:00.000Z,4434.8999023438,4434.8999023438,4434.6000976562,4434.7998046875,20,0.0,0.0,GC=F,NA,NA,USD
2026-08-11T22:40:00.000Z,4434.8999023438,4435.0,4434.2001953125,4434.6000976562,35,0.0,0.0,GC=F,NA,NA,USD
2026-08-11T22:41:00.000Z,4434.5,4434.7001953125,4434.2001953125,4434.7001953125,8,0.0,0.0,GC=F,NA,NA,USD
2026-08-11T22:42:00.000Z,4434.3999023438,4434.5,4434.3999023438,4434.3999023438,12,0.0,0.0,GC=F,NA,NA,USD
2026-08-11T22:43:00.000Z,4434.5,4434.6000976562,4433.5,4433.7001953125,89,0.0,0.0,GC=F,NA,NA,USD
2026-08-11T22:44:00.000Z,4433.6000976562,4434.7001953125,4433.5,4434.5,96,0.0,0.0,GC=F,NA,NA,USD
2026-08-11T22:45:00.000Z,4435.0,4436.7001953125,4435.0,4436.2001953125,87,0.0,0.0,GC=F,NA,NA,USD
2026-08-11T22:46:00.000Z,4436.1000976562,4436.7998046875,4435.2998046875,4435.8999023438,93,0.0,0.0,GC=F,NA,NA,USD
2026-08-11T22:47:00.000Z,4435.7001953125,4436.2001953125,4435.5,4435.7998046875,63,0.0,0.0,GC=F,NA,NA,USD
2026-08-11T22:48:00.000Z,4436.0,4437.7998046875,4435.0,4435.1000976562,207,0.0,0.0,GC=F,NA,NA,USD
2026-08-11T22:49:00.000Z,4435.1000976562,4435.1000976562,4432.7001953125,4433.5,91,0.0,0.0,GC=F,NA,NA,USD
2026-08-11T22:50:00.000Z,4433.7001953125,4434.2998046875,4432.5,4432.7998046875,86,0.0,0.0,GC=F,NA,NA,USD
2026-08-11T22:51:00.000Z,4433.0,4433.0,4429.5,4430.1000976562,244,0.0,0.0,GC=F,NA,NA,USD
2026-08-11T22:52:00.000Z,4430.2001953125,4432.2001953125,4430.2001953125,4431.0,85,0.0,0.0,GC=F,NA,NA,USD
2026-08-11T22:53:00.000Z,4430.7001953125,4432.6000976562,4430.6000976562,4432.5,37,0.0,0.0,GC=F,NA,NA,USD
2026-08-11T22:54:00.000Z,4432.5,4434.0,4430.7998046875,4433.0,153,0.0,0.0,GC=F,NA,NA,USD
2026-08-11T22:55:00.000Z,4433.2001953125,4433.8999023438,4430.6000976562,4430.7001953125,113,0.0,0.0,GC=F,NA,NA,USD
2026-08-11T22:56:00.000Z,4430.8999023438,4430.8999023438,4427.6000976562,4427.8999023438,88,0.0,0.0,GC=F,NA,NA,USD
2026-08-11T22:57:00.000Z,4427.7998046875,4429.2998046875,4426.1000976562,4428.2998046875,142,0.0,0.0,GC=F,NA,NA,USD
2026-08-11T22:58:00.000Z,4428.3999023438,4429.7998046875,4428.3999023438,4428.7001953125,10,0.0,0.0,GC=F,NA,NA,USD
2026-08-11T22:59:00.000Z,4429.3999023438,4429.5,4427.7998046875,4427.8999023438,27,0.0,0.0,GC=F,NA,NA,USD
2026-08-11T23:00:00.000Z,4428.7001953125,4428.7001953125,4427.1000976562,4427.7001953125,40,0.0,0.0,GC=F,NA,NA,USD
2026-08-11T23:01:00.000Z,4427.7998046875,4428.0,4426.7001953125,4426.7001953125,34,0.0,0.0,GC=F,NA,NA,USD
2026-08-11T23:02:00.000Z,4427.0,4427.6000976562,4425.1000976562,4426.5,215,0.0,0.0,GC=F,NA,NA,USD
2026-08-11T23:03:00.000Z,4426.2001953125,4428.5,4425.1000976562,4426.8999023438,181,0.0,0.0,GC=F,NA,NA,USD
2026-08-11T23:04:00.000Z,4426.7998046875,4427.3999023438,4422.6000976562,4423.7001953125,163,0.0,0.0,GC=F,NA,NA,USD
2026-08-11T23:05:00.000Z,4424.0,4425.3999023438,4423.1000976562,4423.3999023438,96,0.0,0.0,GC=F,NA,NA,USD
2026-08-11T23:06:00.000Z,4423.3999023438,4425.1000976562,4421.3999023438,4424.8999023438,208,0.0,0.0,GC=F,NA,NA,USD
2026-08-11T23:07:00.000Z,4424.7001953125,4428.5,4424.1000976562,4427.6000976562,124,0.0,0.0,GC=F,NA,NA,USD
2026-08-11T23:08:00.000Z,4427.2001953125,4427.2001953125,4424.2998046875,4425.1000976562,83,0.0,0.0,GC=F,NA,NA,USD
2026-08-11T23:09:00.000Z,4424.7001953125,4424.8999023438,4422.8999023438,4423.6000976562,63,0.0,0.0,GC=F,NA,NA,USD
2026-08-11T23:10:00.000Z,4423.7001953125,4424.5,4423.3999023438,4424.0,80,0.0,0.0,GC=F,NA,NA,USD
2026-08-11T23:11:00.000Z,4423.6000976562,4427.3999023438,4423.5,4426.5,133,0.0,0.0,GC=F,NA,NA,USD
2026-08-11T23:12:00.000Z,4426.2001953125,4426.2001953125,4425.0,4426.0,77,0.0,0.0,GC=F,NA,NA,USD
2026-08-11T23:13:00.000Z,4426.3999023438,4428.7001953125,4425.0,4425.3999023438,94,0.0,0.0,GC=F,NA,NA,USD
2026-08-11T23:14:00.000Z,4425.3999023438,4425.5,4424.1000976562,4425.3999023438,87,0.0,0.0,GC=F,NA,NA,USD
2026-08-11T23:15:00.000Z,4424.7001953125,4426.3999023438,4424.0,4425.0,111,0.0,0.0,GC=F,NA,NA,USD
2026-08-11T23:16:00.000Z,4424.8999023438,4430.0,4424.8999023438,4429.5,141,0.0,0.0,GC=F,NA,NA,USD
2026-08-11T23:17:00.000Z,4429.2001953125,4429.2001953125,4428.1000976562,4428.2998046875,21,0.0,0.0,GC=F,NA,NA,USD
2026-08-11T23:18:00.000Z,4427.8999023438,4430.1000976562,4427.6000976562,4430.0,49,0.0,0.0,GC=F,NA,NA,USD
2026-08-11T23:19:00.000Z,4430.0,4430.2998046875,4429.5,4429.5,27,0.0,0.0,GC=F,NA,NA,USD
2026-08-11T23:20:00.000Z,4429.6000976562,4431.6000976562,4429.6000976562,4431.0,29,0.0,0.0,GC=F,NA,NA,USD
2026-08-11T23:21:00.000Z,4431.1000976562,4431.1000976562,4430.0,4430.2001953125,11,0.0,0.0,GC=F,NA,NA,USD
2026-08-11T23:22:00.000Z,4430.2001953125,4432.1000976562,4429.8999023438,4432.1000976562,36,0.0,0.0,GC=F,NA,NA,USD
2026-08-11T23:23:00.000Z,4431.3999023438,4433.0,4431.1000976562,4431.2001953125,92,0.0,0.0,GC=F,NA,NA,USD
2026-08-11T23:24:00.000Z,4431.2001953125,4432.2001953125,4430.2998046875,4431.2001953125,61,0.0,0.0,GC=F,NA,NA,USD
2026-08-11T23:25:00.000Z,4431.0,4432.0,4428.7001953125,4429.7001953125,97,0.0,0.0,GC=F,NA,NA,USD
2026-08-11T23:26:00.000Z,4429.2001953125,4429.7001953125,4426.7001953125,4429.7001953125,107,0.0,0.0,GC=F,NA,NA,USD
2026-08-11T23:27:00.000Z,4429.7998046875,4429.8999023438,4428.7998046875,4428.7998046875,33,0.0,0.0,GC=F,NA,NA,USD
2026-08-11T23:28:00.000Z,4429.1000976562,4431.7001953125,4428.7998046875,4431.0,81,0.0,0.0,GC=F,NA,NA,USD
2026-08-11T23:29:00.000Z,4431.3999023438,4432.8999023438,4430.7998046875,4431.6000976562,172,0.0,0.0,GC=F,NA,NA,USD
2026-08-11T23:30:00.000Z,4431.5,4431.6000976562,4430.2001953125,4431.0,86,0.0,0.0,GC=F,NA,NA,USD
2026-08-11T23:31:00.000Z,4431.2998046875,4431.3999023438,4429.7001953125,4430.6000976562,109,0.0,0.0,GC=F,NA,NA,USD
2026-08-11T23:32:00.000Z,4430.7998046875,4431.0,4427.1000976562,4427.7001953125,157,0.0,0.0,GC=F,NA,NA,USD
2026-08-11T23:33:00.000Z,4427.3999023438,4427.7001953125,4425.6000976562,4426.7998046875,37,0.0,0.0,GC=F,NA,NA,USD
2026-08-11T23:34:00.000Z,4426.6000976562,4427.6000976562,4426.3999023438,4427.6000976562,26,0.0,0.0,GC=F,NA,NA,USD
2026-08-11T23:35:00.000Z,4427.2001953125,4427.2001953125,4426.6000976562,4426.6000976562,9,0.0,0.0,GC=F,NA,NA,USD
2026-08-11T23:36:00.000Z,4426.3999023438,4427.0,4426.3999023438,4427.0,7,0.0,0.0,GC=F,NA,NA,USD
2026-08-11T23:37:00.000Z,4427.3999023438,4427.3999023438,4427.2001953125,4427.2001953125,3,0.0,0.0,GC=F,NA,NA,USD
2026-08-11T23:38:00.000Z,4427.3999023438,4427.7998046875,4427.3999023438,4427.7998046875,8,0.0,0.0,GC=F,NA,NA,USD
2026-08-11T23:39:00.000Z,4427.5,4427.5,4426.6000976562,4426.7001953125,16,0.0,0.0,GC=F,NA,NA,USD
2026-08-11T23:40:00.000Z,4427.2001953125,4427.2001953125,4427.2001953125,4427.2001953125,1,0.0,0.0,GC=F,NA,NA,USD
2026-08-11T23:42:00.000Z,4427.0,4427.1000976562,4427.0,4427.1000976562,2,0.0,0.0,GC=F,NA,NA,USD
2026-08-11T23:43:00.000Z,4427.2001953125,4427.2001953125,4426.2001953125,4426.6000976562,27,0.0,0.0,GC=F,NA,NA,USD
2026-08-11T23:44:00.000Z,4426.7001953125,4427.0,4426.7001953125,4426.7001953125,8,0.0,0.0,GC=F,NA,NA,USD
2026-08-11T23:45:00.000Z,4427.0,4429.2998046875,4427.0,4428.8999023438,55,0.0,0.0,GC=F,NA,NA,USD
2026-08-11T23:46:00.000Z,4429.5,4429.5,4428.7998046875,4429.0,10,0.0,0.0,GC=F,NA,NA,USD
2026-08-11T23:47:00.000Z,4429.0,4429.0,4428.7001953125,4428.7001953125,2,0.0,0.0,GC=F,NA,NA,USD
2026-08-11T23:48:00.000Z,4428.2998046875,4428.2998046875,4427.1000976562,4427.1000976562,17,0.0,0.0,GC=F,NA,NA,USD
2026-08-11T23:49:00.000Z,4427.6000976562,4428.2001953125,4427.6000976562,4428.2001953125,8,0.0,0.0,GC=F,NA,NA,USD
2026-08-11T23:51:00.000Z,4427.6000976562,4428.1000976562,4427.6000976562,4428.1000976562,2,0.0,0.0,GC=F,NA,NA,USD
2026-08-11T23:52:00.000Z,4428.0,4428.0,4427.3999023438,4427.8999023438,8,0.0,0.0,GC=F,NA,NA,USD
2026-08-11T23:53:00.000Z,4427.5,4428.6000976562,4427.2001953125,4427.6000976562,30,0.0,0.0,GC=F,NA,NA,USD
2026-08-11T23:54:00.000Z,4427.6000976562,4428.7001953125,4427.6000976562,4428.7001953125,15,0.0,0.0,GC=F,NA,NA,USD
2026-08-11T23:55:00.000Z,4429.2998046875,4429.5,4428.8999023438,4429.2001953125,18,0.0,0.0,GC=F,NA,NA,USD
2026-08-11T23:56:00.000Z,4429.6000976562,4430.7001953125,4429.6000976562,4430.2998046875,22,0.0,0.0,GC=F,NA,NA,USD
2026-08-11T23:57:00.000Z,4430.2998046875,4430.2998046875,4429.2998046875,4429.5,13,0.0,0.0,GC=F,NA,NA,USD
2026-08-11T23:58:00.000Z,4430.0,4431.0,4430.0,4431.0,15,0.0,0.0,GC=F,NA,NA,USD
2026-08-11T23:59:00.000Z,4430.7001953125,4430.7001953125,4430.3999023438,4430.3999023438,5,0.0,0.0,GC=F,NA,NA,USD
2026-08-12T00:00:00.000Z,4430.6000976562,4430.6000976562,4427.5,4427.8999023438,79,0.0,0.0,GC=F,NA,NA,USD
2026-08-12T00:01:00.000Z,4428.0,4428.1000976562,4426.0,4426.7001953125,118,0.0,0.0,GC=F,NA,NA,USD
2026-08-12T00:02:00.000Z,4427.2001953125,4428.0,4426.0,4427.7998046875,60,0.0,0.0,GC=F,NA,NA,USD
2026-08-12T00:03:00.000Z,4428.2001953125,4429.7001953125,4428.2001953125,4429.7001953125,14,0.0,0.0,GC=F,NA,NA,USD
2026-08-12T00:04:00.000Z,4430.0,4430.0,4427.7001953125,4427.7001953125,33,0.0,0.0,GC=F,NA,NA,USD
2026-08-12T00:05:00.000Z,4428.0,4429.5,4428.0,4428.7998046875,16,0.0,0.0,GC=F,NA,NA,USD
2026-08-12T00:07:00.000Z,4428.5,4429.5,4427.1000976562,4428.6000976562,84,0.0,0.0,GC=F,NA,NA,USD
2026-08-12T00:08:00.000Z,4428.8999023438,4430.2001953125,4428.8999023438,4429.7998046875,36,0.0,0.0,GC=F,NA,NA,USD
2026-08-12T00:09:00.000Z,4429.5,4430.2998046875,4429.2998046875,4430.2998046875,33,0.0,0.0,GC=F,NA,NA,USD
2026-08-12T00:10:00.000Z,4430.2001953125,4430.7001953125,4429.7001953125,4430.6000976562,12,0.0,0.0,GC=F,NA,NA,USD
2026-08-12T00:11:00.000Z,4430.2998046875,4430.8999023438,4429.7001953125,4430.2998046875,13,0.0,0.0,GC=F,NA,NA,USD
2026-08-12T00:12:00.000Z,4430.2998046875,4433.7998046875,4429.7001953125,4433.0,72,0.0,0.0,GC=F,NA,NA,USD
2026-08-12T00:13:00.000Z,4433.6000976562,4436.1000976562,4433.5,4435.8999023438,65,0.0,0.0,GC=F,NA,NA,USD
2026-08-12T00:14:00.000Z,4435.7001953125,4438.3999023438,4435.5,4437.5,78,0.0,0.0,GC=F,NA,NA,USD
2026-08-12T00:15:00.000Z,4437.2998046875,4437.7001953125,4433.2001953125,4434.1000976562,92,0.0,0.0,GC=F,NA,NA,USD
2026-08-12T00:16:00.000Z,4434.5,4434.8999023438,4433.8999023438,4434.1000976562,23,0.0,0.0,GC=F,NA,NA,USD
2026-08-12T00:17:00.000Z,4434.3999023438,4435.3999023438,4434.3999023438,4435.2998046875,23,0.0,0.0,GC=F,NA,NA,USD
2026-08-12T00:18:00.000Z,4435.2998046875,4437.0,4435.1000976562,4436.2998046875,61,0.0,0.0,GC=F,NA,NA,USD
2026-08-12T00:19:00.000Z,4436.0,4439.2001953125,4436.0,4439.2001953125,60,0.0,0.0,GC=F,NA,NA,USD
2026-08-12T00:20:00.000Z,4439.3999023438,4439.7998046875,4438.5,4438.6000976562,45,0.0,0.0,GC=F,NA,NA,USD
2026-08-12T00:21:00.000Z,4438.5,4439.0,4437.8999023438,4438.7001953125,30,0.0,0.0,GC=F,NA,NA,USD
2026-08-12T00:22:00.000Z,4439.0,4439.2998046875,4436.8999023438,4437.5,15,0.0,0.0,GC=F,NA,NA,USD
2026-08-12T00:23:00.000Z,4437.0,4438.0,4436.7998046875,4437.8999023438,14,0.0,0.0,GC=F,NA,NA,USD
2026-08-12T00:24:00.000Z,4437.7998046875,4438.3999023438,4437.7998046875,4438.3999023438,14,0.0,0.0,GC=F,NA,NA,USD
2026-08-12T00:25:00.000Z,4438.2001953125,4438.6000976562,4438.0,4438.2001953125,11,0.0,0.0,GC=F,NA,NA,USD
2026-08-12T00:26:00.000Z,4438.0,4438.3999023438,4437.2998046875,4437.2998046875,14,0.0,0.0,GC=F,NA,NA,USD
2026-08-12T00:27:00.000Z,4437.5,4438.8999023438,4437.1000976562,4438.3999023438,34,0.0,0.0,GC=F,NA,NA,USD
2026-08-12T00:28:00.000Z,4438.5,4439.7001953125,4438.5,4439.2998046875,46,0.0,0.0,GC=F,NA,NA,USD
2026-08-12T00:29:00.000Z,4439.1000976562,4440.5,4438.8999023438,4440.0,67,0.0,0.0,GC=F,NA,NA,USD
2026-08-12T00:30:00.000Z,4440.5,4441.6000976562,4439.7998046875,4439.8999023438,128,0.0,0.0,GC=F,NA,NA,USD
2026-08-12T00:31:00.000Z,4440.0,4440.6000976562,4438.7998046875,4440.2001953125,109,0.0,0.0,GC=F,NA,NA,USD
2026-08-12T00:32:00.000Z,4440.2998046875,4442.7998046875,4440.2998046875,4442.2001953125,93,0.0,0.0,GC=F,NA,NA,USD
2026-08-12T00:33:00.000Z,4442.0,4442.0,4440.8999023438,4441.2001953125,29,0.0,0.0,GC=F,NA,NA,USD
2026-08-12T00:34:00.000Z,4440.8999023438,4441.2001953125,4440.5,4440.7001953125,18,0.0,0.0,GC=F,NA,NA,USD
2026-08-12T00:35:00.000Z,4441.0,4441.8999023438,4440.7998046875,4441.1000976562,30,0.0,0.0,GC=F,NA,NA,USD
2026-08-12T00:36:00.000Z,4441.3999023438,4442.8999023438,4441.3999023438,4442.7001953125,35,0.0,0.0,GC=F,NA,NA,USD
2026-08-12T00:37:00.000Z,4442.1000976562,4442.3999023438,4441.2998046875,4441.5,23,0.0,0.0,GC=F,NA,NA,USD
2026-08-12T00:38:00.000Z,4441.3999023438,4441.3999023438,4440.7998046875,4440.7998046875,41,0.0,0.0,GC=F,NA,NA,USD
2026-08-12T00:39:00.000Z,4441.0,4442.1000976562,4440.3999023438,4440.7001953125,44,0.0,0.0,GC=F,NA,NA,USD
2026-08-12T00:40:00.000Z,4441.2998046875,4442.6000976562,4441.2998046875,4442.2998046875,30,0.0,0.0,GC=F,NA,NA,USD
2026-08-12T00:41:00.000Z,4442.0,4442.2998046875,4441.2998046875,4441.7001953125,23,0.0,0.0,GC=F,NA,NA,USD
2026-08-12T00:42:00.000Z,4442.0,4442.3999023438,4441.2998046875,4441.3999023438,19,0.0,0.0,GC=F,NA,NA,USD
2026-08-12T00:43:00.000Z,4441.0,4441.2001953125,4440.3999023438,4441.1000976562,37,0.0,0.0,GC=F,NA,NA,USD
2026-08-12T00:44:00.000Z,4441.2001953125,4442.5,4441.2001953125,4442.3999023438,19,0.0,0.0,GC=F,NA,NA,USD
2026-08-12T00:45:00.000Z,4442.2998046875,4442.5,4440.7998046875,4441.2998046875,22,0.0,0.0,GC=F,NA,NA,USD
2026-08-12T00:46:00.000Z,4440.7998046875,4441.7998046875,4440.5,4441.7998046875,27,0.0,0.0,GC=F,NA,NA,USD
2026-08-12T00:47:00.000Z,4441.1000976562,4441.7001953125,4440.7001953125,4440.7998046875,14,0.0,0.0,GC=F,NA,NA,USD
2026-08-12T00:48:00.000Z,4440.5,4441.2001953125,4440.5,4441.2001953125,9,0.0,0.0,GC=F,NA,NA,USD
2026-08-12T00:49:00.000Z,4441.3999023438,4441.7001953125,4440.7998046875,4440.8999023438,13,0.0,0.0,GC=F,NA,NA,USD
2026-08-12T00:50:00.000Z,4441.0,4441.3999023438,4440.1000976562,4440.1000976562,26,0.0,0.0,GC=F,NA,NA,USD
2026-08-12T00:51:00.000Z,4440.1000976562,4440.2001953125,4439.2998046875,4439.7998046875,36,0.0,0.0,GC=F,NA,NA,USD
2026-08-12T00:52:00.000Z,4440.0,4440.5,4440.0,4440.5,6,0.0,0.0,GC=F,NA,NA,USD
2026-08-12T00:53:00.000Z,4440.0,4440.0,4439.1000976562,4439.1000976562,15,0.0,0.0,GC=F,NA,NA,USD
2026-08-12T00:54:00.000Z,4439.2998046875,4439.5,4437.5,4438.0,94,0.0,0.0,GC=F,NA,NA,USD
2026-08-12T00:55:00.000Z,4437.5,4438.3999023438,4437.5,4437.8999023438,20,0.0,0.0,GC=F,NA,NA,USD
2026-08-12T00:56:00.000Z,4437.6000976562,4438.6000976562,4437.2001953125,4438.6000976562,39,0.0,0.0,GC=F,NA,NA,USD
2026-08-12T00:57:00.000Z,4438.7998046875,4439.7998046875,4438.7001953125,4439.3999023438,29,0.0,0.0,GC=F,NA,NA,USD
2026-08-12T00:58:00.000Z,4439.2998046875,4440.1000976562,4439.2998046875,4439.7001953125,23,0.0,0.0,GC=F,NA,NA,USD
2026-08-12T00:59:00.000Z,4439.1000976562,4441.1000976562,4438.7001953125,4440.2001953125,46,0.0,0.0,GC=F,NA,NA,USD
2026-08-12T01:00:00.000Z,4440.2998046875,4443.7998046875,4438.0,4438.0,329,0.0,0.0,GC=F,NA,NA,USD
2026-08-12T01:01:00.000Z,4438.3999023438,4441.5,4438.3999023438,4439.7001953125,94,0.0,0.0,GC=F,NA,NA,USD
2026-08-12T01:02:00.000Z,4439.2998046875,4442.8999023438,4438.0,4440.2998046875,94,0.0,0.0,GC=F,NA,NA,USD
2026-08-12T01:03:00.000Z,4440.6000976562,4445.0,4440.1000976562,4443.7001953125,101,0.0,0.0,GC=F,NA,NA,USD
2026-08-12T01:04:00.000Z,4443.3999023438,4444.5,4442.5,4443.3999023438,65,0.0,0.0,GC=F,NA,NA,USD
2026-08-12T01:05:00.000Z,4444.2001953125,4446.2001953125,4441.8999023438,4446.0,96,0.0,0.0,GC=F,NA,NA,USD
2026-08-12T01:06:00.000Z,4446.2001953125,4447.2998046875,4445.2998046875,4447.0,94,0.0,0.0,GC=F,NA,NA,USD
2026-08-12T01:07:00.000Z,4446.8999023438,4447.2998046875,4444.1000976562,4444.8999023438,81,0.0,0.0,GC=F,NA,NA,USD
2026-08-12T01:08:00.000Z,4444.7998046875,4446.6000976562,4444.7001953125,4445.2998046875,37,0.0,0.0,GC=F,NA,NA,USD
2026-08-12T01:09:00.000Z,4445.3999023438,4447.1000976562,4445.3999023438,4447.1000976562,39,0.0,0.0,GC=F,NA,NA,USD
2026-08-12T01:10:00.000Z,4446.6000976562,4449.0,4446.6000976562,4448.2998046875,199,0.0,0.0,GC=F,NA,NA,USD
2026-08-12T01:11:00.000Z,4448.1000976562,4449.6000976562,4447.3999023438,4449.3999023438,66,0.0,0.0,GC=F,NA,NA,USD
2026-08-12T01:12:00.000Z,4449.5,4450.2001953125,4449.0,4449.8999023438,134,0.0,0.0,GC=F,NA,NA,USD
2026-08-12T01:13:00.000Z,4450.2001953125,4450.2001953125,4449.1000976562,4449.2998046875,99,0.0,0.0,GC=F,NA,NA,USD
2026-08-12T01:14:00.000Z,4449.6000976562,4450.0,4449.5,4449.6000976562,21,0.0,0.0,GC=F,NA,NA,USD
2026-08-12T01:15:00.000Z,4450.2001953125,4450.2001953125,4446.2001953125,4447.6000976562,248,0.0,0.0,GC=F,NA,NA,USD
2026-08-12T01:16:00.000Z,4447.7998046875,4449.1000976562,4447.5,4448.7001953125,37,0.0,0.0,GC=F,NA,NA,USD
2026-08-12T01:17:00.000Z,4449.2001953125,4451.5,4449.2001953125,4449.7001953125,118,0.0,0.0,GC=F,NA,NA,USD
2026-08-12T01:18:00.000Z,4449.5,4449.7001953125,4447.8999023438,4447.8999023438,43,0.0,0.0,GC=F,NA,NA,USD
2026-08-12T01:19:00.000Z,4448.0,4451.1000976562,4447.7001953125,4450.7998046875,55,0.0,0.0,GC=F,NA,NA,USD
2026-08-12T01:20:00.000Z,4450.8999023438,4454.0,4450.7001953125,4453.2001953125,191,0.0,0.0,GC=F,NA,NA,USD
2026-08-12T01:21:00.000Z,4452.8999023438,4453.2998046875,4449.3999023438,4450.1000976562,101,0.0,0.0,GC=F,NA,NA,USD
2026-08-12T01:22:00.000Z,4451.0,4451.1000976562,4448.8999023438,4449.2001953125,34,0.0,0.0,GC=F,NA,NA,USD
2026-08-12T01:23:00.000Z,4449.2998046875,4450.5,4448.7998046875,4450.0,49,0.0,0.0,GC=F,NA,NA,USD
2026-08-12T01:24:00.000Z,4450.0,4450.5,4449.2001953125,4450.5,20,0.0,0.0,GC=F,NA,NA,USD
2026-08-12T01:25:00.000Z,4450.1000976562,4450.5,4449.7998046875,4450.1000976562,13,0.0,0.0,GC=F,NA,NA,USD
2026-08-12T01:26:00.000Z,4450.0,4450.2001953125,4449.2001953125,4449.7998046875,29,0.0,0.0,GC=F,NA,NA,USD
2026-08-12T01:27:00.000Z,4449.7998046875,4451.5,4449.7998046875,4451.0,45,0.0,0.0,GC=F,NA,NA,USD
2026-08-12T01:28:00.000Z,4450.7001953125,4450.7998046875,4449.3999023438,4450.2998046875,23,0.0,0.0,GC=F,NA,NA,USD
2026-08-12T01:29:00.000Z,4450.2001953125,4450.6000976562,4449.5,4450.0,32,0.0,0.0,GC=F,NA,NA,USD
2026-08-12T01:30:00.000Z,4450.1000976562,4450.7998046875,4449.2001953125,4449.2001953125,26,0.0,0.0,GC=F,NA,NA,USD
2026-08-12T01:31:00.000Z,4449.2001953125,4450.0,4448.5,4449.3999023438,39,0.0,0.0,GC=F,NA,NA,USD
2026-08-12T01:32:00.000Z,4448.7001953125,4448.7998046875,4446.5,4447.5,126,0.0,0.0,GC=F,NA,NA,USD
2026-08-12T01:33:00.000Z,4447.2001953125,4447.5,4445.3999023438,4446.1000976562,139,0.0,0.0,GC=F,NA,NA,USD
2026-08-12T01:34:00.000Z,4446.7001953125,4447.2001953125,4446.2001953125,4447.1000976562,55,0.0,0.0,GC=F,NA,NA,USD
2026-08-12T01:35:00.000Z,4446.6000976562,4446.6000976562,4444.7001953125,4445.3999023438,70,0.0,0.0,GC=F,NA,NA,USD
2026-08-12T01:36:00.000Z,4446.0,4448.5,4446.0,4448.0,69,0.0,0.0,GC=F,NA,NA,USD
2026-08-12T01:37:00.000Z,4448.7001953125,4451.0,4446.0,4446.3999023438,189,0.0,0.0,GC=F,NA,NA,USD
2026-08-12T01:38:00.000Z,4446.2001953125,4446.2998046875,4445.3999023438,4446.1000976562,32,0.0,0.0,GC=F,NA,NA,USD
2026-08-12T01:39:00.000Z,4446.6000976562,4447.2001953125,4446.0,4446.7998046875,33,0.0,0.0,GC=F,NA,NA,USD
2026-08-12T01:40:00.000Z,4447.1000976562,4447.8999023438,4447.1000976562,4447.3999023438,15,0.0,0.0,GC=F,NA,NA,USD
2026-08-12T01:41:00.000Z,4447.7001953125,4449.0,4446.7001953125,4448.1000976562,53,0.0,0.0,GC=F,NA,NA,USD
2026-08-12T01:42:00.000Z,4448.2001953125,4450.2001953125,4448.2001953125,4450.0,53,0.0,0.0,GC=F,NA,NA,USD
2026-08-12T01:43:00.000Z,4450.2998046875,4452.1000976562,4448.8999023438,4452.0,82,0.0,0.0,GC=F,NA,NA,USD
2026-08-12T01:44:00.000Z,4451.8999023438,4452.8999023438,4450.7001953125,4452.3999023438,82,0.0,0.0,GC=F,NA,NA,USD
2026-08-12T01:45:00.000Z,4452.5,4453.0,4451.0,4451.0,56,0.0,0.0,GC=F,NA,NA,USD
2026-08-12T01:46:00.000Z,4450.8999023438,4451.3999023438,4450.7998046875,4451.2001953125,17,0.0,0.0,GC=F,NA,NA,USD
2026-08-12T01:47:00.000Z,4452.2001953125,4453.8999023438,4451.2998046875,4453.2998046875,95,0.0,0.0,GC=F,NA,NA,USD
2026-08-12T01:48:00.000Z,4453.7001953125,4455.7998046875,4453.7001953125,4454.7998046875,164,0.0,0.0,GC=F,NA,NA,USD
2026-08-12T01:49:00.000Z,4455.0,4455.2001953125,4454.2998046875,4454.5,50,0.0,0.0,GC=F,NA,NA,USD
2026-08-12T01:50:00.000Z,4454.8999023438,4456.3999023438,4454.8999023438,4456.2001953125,122,0.0,0.0,GC=F,NA,NA,USD
2026-08-12T01:51:00.000Z,4456.5,4456.7998046875,4455.1000976562,4455.1000976562,78,0.0,0.0,GC=F,NA,NA,USD
2026-08-12T01:52:00.000Z,4454.5,4456.1000976562,4454.3999023438,4455.7001953125,37,0.0,0.0,GC=F,NA,NA,USD
2026-08-12T01:53:00.000Z,4455.5,4456.5,4454.7998046875,4454.7998046875,43,0.0,0.0,GC=F,NA,NA,USD
2026-08-12T01:54:00.000Z,4454.7998046875,4455.5,4454.2998046875,4454.6000976562,82,0.0,0.0,GC=F,NA,NA,USD
2026-08-12T01:55:00.000Z,4454.7998046875,4454.7998046875,4453.5,4454.0,85,0.0,0.0,GC=F,NA,NA,USD
2026-08-12T01:56:00.000Z,4453.8999023438,4454.3999023438,4452.7998046875,4453.0,65,0.0,0.0,GC=F,NA,NA,USD
2026-08-12T01:57:00.000Z,4453.1000976562,4455.2001953125,4453.1000976562,4454.8999023438,88,0.0,0.0,GC=F,NA,NA,USD
2026-08-12T01:58:00.000Z,4455.0,4455.3999023438,4454.6000976562,4455.0,19,0.0,0.0,GC=F,NA,NA,USD
2026-08-12T01:59:00.000Z,4455.1000976562,4456.8999023438,4455.1000976562,4456.2001953125,86,0.0,0.0,GC=F,NA,NA,USD
2026-08-12T02:00:00.000Z,4456.1000976562,4456.7001953125,4453.8999023438,4454.2001953125,73,0.0,0.0,GC=F,NA,NA,USD
2026-08-12T02:01:00.000Z,4454.8999023438,4456.0,4454.2998046875,4456.0,89,0.0,0.0,GC=F,NA,NA,USD
2026-08-12T02:02:00.000Z,4455.7998046875,4456.2998046875,4455.7001953125,4456.2998046875,24,0.0,0.0,GC=F,NA,NA,USD
2026-08-12T02:03:00.000Z,4456.2998046875,4456.3999023438,4453.8999023438,4454.0,73,0.0,0.0,GC=F,NA,NA,USD
2026-08-12T02:04:00.000Z,4454.1000976562,4456.6000976562,4453.8999023438,4456.3999023438,164,0.0,0.0,GC=F,NA,NA,USD
2026-08-12T02:05:00.000Z,4456.0,4456.2001953125,4455.6000976562,4455.8999023438,61,0.0,0.0,GC=F,NA,NA,USD
2026-08-12T02:06:00.000Z,4455.2998046875,4456.6000976562,4455.2998046875,4456.1000976562,38,0.0,0.0,GC=F,NA,NA,USD
2026-08-12T02:07:00.000Z,4456.2001953125,4456.5,4455.0,4455.2998046875,32,0.0,0.0,GC=F,NA,NA,USD
2026-08-12T02:08:00.000Z,4455.2998046875,4457.0,4455.2998046875,4457.0,75,0.0,0.0,GC=F,NA,NA,USD
2026-08-12T02:09:00.000Z,4456.7998046875,4457.7998046875,4456.5,4456.8999023438,130,0.0,0.0,GC=F,NA,NA,USD
2026-08-12T02:10:00.000Z,4457.0,4459.3999023438,4457.0,4458.7998046875,128,0.0,0.0,GC=F,NA,NA,USD
2026-08-12T02:11:00.000Z,4458.5,4458.6000976562,4457.7001953125,4458.2998046875,23,0.0,0.0,GC=F,NA,NA,USD
2026-08-12T02:12:00.000Z,4458.3999023438,4460.2001953125,4457.6000976562,4459.8999023438,199,0.0,0.0,GC=F,NA,NA,USD
2026-08-12T02:13:00.000Z,4459.7998046875,4460.7001953125,4458.7001953125,4460.7001953125,168,0.0,0.0,GC=F,NA,NA,USD
2026-08-12T02:14:00.000Z,4460.5,4464.0,4460.5,4460.8999023438,367,0.0,0.0,GC=F,NA,NA,USD
2026-08-12T02:15:00.000Z,4460.7001953125,4460.8999023438,4458.5,4459.2998046875,153,0.0,0.0,GC=F,NA,NA,USD
2026-08-12T02:16:00.000Z,4458.7001953125,4461.2001953125,4458.5,4460.8999023438,62,0.0,0.0,GC=F,NA,NA,USD
2026-08-12T02:17:00.000Z,4460.8999023438,4461.7998046875,4460.2998046875,4460.5,82,0.0,0.0,GC=F,NA,NA,USD
2026-08-12T02:18:00.000Z,4460.7998046875,4461.2998046875,4460.1000976562,4460.6000976562,35,0.0,0.0,GC=F,NA,NA,USD
2026-08-12T02:19:00.000Z,4460.2998046875,4460.6000976562,4459.6000976562,4460.6000976562,56,0.0,0.0,GC=F,NA,NA,USD
2026-08-12T02:20:00.000Z,4460.5,4461.5,4460.1000976562,4460.3999023438,53,0.0,0.0,GC=F,NA,NA,USD
2026-08-12T02:21:00.000Z,4460.5,4461.2001953125,4460.3999023438,4461.2001953125,30,0.0,0.0,GC=F,NA,NA,USD
2026-08-12T02:22:00.000Z,4460.5,4462.3999023438,4460.5,4462.2998046875,54,0.0,0.0,GC=F,NA,NA,USD
2026-08-12T02:23:00.000Z,4462.1000976562,4462.7001953125,4459.8999023438,4462.7001953125,192,0.0,0.0,GC=F,NA,NA,USD
2026-08-12T02:24:00.000Z,4462.5,4462.6000976562,4461.2001953125,4461.3999023438,43,0.0,0.0,GC=F,NA,NA,USD
2026-08-12T02:25:00.000Z,4461.2998046875,4462.0,4461.0,4461.3999023438,53,0.0,0.0,GC=F,NA,NA,USD
2026-08-12T02:26:00.000Z,4461.3999023438,4461.6000976562,4461.0,4461.2001953125,22,0.0,0.0,GC=F,NA,NA,USD
2026-08-12T02:27:00.000Z,4461.0,4461.8999023438,4460.7998046875,4461.2001953125,26,0.0,0.0,GC=F,NA,NA,USD
2026-08-12T02:28:00.000Z,4461.2998046875,4461.7998046875,4460.7001953125,4461.5,31,0.0,0.0,GC=F,NA,NA,USD
2026-08-12T02:29:00.000Z,4461.5,4461.5,4460.1000976562,4461.5,66,0.0,0.0,GC=F,NA,NA,USD
2026-08-12T02:30:00.000Z,4461.2998046875,4462.7001953125,4459.5,4460.2998046875,83,0.0,0.0,GC=F,NA,NA,USD
2026-08-12T02:31:00.000Z,4459.7998046875,4460.0,4459.0,4459.2001953125,57,0.0,0.0,GC=F,NA,NA,USD
2026-08-12T02:32:00.000Z,4459.1000976562,4459.2001953125,4457.2998046875,4458.0,159,0.0,0.0,GC=F,NA,NA,USD
2026-08-12T02:33:00.000Z,4458.1000976562,4458.6000976562,4457.7998046875,4457.8999023438,42,0.0,0.0,GC=F,NA,NA,USD
2026-08-12T02:34:00.000Z,4458.0,4458.7998046875,4457.3999023438,4457.7998046875,54,0.0,0.0,GC=F,NA,NA,USD
2026-08-12T02:35:00.000Z,4457.7998046875,4458.1000976562,4457.2001953125,4457.7998046875,96,0.0,0.0,GC=F,NA,NA,USD
2026-08-12T02:36:00.000Z,4458.2001953125,4458.2998046875,4457.2001953125,4457.3999023438,41,0.0,0.0,GC=F,NA,NA,USD
2026-08-12T02:37:00.000Z,4457.5,4457.6000976562,4456.7001953125,4457.3999023438,50,0.0,0.0,GC=F,NA,NA,USD
2026-08-12T02:38:00.000Z,4457.7001953125,4459.3999023438,4457.5,4458.8999023438,84,0.0,0.0,GC=F,NA,NA,USD
2026-08-12T02:39:00.000Z,4459.2001953125,4459.3999023438,4457.7001953125,4458.7998046875,43,0.0,0.0,GC=F,NA,NA,USD
2026-08-12T02:40:00.000Z,4459.0,4461.6000976562,4458.7998046875,4461.2001953125,182,0.0,0.0,GC=F,NA,NA,USD
2026-08-12T02:41:00.000Z,4460.8999023438,4462.8999023438,4460.7998046875,4462.6000976562,133,0.0,0.0,GC=F,NA,NA,USD
2026-08-12T02:42:00.000Z,4462.2998046875,4466.5,4462.1000976562,4465.7001953125,276,0.0,0.0,GC=F,NA,NA,USD
2026-08-12T02:43:00.000Z,4466.1000976562,4467.6000976562,4464.7001953125,4465.2998046875,144,0.0,0.0,GC=F,NA,NA,USD
2026-08-12T02:44:00.000Z,4465.0,4466.2001953125,4464.0,4464.8999023438,107,0.0,0.0,GC=F,NA,NA,USD
2026-08-12T02:45:00.000Z,4465.0,4467.7998046875,4464.7001953125,4467.5,160,0.0,0.0,GC=F,NA,NA,USD
2026-08-12T02:46:00.000Z,4467.5,4468.5,4467.2998046875,4468.0,84,0.0,0.0,GC=F,NA,NA,USD
2026-08-12T02:47:00.000Z,4468.0,4470.7001953125,4467.7998046875,4470.3999023438,143,0.0,0.0,GC=F,NA,NA,USD
2026-08-12T02:48:00.000Z,4469.8999023438,4469.8999023438,4467.6000976562,4468.5,119,0.0,0.0,GC=F,NA,NA,USD
2026-08-12T02:49:00.000Z,4468.2001953125,4469.3999023438,4467.8999023438,4469.1000976562,39,0.0,0.0,GC=F,NA,NA,USD
2026-08-12T02:50:00.000Z,4468.7998046875,4472.1000976562,4468.7998046875,4471.6000976562,232,0.0,0.0,GC=F,NA,NA,USD
2026-08-12T02:51:00.000Z,4471.8999023438,4472.3999023438,4470.7998046875,4471.5,143,0.0,0.0,GC=F,NA,NA,USD
2026-08-12T02:52:00.000Z,4471.5,4472.7001953125,4470.7001953125,4472.7001953125,96,0.0,0.0,GC=F,NA,NA,USD
2026-08-12T02:53:00.000Z,4472.7998046875,4473.7998046875,4472.2001953125,4473.0,124,0.0,0.0,GC=F,NA,NA,USD
2026-08-12T02:54:00.000Z,4473.5,4474.2001953125,4473.0,4473.2998046875,111,0.0,0.0,GC=F,NA,NA,USD
2026-08-12T02:55:00.000Z,4473.0,4473.3999023438,4471.2998046875,4471.7001953125,125,0.0,0.0,GC=F,NA,NA,USD
2026-08-12T02:56:00.000Z,4472.2001953125,4472.2001953125,4470.7998046875,4471.3999023438,72,0.0,0.0,GC=F,NA,NA,USD
2026-08-12T02:57:00.000Z,4471.5,4472.7001953125,4470.7001953125,4470.8999023438,116,0.0,0.0,GC=F,NA,NA,USD
2026-08-12T02:58:00.000Z,4470.8999023438,4472.5,4470.3999023438,4471.2998046875,107,0.0,0.0,GC=F,NA,NA,USD
2026-08-12T02:59:00.000Z,4471.0,4471.7001953125,4470.7001953125,4470.7998046875,37,0.0,0.0,GC=F,NA,NA,USD
2026-08-12T03:00:00.000Z,4471.1000976562,4471.8999023438,4470.7001953125,4471.7001953125,50,0.0,0.0,GC=F,NA,NA,USD
2026-08-12T03:01:00.000Z,4471.7998046875,4473.2998046875,4471.7998046875,4472.1000976562,62,0.0,0.0,GC=F,NA,NA,USD
2026-08-12T03:02:00.000Z,4472.0,4474.1000976562,4471.7001953125,4471.7001953125,63,0.0,0.0,GC=F,NA,NA,USD
2026-08-12T03:03:00.000Z,4471.5,4471.6000976562,4469.7001953125,4470.0,132,0.0,0.0,GC=F,NA,NA,USD
2026-08-12T03:04:00.000Z,4470.1000976562,4470.2001953125,4468.2998046875,4469.2001953125,198,0.0,0.0,GC=F,NA,NA,USD
2026-08-12T03:05:00.000Z,4469.2001953125,4469.2998046875,4468.1000976562,4469.1000976562,52,0.0,0.0,GC=F,NA,NA,USD
2026-08-12T03:06:00.000Z,4469.5,4470.2998046875,4469.5,4470.0,23,0.0,0.0,GC=F,NA,NA,USD
2026-08-12T03:07:00.000Z,4469.7001953125,4474.1000976562,4469.5,4473.7998046875,73,0.0,0.0,GC=F,NA,NA,USD
2026-08-12T03:08:00.000Z,4474.2001953125,4475.7001953125,4471.7998046875,4472.2998046875,347,0.0,0.0,GC=F,NA,NA,USD
2026-08-12T03:09:00.000Z,4472.7998046875,4473.3999023438,4472.0,4473.3999023438,28,0.0,0.0,GC=F,NA,NA,USD
2026-08-12T03:10:00.000Z,4473.5,4473.8999023438,4473.2998046875,4473.5,31,0.0,0.0,GC=F,NA,NA,USD
2026-08-12T03:11:00.000Z,4473.8999023438,4474.3999023438,4473.7998046875,4474.3999023438,37,0.0,0.0,GC=F,NA,NA,USD
2026-08-12T03:12:00.000Z,4474.0,4474.6000976562,4473.2998046875,4474.6000976562,70,0.0,0.0,GC=F,NA,NA,USD
2026-08-12T03:13:00.000Z,4473.7001953125,4474.1000976562,4473.1000976562,4473.5,84,0.0,0.0,GC=F,NA,NA,USD
2026-08-12T03:14:00.000Z,4473.2998046875,4473.6000976562,4470.3999023438,4470.7001953125,127,0.0,0.0,GC=F,NA,NA,USD
2026-08-12T03:15:00.000Z,4470.5,4470.6000976562,4469.2998046875,4470.0,47,0.0,0.0,GC=F,NA,NA,USD
2026-08-12T03:16:00.000Z,4469.7998046875,4469.7998046875,4467.7001953125,4467.7001953125,176,0.0,0.0,GC=F,NA,NA,USD
2026-08-12T03:17:00.000Z,4467.7001953125,4467.7001953125,4466.3999023438,4466.8999023438,61,0.0,0.0,GC=F,NA,NA,USD
2026-08-12T03:18:00.000Z,4466.8999023438,4467.7998046875,4466.5,4467.1000976562,59,0.0,0.0,GC=F,NA,NA,USD
2026-08-12T03:19:00.000Z,4467.1000976562,4467.6000976562,4466.7998046875,4467.1000976562,25,0.0,0.0,GC=F,NA,NA,USD
2026-08-12T03:20:00.000Z,4467.3999023438,4467.3999023438,4466.0,4466.1000976562,40,0.0,0.0,GC=F,NA,NA,USD
2026-08-12T03:21:00.000Z,4466.2001953125,4467.0,4465.7001953125,4466.3999023438,59,0.0,0.0,GC=F,NA,NA,USD
2026-08-12T03:22:00.000Z,4466.1000976562,4466.1000976562,4465.1000976562,4465.1000976562,63,0.0,0.0,GC=F,NA,NA,USD
2026-08-12T03:23:00.000Z,4465.0,4467.1000976562,4464.5,4466.5,73,0.0,0.0,GC=F,NA,NA,USD
2026-08-12T03:24:00.000Z,4466.5,4467.5,4466.2001953125,4466.5,36,0.0,0.0,GC=F,NA,NA,USD
2026-08-12T03:25:00.000Z,4466.3999023438,4467.7998046875,4466.2998046875,4466.2998046875,75,0.0,0.0,GC=F,NA,NA,USD
2026-08-12T03:26:00.000Z,4466.2998046875,4467.7001953125,4466.2998046875,4467.2001953125,63,0.0,0.0,GC=F,NA,NA,USD
2026-08-12T03:27:00.000Z,4467.2001953125,4467.3999023438,4466.0,4467.1000976562,44,0.0,0.0,GC=F,NA,NA,USD
2026-08-12T03:28:00.000Z,4467.1000976562,4468.2001953125,4467.1000976562,4467.8999023438,25,0.0,0.0,GC=F,NA,NA,USD
2026-08-12T03:29:00.000Z,4467.7998046875,4467.8999023438,4466.7998046875,4467.1000976562,45,0.0,0.0,GC=F,NA,NA,USD
2026-08-12T03:30:00.000Z,4468.2998046875,4468.7998046875,4466.6000976562,4467.7001953125,61,0.0,0.0,GC=F,NA,NA,USD
2026-08-12T03:31:00.000Z,4467.8999023438,4467.8999023438,4466.7998046875,4467.2001953125,31,0.0,0.0,GC=F,NA,NA,USD
2026-08-12T03:32:00.000Z,4466.8999023438,4466.8999023438,4465.7998046875,4465.7998046875,37,0.0,0.0,GC=F,NA,NA,USD
2026-08-12T03:33:00.000Z,4465.6000976562,4467.1000976562,4465.2998046875,4466.2998046875,60,0.0,0.0,GC=F,NA,NA,USD
2026-08-12T03:34:00.000Z,4466.2001953125,4466.2001953125,4464.7998046875,4465.3999023438,49,0.0,0.0,GC=F,NA,NA,USD
2026-08-12T03:35:00.000Z,4465.3999023438,4465.7998046875,4465.1000976562,4465.7998046875,28,0.0,0.0,GC=F,NA,NA,USD
2026-08-12T03:36:00.000Z,4465.6000976562,4466.5,4465.1000976562,4465.7001953125,45,0.0,0.0,GC=F,NA,NA,USD
2026-08-12T03:37:00.000Z,4466.2001953125,4466.5,4464.2001953125,4464.5,45,0.0,0.0,GC=F,NA,NA,USD
2026-08-12T03:38:00.000Z,4464.7001953125,4465.0,4464.2998046875,4464.2998046875,34,0.0,0.0,GC=F,NA,NA,USD
2026-08-12T03:39:00.000Z,4464.2998046875,4464.2998046875,4463.7998046875,4464.2001953125,42,0.0,0.0,GC=F,NA,NA,USD
2026-08-12T03:40:00.000Z,4464.0,4464.2998046875,4463.6000976562,4463.7001953125,26,0.0,0.0,GC=F,NA,NA,USD
2026-08-12T03:41:00.000Z,4463.8999023438,4464.5,4463.2001953125,4463.5,72,0.0,0.0,GC=F,NA,NA,USD
2026-08-12T03:42:00.000Z,4463.7001953125,4464.1000976562,4463.2001953125,4463.2001953125,53,0.0,0.0,GC=F,NA,NA,USD
2026-08-12T03:43:00.000Z,4463.1000976562,4463.7998046875,4461.3999023438,4463.1000976562,172,0.0,0.0,GC=F,NA,NA,USD
2026-08-12T03:44:00.000Z,4463.2001953125,4463.7001953125,4461.6000976562,4461.6000976562,72,0.0,0.0,GC=F,NA,NA,USD
2026-08-12T03:45:00.000Z,4461.5,4462.3999023438,4461.3999023438,4462.0,39,0.0,0.0,GC=F,NA,NA,USD
2026-08-12T03:46:00.000Z,4461.8999023438,4463.3999023438,4461.7998046875,4462.7001953125,65,0.0,0.0,GC=F,NA,NA,USD
2026-08-12T03:47:00.000Z,4462.6000976562,4462.8999023438,4462.2998046875,4462.5,21,0.0,0.0,GC=F,NA,NA,USD
2026-08-12T03:48:00.000Z,4462.6000976562,4462.8999023438,4461.8999023438,4462.7001953125,27,0.0,0.0,GC=F,NA,NA,USD
2026-08-12T03:49:00.000Z,4462.7998046875,4463.2001953125,4462.2001953125,4462.5,21,0.0,0.0,GC=F,NA,NA,USD
2026-08-12T03:50:00.000Z,4462.6000976562,4462.6000976562,4461.8999023438,4462.6000976562,38,0.0,0.0,GC=F,NA,NA,USD
2026-08-12T03:51:00.000Z,4462.3999023438,4463.3999023438,4462.3999023438,4463.0,23,0.0,0.0,GC=F,NA,NA,USD
2026-08-12T03:52:00.000Z,4462.8999023438,4463.7998046875,4462.2998046875,4463.7998046875,34,0.0,0.0,GC=F,NA,NA,USD
2026-08-12T03:53:00.000Z,4463.1000976562,4463.1000976562,4461.8999023438,4462.2001953125,50,0.0,0.0,GC=F,NA,NA,USD
2026-08-12T03:54:00.000Z,4462.3999023438,4462.7001953125,4460.6000976562,4461.8999023438,83,0.0,0.0,GC=F,NA,NA,USD
2026-08-12T03:55:00.000Z,4461.7998046875,4462.7998046875,4460.7001953125,4461.5,53,0.0,0.0,GC=F,NA,NA,USD
2026-08-12T03:56:00.000Z,4461.7998046875,4461.8999023438,4461.1000976562,4461.1000976562,37,0.0,0.0,GC=F,NA,NA,USD
2026-08-12T03:57:00.000Z,4461.3999023438,4462.2998046875,4461.3999023438,4462.0,17,0.0,0.0,GC=F,NA,NA,USD
2026-08-12T03:58:00.000Z,4462.2001953125,4462.2001953125,4461.5,4461.7998046875,9,0.0,0.0,GC=F,NA,NA,USD
2026-08-12T04:00:00.000Z,4462.3999023438,4462.6000976562,4462.1000976562,4462.1000976562,27,0.0,0.0,GC=F,NA,NA,USD
2026-08-12T04:01:00.000Z,4462.0,4462.0,4461.6000976562,4461.7001953125,19,0.0,0.0,GC=F,NA,NA,USD
2026-08-12T04:02:00.000Z,4461.5,4462.1000976562,4461.2998046875,4462.1000976562,16,0.0,0.0,GC=F,NA,NA,USD
2026-08-12T04:03:00.000Z,4461.7998046875,4461.8999023438,4461.7998046875,4461.8999023438,3,0.0,0.0,GC=F,NA,NA,USD
2026-08-12T04:04:00.000Z,4462.6000976562,4463.1000976562,4462.1000976562,4462.7998046875,46,0.0,0.0,GC=F,NA,NA,USD
2026-08-12T04:05:00.000Z,4462.8999023438,4463.0,4461.7001953125,4461.7998046875,16,0.0,0.0,GC=F,NA,NA,USD
2026-08-12T04:06:00.000Z,4461.6000976562,4461.8999023438,4461.2001953125,4461.5,36,0.0,0.0,GC=F,NA,NA,USD
2026-08-12T04:07:00.000Z,4461.3999023438,4461.3999023438,4461.1000976562,4461.1000976562,4,0.0,0.0,GC=F,NA,NA,USD
2026-08-12T04:08:00.000Z,4461.2001953125,4461.3999023438,4460.3999023438,4460.7001953125,43,0.0,0.0,GC=F,NA,NA,USD
2026-08-12T04:09:00.000Z,4461.0,4461.0,4459.6000976562,4460.0,70,0.0,0.0,GC=F,NA,NA,USD
2026-08-12T04:10:00.000Z,4460.2998046875,4460.2998046875,4458.2998046875,4458.3999023438,118,0.0,0.0,GC=F,NA,NA,USD
2026-08-12T04:11:00.000Z,4458.6000976562,4459.6000976562,4458.1000976562,4458.7001953125,63,0.0,0.0,GC=F,NA,NA,USD
2026-08-12T04:12:00.000Z,4458.5,4458.5,4456.7998046875,4457.6000976562,90,0.0,0.0,GC=F,NA,NA,USD
2026-08-12T04:13:00.000Z,4457.3999023438,4457.7001953125,4456.3999023438,4456.7001953125,145,0.0,0.0,GC=F,NA,NA,USD
2026-08-12T04:14:00.000Z,4456.7001953125,4457.5,4456.6000976562,4457.5,14,0.0,0.0,GC=F,NA,NA,USD
2026-08-12T04:15:00.000Z,4457.2001953125,4457.2001953125,4455.6000976562,4455.7001953125,46,0.0,0.0,GC=F,NA,NA,USD
2026-08-12T04:16:00.000Z,4456.1000976562,4456.3999023438,4455.3999023438,4456.3999023438,27,0.0,0.0,GC=F,NA,NA,USD
2026-08-12T04:17:00.000Z,4456.3999023438,4456.8999023438,4455.8999023438,4456.0,41,0.0,0.0,GC=F,NA,NA,USD
2026-08-12T04:18:00.000Z,4456.6000976562,4456.8999023438,4456.0,4456.0,25,0.0,0.0,GC=F,NA,NA,USD
2026-08-12T04:19:00.000Z,4455.8999023438,4456.5,4455.8999023438,4456.5,10,0.0,0.0,GC=F,NA,NA,USD
2026-08-12T04:20:00.000Z,4456.7001953125,4457.0,4456.5,4456.8999023438,12,0.0,0.0,GC=F,NA,NA,USD
2026-08-12T04:21:00.000Z,4457.2001953125,4458.2998046875,4456.8999023438,4456.8999023438,88,0.0,0.0,GC=F,NA,NA,USD
2026-08-12T04:22:00.000Z,4457.8999023438,4458.5,4457.5,4457.6000976562,59,0.0,0.0,GC=F,NA,NA,USD
2026-08-12T04:23:00.000Z,4457.5,4457.7998046875,4457.2001953125,4457.5,15,0.0,0.0,GC=F,NA,NA,USD
2026-08-12T04:24:00.000Z,4457.3999023438,4457.8999023438,4456.7998046875,4457.5,26,0.0,0.0,GC=F,NA,NA,USD
2026-08-12T04:25:00.000Z,4457.7001953125,4457.8999023438,4457.3999023438,4457.7001953125,18,0.0,0.0,GC=F,NA,NA,USD
2026-08-12T04:26:00.000Z,4457.7001953125,4458.5,4457.6000976562,4458.2001953125,32,0.0,0.0,GC=F,NA,NA,USD
2026-08-12T04:27:00.000Z,4458.6000976562,4458.8999023438,4458.0,4458.2998046875,23,0.0,0.0,GC=F,NA,NA,USD
2026-08-12T04:28:00.000Z,4458.0,4458.3999023438,4458.0,4458.3999023438,8,0.0,0.0,GC=F,NA,NA,USD
2026-08-12T04:29:00.000Z,4458.6000976562,4459.5,4458.6000976562,4459.1000976562,28,0.0,0.0,GC=F,NA,NA,USD
2026-08-12T04:30:00.000Z,4459.2998046875,4459.2998046875,4457.7998046875,4457.7998046875,23,0.0,0.0,GC=F,NA,NA,USD
2026-08-12T04:31:00.000Z,4457.7001953125,4457.8999023438,4457.2001953125,4457.7001953125,12,0.0,0.0,GC=F,NA,NA,USD
2026-08-12T04:32:00.000Z,4458.1000976562,4458.2998046875,4457.7998046875,4458.0,12,0.0,0.0,GC=F,NA,NA,USD
2026-08-12T04:33:00.000Z,4457.8999023438,4458.1000976562,4457.8999023438,4458.1000976562,5,0.0,0.0,GC=F,NA,NA,USD
2026-08-12T04:34:00.000Z,4457.8999023438,4459.2998046875,4457.3999023438,4459.0,35,0.0,0.0,GC=F,NA,NA,USD
2026-08-12T04:35:00.000Z,4459.0,4459.6000976562,4458.2998046875,4458.7001953125,49,0.0,0.0,GC=F,NA,NA,USD
2026-08-12T04:36:00.000Z,4458.7001953125,4459.2001953125,4458.0,4459.1000976562,31,0.0,0.0,GC=F,NA,NA,USD
2026-08-12T04:37:00.000Z,4459.1000976562,4460.1000976562,4459.0,4460.0,21,0.0,0.0,GC=F,NA,NA,USD
2026-08-12T04:38:00.000Z,4459.8999023438,4459.8999023438,4459.0,4459.3999023438,32,0.0,0.0,GC=F,NA,NA,USD
2026-08-12T04:39:00.000Z,4459.3999023438,4459.6000976562,4458.7001953125,4459.0,43,0.0,0.0,GC=F,NA,NA,USD
2026-08-12T04:40:00.000Z,4458.8999023438,4458.8999023438,4455.2998046875,4456.3999023438,176,0.0,0.0,GC=F,NA,NA,USD
2026-08-12T04:41:00.000Z,4456.3999023438,4457.5,4456.2001953125,4457.2998046875,23,0.0,0.0,GC=F,NA,NA,USD
2026-08-12T04:42:00.000Z,4457.2001953125,4457.8999023438,4457.2001953125,4457.8999023438,39,0.0,0.0,GC=F,NA,NA,USD
2026-08-12T04:43:00.000Z,4457.8999023438,4459.7001953125,4457.3999023438,4459.3999023438,25,0.0,0.0,GC=F,NA,NA,USD
2026-08-12T04:44:00.000Z,4459.5,4460.2001953125,4459.5,4460.2001953125,40,0.0,0.0,GC=F,NA,NA,USD
2026-08-12T04:45:00.000Z,4459.7998046875,4460.2001953125,4459.5,4460.0,33,0.0,0.0,GC=F,NA,NA,USD
2026-08-12T04:46:00.000Z,4459.8999023438,4460.7001953125,4459.7998046875,4460.7001953125,111,0.0,0.0,GC=F,NA,NA,USD
2026-08-12T04:47:00.000Z,4460.7001953125,4461.7001953125,4460.7001953125,4461.2001953125,63,0.0,0.0,GC=F,NA,NA,USD
2026-08-12T04:48:00.000Z,4461.1000976562,4461.7998046875,4460.7998046875,4461.1000976562,38,0.0,0.0,GC=F,NA,NA,USD
2026-08-12T04:49:00.000Z,4461.2998046875,4462.3999023438,4461.2001953125,4461.3999023438,37,0.0,0.0,GC=F,NA,NA,USD
2026-08-12T04:50:00.000Z,4461.3999023438,4461.7998046875,4461.2001953125,4461.2998046875,20,0.0,0.0,GC=F,NA,NA,USD
2026-08-12T04:51:00.000Z,4460.7998046875,4462.0,4460.6000976562,4461.6000976562,22,0.0,0.0,GC=F,NA,NA,USD
2026-08-12T04:52:00.000Z,4461.5,4461.7001953125,4460.3999023438,4460.7998046875,16,0.0,0.0,GC=F,NA,NA,USD
2026-08-12T04:53:00.000Z,4460.3999023438,4460.5,4460.3999023438,4460.5,5,0.0,0.0,GC=F,NA,NA,USD
2026-08-12T04:54:00.000Z,4460.2001953125,4460.2998046875,4459.5,4459.5,50,0.0,0.0,GC=F,NA,NA,USD
2026-08-12T04:55:00.000Z,4459.6000976562,4460.2998046875,4459.5,4459.6000976562,21,0.0,0.0,GC=F,NA,NA,USD
2026-08-12T04:56:00.000Z,4459.6000976562,4459.8999023438,4459.1000976562,4459.8999023438,61,0.0,0.0,GC=F,NA,NA,USD
2026-08-12T04:57:00.000Z,4459.8999023438,4460.7001953125,4459.7998046875,4460.6000976562,44,0.0,0.0,GC=F,NA,NA,USD
2026-08-12T04:58:00.000Z,4460.3999023438,4460.7001953125,4460.3999023438,4460.6000976562,29,0.0,0.0,GC=F,NA,NA,USD
2026-08-12T04:59:00.000Z,4460.6000976562,4461.1000976562,4460.2001953125,4461.0,46,0.0,0.0,GC=F,NA,NA,USD
2026-08-12T05:00:00.000Z,4460.8999023438,4461.2998046875,4460.7998046875,4461.2998046875,31,0.0,0.0,GC=F,NA,NA,USD
2026-08-12T05:01:00.000Z,4461.0,4461.2998046875,4460.6000976562,4460.6000976562,25,0.0,0.0,GC=F,NA,NA,USD
2026-08-12T05:02:00.000Z,4460.5,4462.1000976562,4460.1000976562,4460.7001953125,59,0.0,0.0,GC=F,NA,NA,USD
2026-08-12T05:03:00.000Z,4460.7998046875,4461.0,4460.0,4460.7001953125,46,0.0,0.0,GC=F,NA,NA,USD
2026-08-12T05:04:00.000Z,4460.7001953125,4462.0,4460.6000976562,4461.6000976562,34,0.0,0.0,GC=F,NA,NA,USD
2026-08-12T05:05:00.000Z,4462.2001953125,4463.0,4462.2001953125,4462.3999023438,29,0.0,0.0,GC=F,NA,NA,USD
2026-08-12T05:06:00.000Z,4462.2998046875,4462.7001953125,4461.7001953125,4461.7998046875,64,0.0,0.0,GC=F,NA,NA,USD
2026-08-12T05:07:00.000Z,4461.7001953125,4462.7998046875,4460.8999023438,4462.7998046875,50,0.0,0.0,GC=F,NA,NA,USD
2026-08-12T05:08:00.000Z,4462.7998046875,4463.7001953125,4462.7998046875,4463.1000976562,65,0.0,0.0,GC=F,NA,NA,USD
2026-08-12T05:09:00.000Z,4463.2998046875,4464.8999023438,4462.8999023438,4464.7001953125,98,0.0,0.0,GC=F,NA,NA,USD
2026-08-12T05:10:00.000Z,4464.2998046875,4464.5,4463.6000976562,4464.0,71,0.0,0.0,GC=F,NA,NA,USD
2026-08-12T05:11:00.000Z,4464.0,4465.0,4463.7998046875,4464.1000976562,67,0.0,0.0,GC=F,NA,NA,USD
2026-08-12T05:12:00.000Z,4464.2001953125,4465.1000976562,4464.0,4464.0,38,0.0,0.0,GC=F,NA,NA,USD
2026-08-12T05:13:00.000Z,4464.2998046875,4464.2998046875,4462.2001953125,4462.2998046875,43,0.0,0.0,GC=F,NA,NA,USD
2026-08-12T05:14:00.000Z,4462.0,4462.5,4460.8999023438,4461.0,61,0.0,0.0,GC=F,NA,NA,USD
2026-08-12T05:15:00.000Z,4460.7001953125,4460.7001953125,4459.1000976562,4459.1000976562,75,0.0,0.0,GC=F,NA,NA,USD
2026-08-12T05:16:00.000Z,4459.3999023438,4459.3999023438,4458.5,4458.7001953125,26,0.0,0.0,GC=F,NA,NA,USD
2026-08-12T05:17:00.000Z,4458.7001953125,4458.7001953125,4458.2001953125,4458.2001953125,101,0.0,0.0,GC=F,NA,NA,USD
2026-08-12T05:18:00.000Z,4458.2998046875,4458.2998046875,4456.8999023438,4457.7998046875,53,0.0,0.0,GC=F,NA,NA,USD
2026-08-12T05:19:00.000Z,4458.0,4458.7998046875,4457.8999023438,4458.3999023438,46,0.0,0.0,GC=F,NA,NA,USD
2026-08-12T05:20:00.000Z,4458.7998046875,4458.8999023438,4455.2998046875,4455.6000976562,116,0.0,0.0,GC=F,NA,NA,USD
2026-08-12T05:21:00.000Z,4455.8999023438,4456.3999023438,4455.1000976562,4455.6000976562,74,0.0,0.0,GC=F,NA,NA,USD
2026-08-12T05:22:00.000Z,4455.3999023438,4455.5,4451.8999023438,4452.7998046875,189,0.0,0.0,GC=F,NA,NA,USD
2026-08-12T05:23:00.000Z,4452.7001953125,4453.7998046875,4452.7001953125,4453.2001953125,121,0.0,0.0,GC=F,NA,NA,USD
2026-08-12T05:24:00.000Z,4453.5,4454.2001953125,4453.2998046875,4454.0,58,0.0,0.0,GC=F,NA,NA,USD
2026-08-12T05:25:00.000Z,4453.8999023438,4454.8999023438,4453.5,4454.8999023438,32,0.0,0.0,GC=F,NA,NA,USD
2026-08-12T05:26:00.000Z,4454.7001953125,4455.6000976562,4454.3999023438,4455.0,40,0.0,0.0,GC=F,NA,NA,USD
2026-08-12T05:27:00.000Z,4455.1000976562,4455.3999023438,4454.0,4454.5,52,0.0,0.0,GC=F,NA,NA,USD
2026-08-12T05:28:00.000Z,4454.3999023438,4454.3999023438,4452.8999023438,4453.6000976562,127,0.0,0.0,GC=F,NA,NA,USD
2026-08-12T05:29:00.000Z,4453.2998046875,4453.6000976562,4452.3999023438,4452.3999023438,112,0.0,0.0,GC=F,NA,NA,USD
2026-08-12T05:30:00.000Z,4452.2001953125,4452.8999023438,4449.0,4452.2001953125,332,0.0,0.0,GC=F,NA,NA,USD
2026-08-12T05:31:00.000Z,4452.2998046875,4456.7001953125,4452.2998046875,4456.0,137,0.0,0.0,GC=F,NA,NA,USD
2026-08-12T05:32:00.000Z,4455.6000976562,4456.2998046875,4453.1000976562,4454.1000976562,57,0.0,0.0,GC=F,NA,NA,USD
2026-08-12T05:33:00.000Z,4454.1000976562,4454.1000976562,4452.1000976562,4452.8999023438,60,0.0,0.0,GC=F,NA,NA,USD
2026-08-12T05:34:00.000Z,4453.1000976562,4453.5,4451.5,4451.7998046875,74,0.0,0.0,GC=F,NA,NA,USD
2026-08-12T05:35:00.000Z,4452.2998046875,4452.5,4450.7001953125,4452.5,98,0.0,0.0,GC=F,NA,NA,USD
2026-08-12T05:36:00.000Z,4452.3999023438,4455.0,4451.5,4453.3999023438,102,0.0,0.0,GC=F,NA,NA,USD
2026-08-12T05:37:00.000Z,4453.2998046875,4453.7001953125,4452.3999023438,4452.3999023438,25,0.0,0.0,GC=F,NA,NA,USD
2026-08-12T05:38:00.000Z,4452.7998046875,4454.8999023438,4452.2998046875,4454.3999023438,62,0.0,0.0,GC=F,NA,NA,USD
2026-08-12T05:39:00.000Z,4453.7001953125,4454.2001953125,4453.3999023438,4453.6000976562,19,0.0,0.0,GC=F,NA,NA,USD
2026-08-12T05:40:00.000Z,4453.1000976562,4453.8999023438,4453.1000976562,4453.7998046875,25,0.0,0.0,GC=F,NA,NA,USD
2026-08-12T05:41:00.000Z,4454.1000976562,4454.1000976562,4450.5,4451.0,50,0.0,0.0,GC=F,NA,NA,USD
2026-08-12T05:42:00.000Z,4451.1000976562,4451.3999023438,4449.0,4449.0,51,0.0,0.0,GC=F,NA,NA,USD
2026-08-12T05:43:00.000Z,4449.3999023438,4450.6000976562,4448.7998046875,4450.1000976562,78,0.0,0.0,GC=F,NA,NA,USD
2026-08-12T05:44:00.000Z,4450.0,4450.1000976562,4447.8999023438,4448.0,59,0.0,0.0,GC=F,NA,NA,USD
2026-08-12T05:45:00.000Z,4447.7998046875,4448.1000976562,4445.3999023438,4446.8999023438,279,0.0,0.0,GC=F,NA,NA,USD
2026-08-12T05:46:00.000Z,4447.2998046875,4448.3999023438,4446.5,4448.1000976562,100,0.0,0.0,GC=F,NA,NA,USD
2026-08-12T05:47:00.000Z,4448.2998046875,4449.2001953125,4446.7998046875,4446.7998046875,65,0.0,0.0,GC=F,NA,NA,USD
2026-08-12T05:48:00.000Z,4446.5,4446.5,4445.2001953125,4446.2001953125,46,0.0,0.0,GC=F,NA,NA,USD
2026-08-12T05:49:00.000Z,4445.7998046875,4446.7001953125,4445.3999023438,4445.5,48,0.0,0.0,GC=F,NA,NA,USD
2026-08-12T05:50:00.000Z,4445.2998046875,4447.3999023438,4445.1000976562,4445.7001953125,62,0.0,0.0,GC=F,NA,NA,USD
2026-08-12T05:51:00.000Z,4445.7998046875,4445.8999023438,4445.3999023438,4445.3999023438,15,0.0,0.0,GC=F,NA,NA,USD
2026-08-12T05:52:00.000Z,4445.6000976562,4446.0,4444.0,4445.0,55,0.0,0.0,GC=F,NA,NA,USD
2026-08-12T05:53:00.000Z,4445.1000976562,4447.0,4444.8999023438,4447.0,55,0.0,0.0,GC=F,NA,NA,USD
2026-08-12T05:54:00.000Z,4447.1000976562,4449.2998046875,4446.7998046875,4449.2998046875,95,0.0,0.0,GC=F,NA,NA,USD
2026-08-12T05:55:00.000Z,4449.0,4451.0,4448.7001953125,4450.5,143,0.0,0.0,GC=F,NA,NA,USD
2026-08-12T05:56:00.000Z,4450.5,4451.1000976562,4448.7998046875,4450.3999023438,90,0.0,0.0,GC=F,NA,NA,USD
2026-08-12T05:57:00.000Z,4450.5,4453.7998046875,4450.5,4453.0,109,0.0,0.0,GC=F,NA,NA,USD
2026-08-12T05:58:00.000Z,4453.1000976562,4454.1000976562,4451.8999023438,4451.8999023438,88,0.0,0.0,GC=F,NA,NA,USD
2026-08-12T05:59:00.000Z,4451.7998046875,4452.3999023438,4451.0,4451.0,57,0.0,0.0,GC=F,NA,NA,USD
2026-08-12T06:00:00.000Z,4450.8999023438,4452.7998046875,4450.2001953125,4452.7001953125,117,0.0,0.0,GC=F,NA,NA,USD
2026-08-12T06:01:00.000Z,4452.6000976562,4452.8999023438,4450.6000976562,4450.7998046875,193,0.0,0.0,GC=F,NA,NA,USD
2026-08-12T06:02:00.000Z,4450.8999023438,4450.8999023438,4448.2998046875,4448.3999023438,74,0.0,0.0,GC=F,NA,NA,USD
2026-08-12T06:03:00.000Z,4448.6000976562,4448.7001953125,4447.2001953125,4447.8999023438,80,0.0,0.0,GC=F,NA,NA,USD
2026-08-12T06:04:00.000Z,4447.7998046875,4448.8999023438,4447.7001953125,4448.3999023438,29,0.0,0.0,GC=F,NA,NA,USD
2026-08-12T06:05:00.000Z,4448.1000976562,4448.3999023438,4446.3999023438,4446.7001953125,46,0.0,0.0,GC=F,NA,NA,USD
2026-08-12T06:06:00.000Z,4447.2001953125,4447.2001953125,4446.3999023438,4447.0,14,0.0,0.0,GC=F,NA,NA,USD
2026-08-12T06:07:00.000Z,4447.2998046875,4447.7998046875,4445.6000976562,4445.6000976562,57,0.0,0.0,GC=F,NA,NA,USD
2026-08-12T06:08:00.000Z,4446.3999023438,4446.5,4445.2998046875,4445.7001953125,58,0.0,0.0,GC=F,NA,NA,USD
2026-08-12T06:09:00.000Z,4445.6000976562,4447.1000976562,4445.5,4446.5,27,0.0,0.0,GC=F,NA,NA,USD
2026-08-12T06:10:00.000Z,4446.3999023438,4447.7001953125,4445.5,4445.5,31,0.0,0.0,GC=F,NA,NA,USD
2026-08-12T06:11:00.000Z,4445.5,4447.3999023438,4445.5,4446.8999023438,11,0.0,0.0,GC=F,NA,NA,USD
2026-08-12T06:12:00.000Z,4446.7001953125,4447.5,4445.7998046875,4446.7001953125,59,0.0,0.0,GC=F,NA,NA,USD
2026-08-12T06:13:00.000Z,4446.6000976562,4447.7001953125,4446.2998046875,4447.7001953125,36,0.0,0.0,GC=F,NA,NA,USD
2026-08-12T06:14:00.000Z,4447.6000976562,4448.5,4447.0,4447.2998046875,64,0.0,0.0,GC=F,NA,NA,USD
2026-08-12T06:15:00.000Z,4446.8999023438,4447.8999023438,4445.7998046875,4447.6000976562,33,0.0,0.0,GC=F,NA,NA,USD
2026-08-12T06:16:00.000Z,4447.7001953125,4448.2001953125,4447.0,4447.8999023438,32,0.0,0.0,GC=F,NA,NA,USD
2026-08-12T06:17:00.000Z,4448.2998046875,4450.0,4448.2998046875,4449.8999023438,71,0.0,0.0,GC=F,NA,NA,USD
2026-08-12T06:18:00.000Z,4449.8999023438,4450.2998046875,4449.2998046875,4449.8999023438,20,0.0,0.0,GC=F,NA,NA,USD
2026-08-12T06:19:00.000Z,4450.2001953125,4450.2001953125,4448.6000976562,4449.3999023438,68,0.0,0.0,GC=F,NA,NA,USD
2026-08-12T06:20:00.000Z,4449.2001953125,4449.2001953125,4448.5,4449.0,39,0.0,0.0,GC=F,NA,NA,USD
2026-08-12T06:21:00.000Z,4448.7998046875,4450.6000976562,4448.0,4449.7998046875,93,0.0,0.0,GC=F,NA,NA,USD
2026-08-12T06:22:00.000Z,4450.2001953125,4450.6000976562,4448.1000976562,4448.1000976562,89,0.0,0.0,GC=F,NA,NA,USD
2026-08-12T06:23:00.000Z,4448.2001953125,4448.7998046875,4448.2001953125,4448.7998046875,25,0.0,0.0,GC=F,NA,NA,USD
2026-08-12T06:24:00.000Z,4448.2998046875,4449.3999023438,4448.2001953125,4449.1000976562,18,0.0,0.0,GC=F,NA,NA,USD
2026-08-12T06:25:00.000Z,4449.5,4449.8999023438,4448.8999023438,4449.2998046875,17,0.0,0.0,GC=F,NA,NA,USD
2026-08-12T06:26:00.000Z,4449.7001953125,4450.2001953125,4448.7001953125,4448.7001953125,42,0.0,0.0,GC=F,NA,NA,USD
2026-08-12T06:27:00.000Z,4448.3999023438,4448.7001953125,4447.1000976562,4448.6000976562,57,0.0,0.0,GC=F,NA,NA,USD
2026-08-12T06:28:00.000Z,4448.6000976562,4449.7001953125,4447.7998046875,4449.3999023438,47,0.0,0.0,GC=F,NA,NA,USD
2026-08-12T06:29:00.000Z,4449.2998046875,4450.2001953125,4448.8999023438,4449.6000976562,23,0.0,0.0,GC=F,NA,NA,USD
2026-08-12T06:30:00.000Z,4449.8999023438,4449.8999023438,4449.2001953125,4449.2998046875,14,0.0,0.0,GC=F,NA,NA,USD
2026-08-12T06:31:00.000Z,4449.7998046875,4450.5,4448.6000976562,4449.2998046875,46,0.0,0.0,GC=F,NA,NA,USD
2026-08-12T06:32:00.000Z,4448.8999023438,4450.0,4448.8999023438,4449.0,140,0.0,0.0,GC=F,NA,NA,USD
2026-08-12T06:33:00.000Z,4449.0,4449.7998046875,4448.5,4449.7001953125,34,0.0,0.0,GC=F,NA,NA,USD
2026-08-12T06:34:00.000Z,4449.6000976562,4449.8999023438,4449.2001953125,4449.6000976562,12,0.0,0.0,GC=F,NA,NA,USD
2026-08-12T06:35:00.000Z,4449.6000976562,4450.5,4448.8999023438,4448.8999023438,56,0.0,0.0,GC=F,NA,NA,USD
2026-08-12T06:36:00.000Z,4448.7998046875,4450.3999023438,4448.7998046875,4450.1000976562,30,0.0,0.0,GC=F,NA,NA,USD
2026-08-12T06:37:00.000Z,4450.2001953125,4453.2998046875,4450.2001953125,4452.7001953125,204,0.0,0.0,GC=F,NA,NA,USD
2026-08-12T06:38:00.000Z,4452.6000976562,4454.0,4452.0,4453.2001953125,194,0.0,0.0,GC=F,NA,NA,USD
2026-08-12T06:39:00.000Z,4452.8999023438,4455.0,4452.8999023438,4453.7001953125,152,0.0,0.0,GC=F,NA,NA,USD
2026-08-12T06:40:00.000Z,4453.7998046875,4457.0,4453.5,4457.0,197,0.0,0.0,GC=F,NA,NA,USD
2026-08-12T06:41:00.000Z,4456.8999023438,4457.3999023438,4456.0,4456.3999023438,103,0.0,0.0,GC=F,NA,NA,USD
2026-08-12T06:42:00.000Z,4456.2998046875,4456.5,4455.8999023438,4455.8999023438,27,0.0,0.0,GC=F,NA,NA,USD
2026-08-12T06:43:00.000Z,4455.6000976562,4456.7001953125,4455.6000976562,4456.7001953125,24,0.0,0.0,GC=F,NA,NA,USD
2026-08-12T06:44:00.000Z,4456.2998046875,4456.2998046875,4453.7001953125,4453.8999023438,67,0.0,0.0,GC=F,NA,NA,USD
2026-08-12T06:45:00.000Z,4454.3999023438,4458.3999023438,4454.3999023438,4458.2998046875,198,0.0,0.0,GC=F,NA,NA,USD
2026-08-12T06:46:00.000Z,4458.2998046875,4458.7998046875,4457.2998046875,4457.3999023438,90,0.0,0.0,GC=F,NA,NA,USD
2026-08-12T06:47:00.000Z,4457.2998046875,4458.2998046875,4456.7998046875,4457.8999023438,66,0.0,0.0,GC=F,NA,NA,USD
2026-08-12T06:48:00.000Z,4457.8999023438,4459.5,4457.7001953125,4458.5,92,0.0,0.0,GC=F,NA,NA,USD
2026-08-12T06:49:00.000Z,4458.8999023438,4460.6000976562,4458.8999023438,4459.7998046875,105,0.0,0.0,GC=F,NA,NA,USD
2026-08-12T06:50:00.000Z,4459.6000976562,4461.2001953125,4459.5,4460.8999023438,61,0.0,0.0,GC=F,NA,NA,USD
2026-08-12T06:51:00.000Z,4460.7998046875,4463.2998046875,4460.3999023438,4462.7998046875,174,0.0,0.0,GC=F,NA,NA,USD
2026-08-12T06:52:00.000Z,4462.6000976562,4463.1000976562,4461.7998046875,4462.2001953125,82,0.0,0.0,GC=F,NA,NA,USD
2026-08-12T06:53:00.000Z,4462.0,4462.0,4460.2001953125,4461.2001953125,134,0.0,0.0,GC=F,NA,NA,USD
2026-08-12T06:54:00.000Z,4460.7001953125,4461.7998046875,4460.7001953125,4460.8999023438,51,0.0,0.0,GC=F,NA,NA,USD
2026-08-12T06:55:00.000Z,4460.8999023438,4464.8999023438,4460.8999023438,4464.1000976562,289,0.0,0.0,GC=F,NA,NA,USD
2026-08-12T06:56:00.000Z,4464.1000976562,4466.1000976562,4463.7998046875,4465.8999023438,200,0.0,0.0,GC=F,NA,NA,USD
2026-08-12T06:57:00.000Z,4465.7998046875,4465.7998046875,4464.0,4464.1000976562,43,0.0,0.0,GC=F,NA,NA,USD
2026-08-12T06:58:00.000Z,4463.7998046875,4464.2998046875,4462.7998046875,4462.7998046875,44,0.0,0.0,GC=F,NA,NA,USD
2026-08-12T06:59:00.000Z,4462.7001953125,4463.5,4462.7001953125,4463.2001953125,55,0.0,0.0,GC=F,NA,NA,USD
2026-08-12T07:00:00.000Z,4463.0,4465.7001953125,4463.0,4465.2998046875,171,0.0,0.0,GC=F,NA,NA,USD
2026-08-12T07:01:00.000Z,4465.2001953125,4465.2998046875,4461.5,4462.0,103,0.0,0.0,GC=F,NA,NA,USD
2026-08-12T07:02:00.000Z,4461.8999023438,4463.7001953125,4461.7001953125,4463.6000976562,52,0.0,0.0,GC=F,NA,NA,USD
2026-08-12T07:03:00.000Z,4463.8999023438,4464.6000976562,4461.8999023438,4461.8999023438,99,0.0,0.0,GC=F,NA,NA,USD
2026-08-12T07:04:00.000Z,4462.0,4462.5,4460.5,4460.8999023438,158,0.0,0.0,GC=F,NA,NA,USD
2026-08-12T07:05:00.000Z,4460.8999023438,4461.6000976562,4460.5,4460.7001953125,99,0.0,0.0,GC=F,NA,NA,USD
2026-08-12T07:06:00.000Z,4460.8999023438,4462.2998046875,4460.8999023438,4461.8999023438,43,0.0,0.0,GC=F,NA,NA,USD
2026-08-12T07:07:00.000Z,4461.3999023438,4462.7998046875,4461.1000976562,4461.7998046875,98,0.0,0.0,GC=F,NA,NA,USD
2026-08-12T07:08:00.000Z,4461.7998046875,4462.0,4460.7001953125,4460.7998046875,24,0.0,0.0,GC=F,NA,NA,USD
2026-08-12T07:09:00.000Z,4461.2001953125,4461.8999023438,4460.3999023438,4461.3999023438,43,0.0,0.0,GC=F,NA,NA,USD
2026-08-12T07:10:00.000Z,4461.7998046875,4462.8999023438,4461.7998046875,4462.7001953125,44,0.0,0.0,GC=F,NA,NA,USD
2026-08-12T07:11:00.000Z,4462.8999023438,4464.0,4462.8999023438,4464.0,86,0.0,0.0,GC=F,NA,NA,USD
2026-08-12T07:12:00.000Z,4463.7001953125,4464.7998046875,4463.2998046875,4464.6000976562,48,0.0,0.0,GC=F,NA,NA,USD
2026-08-12T07:13:00.000Z,4464.2998046875,4465.3999023438,4464.2998046875,4464.2998046875,65,0.0,0.0,GC=F,NA,NA,USD
2026-08-12T07:14:00.000Z,4464.1000976562,4464.5,4460.6000976562,4460.7998046875,119,0.0,0.0,GC=F,NA,NA,USD
2026-08-12T07:15:00.000Z,4460.7998046875,4460.7998046875,4459.5,4459.7998046875,133,0.0,0.0,GC=F,NA,NA,USD
2026-08-12T07:16:00.000Z,4460.0,4460.0,4458.7998046875,4458.7998046875,58,0.0,0.0,GC=F,NA,NA,USD
2026-08-12T07:17:00.000Z,4458.7001953125,4459.3999023438,4458.2998046875,4458.8999023438,54,0.0,0.0,GC=F,NA,NA,USD
2026-08-12T07:18:00.000Z,4458.6000976562,4459.0,4457.8999023438,4458.8999023438,59,0.0,0.0,GC=F,NA,NA,USD
2026-08-12T07:19:00.000Z,4459.1000976562,4459.2998046875,4458.1000976562,4458.5,46,0.0,0.0,GC=F,NA,NA,USD
2026-08-12T07:20:00.000Z,4458.6000976562,4458.6000976562,4457.5,4458.0,73,0.0,0.0,GC=F,NA,NA,USD
2026-08-12T07:21:00.000Z,4458.0,4458.6000976562,4457.3999023438,4458.1000976562,36,0.0,0.0,GC=F,NA,NA,USD
2026-08-12T07:22:00.000Z,4458.3999023438,4459.2001953125,4458.3999023438,4458.8999023438,37,0.0,0.0,GC=F,NA,NA,USD
2026-08-12T07:23:00.000Z,4458.7001953125,4459.2001953125,4458.5,4459.0,21,0.0,0.0,GC=F,NA,NA,USD
2026-08-12T07:24:00.000Z,4458.7998046875,4459.8999023438,4458.7001953125,4459.5,29,0.0,0.0,GC=F,NA,NA,USD
2026-08-12T07:25:00.000Z,4459.6000976562,4460.1000976562,4459.0,4460.0,39,0.0,0.0,GC=F,NA,NA,USD
2026-08-12T07:26:00.000Z,4460.2001953125,4460.2001953125,4459.7001953125,4459.8999023438,57,0.0,0.0,GC=F,NA,NA,USD
2026-08-12T07:27:00.000Z,4459.7998046875,4462.1000976562,4459.7998046875,4461.2001953125,72,0.0,0.0,GC=F,NA,NA,USD
2026-08-12T07:28:00.000Z,4461.3999023438,4461.8999023438,4461.0,4461.2001953125,58,0.0,0.0,GC=F,NA,NA,USD
2026-08-12T07:29:00.000Z,4461.3999023438,4462.1000976562,4461.3999023438,4461.7001953125,41,0.0,0.0,GC=F,NA,NA,USD
2026-08-12T07:30:00.000Z,4461.7001953125,4462.3999023438,4461.2001953125,4461.5,78,0.0,0.0,GC=F,NA,NA,USD
2026-08-12T07:31:00.000Z,4461.5,4461.6000976562,4460.7998046875,4460.7998046875,51,0.0,0.0,GC=F,NA,NA,USD
2026-08-12T07:32:00.000Z,4460.7998046875,4463.2001953125,4460.7998046875,4463.0,69,0.0,0.0,GC=F,NA,NA,USD
2026-08-12T07:33:00.000Z,4463.0,4463.3999023438,4462.7001953125,4463.2001953125,61,0.0,0.0,GC=F,NA,NA,USD
2026-08-12T07:34:00.000Z,4463.3999023438,4464.8999023438,4463.1000976562,4463.1000976562,67,0.0,0.0,GC=F,NA,NA,USD
2026-08-12T07:35:00.000Z,4463.2998046875,4464.0,4462.7998046875,4463.8999023438,38,0.0,0.0,GC=F,NA,NA,USD
2026-08-12T07:36:00.000Z,4463.7001953125,4465.2001953125,4463.6000976562,4464.7001953125,80,0.0,0.0,GC=F,NA,NA,USD
2026-08-12T07:37:00.000Z,4464.3999023438,4464.7998046875,4464.1000976562,4464.2998046875,41,0.0,0.0,GC=F,NA,NA,USD
2026-08-12T07:38:00.000Z,4464.2001953125,4465.2001953125,4464.1000976562,4464.5,56,0.0,0.0,GC=F,NA,NA,USD
2026-08-12T07:39:00.000Z,4464.6000976562,4467.0,4464.6000976562,4466.7001953125,174,0.0,0.0,GC=F,NA,NA,USD
2026-08-12T07:40:00.000Z,4466.7001953125,4466.7998046875,4465.1000976562,4465.2998046875,55,0.0,0.0,GC=F,NA,NA,USD
2026-08-12T07:41:00.000Z,4465.2998046875,4466.2998046875,4465.2001953125,4465.8999023438,52,0.0,0.0,GC=F,NA,NA,USD
2026-08-12T07:42:00.000Z,4465.8999023438,4467.7998046875,4465.8999023438,4467.7998046875,95,0.0,0.0,GC=F,NA,NA,USD
2026-08-12T07:43:00.000Z,4467.5,4467.7998046875,4466.7001953125,4466.8999023438,85,0.0,0.0,GC=F,NA,NA,USD
2026-08-12T07:44:00.000Z,4466.7001953125,4467.7998046875,4466.3999023438,4467.5,81,0.0,0.0,GC=F,NA,NA,USD
2026-08-12T07:45:00.000Z,4467.2998046875,4467.8999023438,4465.7001953125,4465.8999023438,121,0.0,0.0,GC=F,NA,NA,USD
2026-08-12T07:46:00.000Z,4465.8999023438,4467.0,4465.3999023438,4466.7998046875,120,0.0,0.0,GC=F,NA,NA,USD
2026-08-12T07:47:00.000Z,4466.8999023438,4467.2998046875,4465.8999023438,4466.1000976562,127,0.0,0.0,GC=F,NA,NA,USD
2026-08-12T07:48:00.000Z,4466.5,4468.7998046875,4466.5,4468.5,171,0.0,0.0,GC=F,NA,NA,USD
2026-08-12T07:49:00.000Z,4468.7001953125,4469.3999023438,4467.5,4468.0,129,0.0,0.0,GC=F,NA,NA,USD
2026-08-12T07:50:00.000Z,4468.5,4469.0,4467.1000976562,4467.2998046875,82,0.0,0.0,GC=F,NA,NA,USD
2026-08-12T07:51:00.000Z,4467.7001953125,4469.5,4467.0,4467.7001953125,105,0.0,0.0,GC=F,NA,NA,USD
2026-08-12T07:52:00.000Z,4468.2998046875,4469.5,4467.7001953125,4469.2998046875,69,0.0,0.0,GC=F,NA,NA,USD
2026-08-12T07:53:00.000Z,4469.5,4469.5,4467.7998046875,4468.1000976562,47,0.0,0.0,GC=F,NA,NA,USD
2026-08-12T07:54:00.000Z,4467.7998046875,4468.5,4467.7998046875,4468.2998046875,12,0.0,0.0,GC=F,NA,NA,USD
2026-08-12T07:55:00.000Z,4468.1000976562,4468.1000976562,4466.1000976562,4466.3999023438,48,0.0,0.0,GC=F,NA,NA,USD
2026-08-12T07:56:00.000Z,4466.2001953125,4466.2998046875,4464.3999023438,4464.6000976562,85,0.0,0.0,GC=F,NA,NA,USD
2026-08-12T07:57:00.000Z,4464.7998046875,4464.8999023438,4464.3999023438,4464.7001953125,17,0.0,0.0,GC=F,NA,NA,USD
2026-08-12T07:58:00.000Z,4464.5,4465.2001953125,4464.1000976562,4464.2001953125,91,0.0,0.0,GC=F,NA,NA,USD
2026-08-12T07:59:00.000Z,4464.2001953125,4465.8999023438,4464.2001953125,4465.8999023438,65,0.0,0.0,GC=F,NA,NA,USD
2026-08-12T08:00:00.000Z,4465.8999023438,4466.8999023438,4465.2998046875,4465.5,119,0.0,0.0,GC=F,NA,NA,USD
2026-08-12T08:01:00.000Z,4466.2001953125,4467.7998046875,4465.6000976562,4467.7998046875,58,0.0,0.0,GC=F,NA,NA,USD
2026-08-12T08:02:00.000Z,4468.0,4468.7998046875,4467.2998046875,4468.3999023438,43,0.0,0.0,GC=F,NA,NA,USD
2026-08-12T08:03:00.000Z,4468.2998046875,4469.5,4468.2001953125,4469.0,77,0.0,0.0,GC=F,NA,NA,USD
2026-08-12T08:04:00.000Z,4469.2998046875,4469.7998046875,4467.8999023438,4468.2998046875,72,0.0,0.0,GC=F,NA,NA,USD
2026-08-12T08:05:00.000Z,4468.2001953125,4469.0,4467.7998046875,4468.8999023438,43,0.0,0.0,GC=F,NA,NA,USD
2026-08-12T08:06:00.000Z,4469.2001953125,4469.7001953125,4469.1000976562,4469.7001953125,36,0.0,0.0,GC=F,NA,NA,USD
2026-08-12T08:07:00.000Z,4469.7001953125,4470.1000976562,4468.1000976562,4468.5,53,0.0,0.0,GC=F,NA,NA,USD
2026-08-12T08:08:00.000Z,4468.5,4468.6000976562,4467.7998046875,4468.1000976562,44,0.0,0.0,GC=F,NA,NA,USD
2026-08-12T08:09:00.000Z,4467.7998046875,4468.1000976562,4466.8999023438,4466.8999023438,42,0.0,0.0,GC=F,NA,NA,USD
2026-08-12T08:10:00.000Z,4466.8999023438,4469.0,4466.8999023438,4468.0,60,0.0,0.0,GC=F,NA,NA,USD
2026-08-12T08:11:00.000Z,4468.0,4468.3999023438,4467.6000976562,4468.2001953125,63,0.0,0.0,GC=F,NA,NA,USD
2026-08-12T08:12:00.000Z,4468.2001953125,4468.3999023438,4468.0,4468.2001953125,11,0.0,0.0,GC=F,NA,NA,USD
2026-08-12T08:13:00.000Z,4468.2998046875,4468.7001953125,4467.6000976562,4468.2998046875,43,0.0,0.0,GC=F,NA,NA,USD
2026-08-12T08:14:00.000Z,4468.1000976562,4468.6000976562,4467.5,4467.8999023438,70,0.0,0.0,GC=F,NA,NA,USD
2026-08-12T08:15:00.000Z,4467.8999023438,4468.2001953125,4465.7998046875,4466.3999023438,86,0.0,0.0,GC=F,NA,NA,USD
2026-08-12T08:16:00.000Z,4466.2998046875,4466.7001953125,4466.2998046875,4466.2998046875,13,0.0,0.0,GC=F,NA,NA,USD
2026-08-12T08:17:00.000Z,4466.2998046875,4467.0,4465.8999023438,4466.7001953125,28,0.0,0.0,GC=F,NA,NA,USD
2026-08-12T08:18:00.000Z,4466.6000976562,4467.3999023438,4466.2998046875,4467.1000976562,36,0.0,0.0,GC=F,NA,NA,USD
2026-08-12T08:19:00.000Z,4467.2001953125,4467.7001953125,4466.7001953125,4466.7001953125,36,0.0,0.0,GC=F,NA,NA,USD
2026-08-12T08:20:00.000Z,4466.8999023438,4468.7998046875,4466.8999023438,4468.2001953125,76,0.0,0.0,GC=F,NA,NA,USD
2026-08-12T08:21:00.000Z,4468.2998046875,4468.6000976562,4467.6000976562,4467.6000976562,85,0.0,0.0,GC=F,NA,NA,USD
2026-08-12T08:22:00.000Z,4467.5,4469.0,4467.1000976562,4468.7001953125,47,0.0,0.0,GC=F,NA,NA,USD
2026-08-12T08:23:00.000Z,4468.5,4469.0,4467.8999023438,4468.6000976562,54,0.0,0.0,GC=F,NA,NA,USD
2026-08-12T08:24:00.000Z,4468.6000976562,4468.6000976562,4467.7001953125,4467.7998046875,28,0.0,0.0,GC=F,NA,NA,USD
2026-08-12T08:25:00.000Z,4467.6000976562,4468.0,4467.2998046875,4467.6000976562,41,0.0,0.0,GC=F,NA,NA,USD
2026-08-12T08:26:00.000Z,4467.2998046875,4467.2998046875,4466.0,4466.2001953125,34,0.0,0.0,GC=F,NA,NA,USD
2026-08-12T08:27:00.000Z,4466.2998046875,4466.7001953125,4465.5,4466.0,62,0.0,0.0,GC=F,NA,NA,USD
2026-08-12T08:28:00.000Z,4466.6000976562,4466.6000976562,4465.0,4465.7001953125,42,0.0,0.0,GC=F,NA,NA,USD
2026-08-12T08:29:00.000Z,4465.6000976562,4467.0,4465.3999023438,4466.6000976562,88,0.0,0.0,GC=F,NA,NA,USD
2026-08-12T08:30:00.000Z,4466.3999023438,4466.8999023438,4465.2001953125,4466.1000976562,188,0.0,0.0,GC=F,NA,NA,USD
2026-08-12T08:31:00.000Z,4466.2998046875,4466.2998046875,4464.8999023438,4465.8999023438,186,0.0,0.0,GC=F,NA,NA,USD
2026-08-12T08:32:00.000Z,4466.0,4466.3999023438,4464.8999023438,4465.1000976562,47,0.0,0.0,GC=F,NA,NA,USD
2026-08-12T08:33:00.000Z,4465.5,4466.1000976562,4464.7998046875,4464.7998046875,57,0.0,0.0,GC=F,NA,NA,USD
2026-08-12T08:34:00.000Z,4464.5,4465.2998046875,4464.2998046875,4465.2998046875,20,0.0,0.0,GC=F,NA,NA,USD
2026-08-12T08:35:00.000Z,4465.0,4465.0,4464.1000976562,4464.1000976562,13,0.0,0.0,GC=F,NA,NA,USD
2026-08-12T08:36:00.000Z,4464.2001953125,4465.0,4463.8999023438,4465.0,37,0.0,0.0,GC=F,NA,NA,USD
2026-08-12T08:37:00.000Z,4465.2001953125,4465.5,4464.7001953125,4465.2001953125,23,0.0,0.0,GC=F,NA,NA,USD
2026-08-12T08:38:00.000Z,4465.1000976562,4465.6000976562,4464.1000976562,4465.2998046875,67,0.0,0.0,GC=F,NA,NA,USD
2026-08-12T08:39:00.000Z,4465.2998046875,4465.3999023438,4464.8999023438,4465.1000976562,21,0.0,0.0,GC=F,NA,NA,USD
2026-08-12T08:40:00.000Z,4464.8999023438,4465.2998046875,4464.2001953125,4464.3999023438,18,0.0,0.0,GC=F,NA,NA,USD
2026-08-12T08:41:00.000Z,4464.3999023438,4464.6000976562,4463.6000976562,4464.5,44,0.0,0.0,GC=F,NA,NA,USD
2026-08-12T08:42:00.000Z,4464.2998046875,4465.0,4464.2998046875,4465.0,8,0.0,0.0,GC=F,NA,NA,USD
2026-08-12T08:43:00.000Z,4464.8999023438,4465.3999023438,4464.3999023438,4464.7001953125,60,0.0,0.0,GC=F,NA,NA,USD
2026-08-12T08:44:00.000Z,4464.6000976562,4465.2998046875,4464.5,4464.8999023438,20,0.0,0.0,GC=F,NA,NA,USD
2026-08-12T08:45:00.000Z,4464.6000976562,4464.6000976562,4463.7998046875,4464.2998046875,29,0.0,0.0,GC=F,NA,NA,USD
2026-08-12T08:46:00.000Z,4463.7998046875,4464.5,4463.7001953125,4464.3999023438,15,0.0,0.0,GC=F,NA,NA,USD
2026-08-12T08:47:00.000Z,4464.2001953125,4464.2001953125,4462.0,4462.2001953125,67,0.0,0.0,GC=F,NA,NA,USD
2026-08-12T08:48:00.000Z,4462.5,4463.2001953125,4461.8999023438,4463.2001953125,38,0.0,0.0,GC=F,NA,NA,USD
2026-08-12T08:49:00.000Z,4463.1000976562,4463.5,4463.0,4463.2998046875,31,0.0,0.0,GC=F,NA,NA,USD
2026-08-12T08:50:00.000Z,4463.6000976562,4464.2001953125,4463.2001953125,4463.7001953125,37,0.0,0.0,GC=F,NA,NA,USD
2026-08-12T08:51:00.000Z,4463.7998046875,4463.7998046875,4462.5,4462.5,20,0.0,0.0,GC=F,NA,NA,USD
2026-08-12T08:52:00.000Z,4462.8999023438,4463.0,4462.6000976562,4462.6000976562,33,0.0,0.0,GC=F,NA,NA,USD
2026-08-12T08:53:00.000Z,4462.7998046875,4463.2998046875,4462.7998046875,4463.2998046875,5,0.0,0.0,GC=F,NA,NA,USD
2026-08-12T08:54:00.000Z,4463.2998046875,4463.2998046875,4462.5,4462.5,12,0.0,0.0,GC=F,NA,NA,USD
2026-08-12T08:55:00.000Z,4462.2998046875,4462.6000976562,4461.7998046875,4462.2001953125,19,0.0,0.0,GC=F,NA,NA,USD
2026-08-12T08:56:00.000Z,4462.1000976562,4462.6000976562,4462.0,4462.5,12,0.0,0.0,GC=F,NA,NA,USD
2026-08-12T08:57:00.000Z,4462.2001953125,4462.2001953125,4460.8999023438,4461.2998046875,71,0.0,0.0,GC=F,NA,NA,USD
2026-08-12T08:58:00.000Z,4460.7998046875,4461.8999023438,4460.7998046875,4461.8999023438,24,0.0,0.0,GC=F,NA,NA,USD
2026-08-12T08:59:00.000Z,4461.8999023438,4461.8999023438,4460.6000976562,4460.6000976562,21,0.0,0.0,GC=F,NA,NA,USD
2026-08-12T09:00:00.000Z,4460.8999023438,4462.0,4460.8999023438,4461.8999023438,26,0.0,0.0,GC=F,NA,NA,USD
2026-08-12T09:01:00.000Z,4461.7998046875,4462.7998046875,4461.2998046875,4462.5,30,0.0,0.0,GC=F,NA,NA,USD
2026-08-12T09:02:00.000Z,4462.7998046875,4464.3999023438,4462.7998046875,4464.2001953125,59,0.0,0.0,GC=F,NA,NA,USD
2026-08-12T09:03:00.000Z,4464.2001953125,4466.7998046875,4464.0,4466.3999023438,50,0.0,0.0,GC=F,NA,NA,USD
2026-08-12T09:04:00.000Z,4466.2998046875,4467.0,4466.0,4466.3999023438,88,0.0,0.0,GC=F,NA,NA,USD
2026-08-12T09:05:00.000Z,4466.3999023438,4466.7001953125,4466.0,4466.0,61,0.0,0.0,GC=F,NA,NA,USD
2026-08-12T09:06:00.000Z,4466.2998046875,4467.2001953125,4466.0,4466.6000976562,64,0.0,0.0,GC=F,NA,NA,USD
2026-08-12T09:07:00.000Z,4466.2998046875,4467.7001953125,4466.2001953125,4467.1000976562,70,0.0,0.0,GC=F,NA,NA,USD
2026-08-12T09:08:00.000Z,4467.0,4468.1000976562,4466.7001953125,4466.7001953125,108,0.0,0.0,GC=F,NA,NA,USD
2026-08-12T09:09:00.000Z,4466.7001953125,4468.6000976562,4466.7001953125,4468.1000976562,176,0.0,0.0,GC=F,NA,NA,USD
2026-08-12T09:10:00.000Z,4468.2998046875,4471.1000976562,4467.2998046875,4469.2001953125,203,0.0,0.0,GC=F,NA,NA,USD
2026-08-12T09:11:00.000Z,4469.5,4470.7998046875,4469.2998046875,4470.6000976562,150,0.0,0.0,GC=F,NA,NA,USD
2026-08-12T09:12:00.000Z,4470.6000976562,4471.1000976562,4470.3999023438,4470.7001953125,53,0.0,0.0,GC=F,NA,NA,USD
2026-08-12T09:13:00.000Z,4470.3999023438,4472.3999023438,4469.6000976562,4472.1000976562,129,0.0,0.0,GC=F,NA,NA,USD
2026-08-12T09:14:00.000Z,4471.8999023438,4472.7001953125,4471.1000976562,4472.2001953125,90,0.0,0.0,GC=F,NA,NA,USD
2026-08-12T09:15:00.000Z,4472.6000976562,4477.3999023438,4471.7998046875,4477.2001953125,287,0.0,0.0,GC=F,NA,NA,USD
2026-08-12T09:16:00.000Z,4477.1000976562,4477.1000976562,4474.2001953125,4475.3999023438,125,0.0,0.0,GC=F,NA,NA,USD
2026-08-12T09:17:00.000Z,4475.1000976562,4475.6000976562,4474.0,4475.1000976562,110,0.0,0.0,GC=F,NA,NA,USD
2026-08-12T09:18:00.000Z,4475.0,4475.0,4473.8999023438,4474.7998046875,45,0.0,0.0,GC=F,NA,NA,USD
2026-08-12T09:19:00.000Z,4474.7998046875,4475.5,4474.1000976562,4475.1000976562,40,0.0,0.0,GC=F,NA,NA,USD
2026-08-12T09:20:00.000Z,4475.1000976562,4475.3999023438,4473.1000976562,4473.7001953125,76,0.0,0.0,GC=F,NA,NA,USD
2026-08-12T09:21:00.000Z,4473.5,4473.8999023438,4472.8999023438,4473.1000976562,48,0.0,0.0,GC=F,NA,NA,USD
2026-08-12T09:22:00.000Z,4473.2998046875,4477.0,4472.8999023438,4477.0,207,0.0,0.0,GC=F,NA,NA,USD
2026-08-12T09:23:00.000Z,4477.1000976562,4481.7998046875,4476.8999023438,4480.7998046875,421,0.0,0.0,GC=F,NA,NA,USD
2026-08-12T09:24:00.000Z,4480.6000976562,4484.2001953125,4479.2001953125,4483.6000976562,413,0.0,0.0,GC=F,NA,NA,USD
2026-08-12T09:25:00.000Z,4483.2001953125,4483.5,4478.6000976562,4478.8999023438,173,0.0,0.0,GC=F,NA,NA,USD
2026-08-12T09:26:00.000Z,4478.8999023438,4480.1000976562,4477.2001953125,4477.2001953125,245,0.0,0.0,GC=F,NA,NA,USD
2026-08-12T09:27:00.000Z,4477.2001953125,4477.6000976562,4475.0,4475.2001953125,153,0.0,0.0,GC=F,NA,NA,USD
2026-08-12T09:28:00.000Z,4475.2001953125,4476.0,4474.7001953125,4474.7001953125,53,0.0,0.0,GC=F,NA,NA,USD
2026-08-12T09:29:00.000Z,4475.0,4475.7998046875,4472.5,4472.7001953125,194,0.0,0.0,GC=F,NA,NA,USD
2026-08-12T09:30:00.000Z,4472.7001953125,4474.2001953125,4471.7998046875,4473.1000976562,197,0.0,0.0,GC=F,NA,NA,USD
2026-08-12T09:31:00.000Z,4473.1000976562,4473.6000976562,4472.1000976562,4472.1000976562,105,0.0,0.0,GC=F,NA,NA,USD
2026-08-12T09:32:00.000Z,4472.2001953125,4475.7001953125,4471.6000976562,4474.8999023438,255,0.0,0.0,GC=F,NA,NA,USD
2026-08-12T09:33:00.000Z,4474.7998046875,4475.5,4473.5,4473.7001953125,60,0.0,0.0,GC=F,NA,NA,USD
2026-08-12T09:34:00.000Z,4473.7001953125,4474.5,4473.1000976562,4473.8999023438,52,0.0,0.0,GC=F,NA,NA,USD
2026-08-12T09:35:00.000Z,4474.0,4474.2998046875,4472.2998046875,4473.2998046875,57,0.0,0.0,GC=F,NA,NA,USD
2026-08-12T09:36:00.000Z,4473.2001953125,4473.7001953125,4472.7001953125,4473.5,44,0.0,0.0,GC=F,NA,NA,USD
2026-08-12T09:37:00.000Z,4473.7998046875,4476.0,4473.5,4475.7998046875,156,0.0,0.0,GC=F,NA,NA,USD
2026-08-12T09:38:00.000Z,4475.3999023438,4475.6000976562,4474.2001953125,4475.5,45,0.0,0.0,GC=F,NA,NA,USD
2026-08-12T09:39:00.000Z,4475.2998046875,4476.1000976562,4475.2001953125,4475.8999023438,61,0.0,0.0,GC=F,NA,NA,USD
2026-08-12T09:40:00.000Z,4475.7998046875,4476.7998046875,4475.6000976562,4475.7001953125,45,0.0,0.0,GC=F,NA,NA,USD
2026-08-12T09:41:00.000Z,4475.5,4476.7998046875,4474.3999023438,4475.3999023438,148,0.0,0.0,GC=F,NA,NA,USD
2026-08-12T09:42:00.000Z,4475.3999023438,4476.0,4475.0,4475.2998046875,89,0.0,0.0,GC=F,NA,NA,USD
2026-08-12T09:43:00.000Z,4475.2998046875,4475.2998046875,4473.5,4474.3999023438,40,0.0,0.0,GC=F,NA,NA,USD
2026-08-12T09:44:00.000Z,4474.2998046875,4474.5,4472.6000976562,4473.3999023438,71,0.0,0.0,GC=F,NA,NA,USD
2026-08-12T09:45:00.000Z,4473.2998046875,4473.2998046875,4472.1000976562,4473.1000976562,38,0.0,0.0,GC=F,NA,NA,USD
2026-08-12T09:46:00.000Z,4472.7001953125,4473.2998046875,4472.5,4472.8999023438,44,0.0,0.0,GC=F,NA,NA,USD
2026-08-12T09:47:00.000Z,4473.2998046875,4473.5,4472.7001953125,4473.2998046875,17,0.0,0.0,GC=F,NA,NA,USD
2026-08-12T09:48:00.000Z,4473.0,4474.0,4472.0,4472.7998046875,59,0.0,0.0,GC=F,NA,NA,USD
2026-08-12T09:49:00.000Z,4472.6000976562,4473.2001953125,4472.0,4472.2998046875,34,0.0,0.0,GC=F,NA,NA,USD
2026-08-12T09:50:00.000Z,4472.5,4476.2001953125,4472.5,4475.8999023438,135,0.0,0.0,GC=F,NA,NA,USD
2026-08-12T09:51:00.000Z,4475.5,4475.6000976562,4472.7001953125,4472.7001953125,43,0.0,0.0,GC=F,NA,NA,USD
2026-08-12T09:52:00.000Z,4472.8999023438,4472.8999023438,4470.8999023438,4471.1000976562,48,0.0,0.0,GC=F,NA,NA,USD
2026-08-12T09:53:00.000Z,4471.3999023438,4471.6000976562,4470.3999023438,4471.1000976562,50,0.0,0.0,GC=F,NA,NA,USD
2026-08-12T09:54:00.000Z,4471.0,4471.3999023438,4470.0,4471.2998046875,160,0.0,0.0,GC=F,NA,NA,USD
2026-08-12T09:55:00.000Z,4471.3999023438,4472.6000976562,4470.7998046875,4471.2001953125,140,0.0,0.0,GC=F,NA,NA,USD
2026-08-12T09:56:00.000Z,4471.2998046875,4472.0,4471.2001953125,4472.0,35,0.0,0.0,GC=F,NA,NA,USD
2026-08-12T09:57:00.000Z,4472.1000976562,4476.1000976562,4472.0,4474.3999023438,237,0.0,0.0,GC=F,NA,NA,USD
2026-08-12T09:58:00.000Z,4474.7998046875,4475.2998046875,4474.1000976562,4474.7001953125,95,0.0,0.0,GC=F,NA,NA,USD
2026-08-12T09:59:00.000Z,4474.6000976562,4476.0,4473.8999023438,4475.3999023438,157,0.0,0.0,GC=F,NA,NA,USD
2026-08-12T10:00:00.000Z,4475.5,4475.7001953125,4474.7001953125,4475.2998046875,40,0.0,0.0,GC=F,NA,NA,USD
2026-08-12T10:01:00.000Z,4475.1000976562,4475.7998046875,4474.5,4474.5,33,0.0,0.0,GC=F,NA,NA,USD
2026-08-12T10:02:00.000Z,4474.5,4475.7001953125,4474.2998046875,4474.2998046875,39,0.0,0.0,GC=F,NA,NA,USD
2026-08-12T10:03:00.000Z,4474.1000976562,4475.2998046875,4474.1000976562,4475.2998046875,18,0.0,0.0,GC=F,NA,NA,USD
2026-08-12T10:04:00.000Z,4475.3999023438,4475.3999023438,4474.2001953125,4474.2998046875,29,0.0,0.0,GC=F,NA,NA,USD
2026-08-12T10:05:00.000Z,4474.7001953125,4476.3999023438,4474.7001953125,4475.7001953125,67,0.0,0.0,GC=F,NA,NA,USD
2026-08-12T10:06:00.000Z,4475.7001953125,4477.0,4475.5,4476.6000976562,59,0.0,0.0,GC=F,NA,NA,USD
2026-08-12T10:07:00.000Z,4476.3999023438,4476.3999023438,4475.0,4475.6000976562,43,0.0,0.0,GC=F,NA,NA,USD
2026-08-12T10:08:00.000Z,4476.1000976562,4476.2001953125,4475.1000976562,4475.1000976562,28,0.0,0.0,GC=F,NA,NA,USD
2026-08-12T10:09:00.000Z,4474.8999023438,4479.7998046875,4474.8999023438,4477.5,388,0.0,0.0,GC=F,NA,NA,USD
2026-08-12T10:10:00.000Z,4477.3999023438,4478.2998046875,4477.3999023438,4478.2001953125,39,0.0,0.0,GC=F,NA,NA,USD
2026-08-12T10:11:00.000Z,4477.6000976562,4478.2998046875,4476.7001953125,4478.2001953125,67,0.0,0.0,GC=F,NA,NA,USD
2026-08-12T10:12:00.000Z,4478.1000976562,4478.7998046875,4477.0,4478.7998046875,73,0.0,0.0,GC=F,NA,NA,USD
2026-08-12T10:13:00.000Z,4478.6000976562,4479.1000976562,4477.6000976562,4478.7998046875,42,0.0,0.0,GC=F,NA,NA,USD
2026-08-12T10:14:00.000Z,4478.7001953125,4478.8999023438,4476.6000976562,4477.7001953125,45,0.0,0.0,GC=F,NA,NA,USD
2026-08-12T10:15:00.000Z,4477.7998046875,4478.8999023438,4476.8999023438,4478.7001953125,69,0.0,0.0,GC=F,NA,NA,USD
2026-08-12T10:16:00.000Z,4478.7001953125,4478.7001953125,4477.3999023438,4477.6000976562,17,0.0,0.0,GC=F,NA,NA,USD
2026-08-12T10:17:00.000Z,4477.6000976562,4478.7001953125,4477.6000976562,4478.3999023438,59,0.0,0.0,GC=F,NA,NA,USD
2026-08-12T10:18:00.000Z,4478.0,4479.0,4477.3999023438,4478.6000976562,96,0.0,0.0,GC=F,NA,NA,USD
2026-08-12T10:19:00.000Z,4478.2998046875,4479.5,4478.2998046875,4479.2998046875,81,0.0,0.0,GC=F,NA,NA,USD
2026-08-12T10:20:00.000Z,4479.2001953125,4480.2001953125,4478.7998046875,4479.7001953125,76,0.0,0.0,GC=F,NA,NA,USD
2026-08-12T10:21:00.000Z,4479.7998046875,4480.0,4478.8999023438,4478.8999023438,41,0.0,0.0,GC=F,NA,NA,USD
2026-08-12T10:22:00.000Z,4478.5,4479.6000976562,4478.5,4479.2998046875,13,0.0,0.0,GC=F,NA,NA,USD
2026-08-12T10:23:00.000Z,4479.6000976562,4479.6000976562,4478.7998046875,4479.2998046875,30,0.0,0.0,GC=F,NA,NA,USD
2026-08-12T10:24:00.000Z,4479.2001953125,4479.5,4478.2001953125,4478.2998046875,125,0.0,0.0,GC=F,NA,NA,USD
2026-08-12T10:25:00.000Z,4478.6000976562,4479.0,4477.3999023438,4478.3999023438,28,0.0,0.0,GC=F,NA,NA,USD
2026-08-12T10:26:00.000Z,4478.2998046875,4479.5,4478.1000976562,4479.1000976562,29,0.0,0.0,GC=F,NA,NA,USD
2026-08-12T10:27:00.000Z,4479.0,4480.2998046875,4478.7001953125,4479.8999023438,83,0.0,0.0,GC=F,NA,NA,USD
2026-08-12T10:28:00.000Z,4480.0,4480.3999023438,4479.2998046875,4479.7998046875,39,0.0,0.0,GC=F,NA,NA,USD
2026-08-12T10:29:00.000Z,4479.6000976562,4480.0,4478.7998046875,4479.2001953125,37,0.0,0.0,GC=F,NA,NA,USD
2026-08-12T10:30:00.000Z,4479.2001953125,4479.2001953125,4477.7998046875,4478.0,119,0.0,0.0,GC=F,NA,NA,USD
2026-08-12T10:31:00.000Z,4478.0,4479.0,4477.2998046875,4479.0,44,0.0,0.0,GC=F,NA,NA,USD
2026-08-12T10:32:00.000Z,4478.7998046875,4478.7998046875,4476.7998046875,4477.7001953125,191,0.0,0.0,GC=F,NA,NA,USD
2026-08-12T10:33:00.000Z,4477.7001953125,4477.7001953125,4476.2998046875,4476.7001953125,95,0.0,0.0,GC=F,NA,NA,USD
2026-08-12T10:34:00.000Z,4476.6000976562,4476.6000976562,4476.2001953125,4476.2001953125,17,0.0,0.0,GC=F,NA,NA,USD
2026-08-12T10:35:00.000Z,4476.2998046875,4476.2998046875,4475.1000976562,4475.6000976562,63,0.0,0.0,GC=F,NA,NA,USD
2026-08-12T10:36:00.000Z,4475.2998046875,4475.6000976562,4475.2001953125,4475.5,30,0.0,0.0,GC=F,NA,NA,USD
2026-08-12T10:37:00.000Z,4475.3999023438,4475.6000976562,4474.7001953125,4475.1000976562,69,0.0,0.0,GC=F,NA,NA,USD
2026-08-12T10:38:00.000Z,4474.8999023438,4474.8999023438,4473.3999023438,4473.3999023438,65,0.0,0.0,GC=F,NA,NA,USD
2026-08-12T10:39:00.000Z,4473.6000976562,4473.6000976562,4472.2001953125,4473.3999023438,115,0.0,0.0,GC=F,NA,NA,USD
2026-08-12T10:40:00.000Z,4473.7001953125,4474.5,4472.8999023438,4473.6000976562,56,0.0,0.0,GC=F,NA,NA,USD
2026-08-12T10:41:00.000Z,4473.6000976562,4473.8999023438,4472.7998046875,4473.3999023438,30,0.0,0.0,GC=F,NA,NA,USD
2026-08-12T10:42:00.000Z,4473.2998046875,4473.6000976562,4472.7001953125,4472.7998046875,31,0.0,0.0,GC=F,NA,NA,USD
2026-08-12T10:43:00.000Z,4472.7998046875,4473.2998046875,4472.7998046875,4473.2998046875,15,0.0,0.0,GC=F,NA,NA,USD
2026-08-12T10:44:00.000Z,4473.5,4474.6000976562,4473.2001953125,4474.2001953125,103,0.0,0.0,GC=F,NA,NA,USD
2026-08-12T10:45:00.000Z,4474.1000976562,4474.6000976562,4473.0,4474.6000976562,105,0.0,0.0,GC=F,NA,NA,USD
2026-08-12T10:46:00.000Z,4475.0,4475.0,4474.7998046875,4474.7998046875,6,0.0,0.0,GC=F,NA,NA,USD
2026-08-12T10:47:00.000Z,4474.7001953125,4474.7001953125,4473.1000976562,4473.2001953125,44,0.0,0.0,GC=F,NA,NA,USD
2026-08-12T10:48:00.000Z,4473.2998046875,4473.7998046875,4468.3999023438,4468.3999023438,199,0.0,0.0,GC=F,NA,NA,USD
2026-08-12T10:49:00.000Z,4468.5,4471.0,4465.8999023438,4468.6000976562,389,0.0,0.0,GC=F,NA,NA,USD
2026-08-12T10:50:00.000Z,4468.6000976562,4469.7001953125,4467.6000976562,4468.6000976562,88,0.0,0.0,GC=F,NA,NA,USD
2026-08-12T10:51:00.000Z,4468.3999023438,4469.3999023438,4468.3999023438,4468.7001953125,102,0.0,0.0,GC=F,NA,NA,USD
2026-08-12T10:52:00.000Z,4469.3999023438,4470.2001953125,4468.8999023438,4469.2001953125,31,0.0,0.0,GC=F,NA,NA,USD
2026-08-12T10:53:00.000Z,4469.3999023438,4470.2998046875,4469.2001953125,4469.8999023438,15,0.0,0.0,GC=F,NA,NA,USD
2026-08-12T10:54:00.000Z,4470.0,4470.3999023438,4469.7998046875,4469.7998046875,27,0.0,0.0,GC=F,NA,NA,USD
2026-08-12T10:55:00.000Z,4470.1000976562,4471.7001953125,4469.2001953125,4469.7001953125,72,0.0,0.0,GC=F,NA,NA,USD
2026-08-12T10:56:00.000Z,4469.7998046875,4470.7001953125,4469.3999023438,4470.7001953125,57,0.0,0.0,GC=F,NA,NA,USD
2026-08-12T10:57:00.000Z,4470.8999023438,4470.8999023438,4470.1000976562,4470.3999023438,26,0.0,0.0,GC=F,NA,NA,USD
2026-08-12T10:58:00.000Z,4470.2998046875,4471.7001953125,4470.2998046875,4471.5,45,0.0,0.0,GC=F,NA,NA,USD
2026-08-12T10:59:00.000Z,4471.7001953125,4472.2998046875,4471.3999023438,4472.0,28,0.0,0.0,GC=F,NA,NA,USD
2026-08-12T11:00:00.000Z,4472.2998046875,4474.5,4472.0,4473.2998046875,58,0.0,0.0,GC=F,NA,NA,USD
2026-08-12T11:01:00.000Z,4473.3999023438,4474.5,4472.7998046875,4472.7998046875,46,0.0,0.0,GC=F,NA,NA,USD
2026-08-12T11:02:00.000Z,4472.7998046875,4473.2001953125,4472.2001953125,4472.6000976562,20,0.0,0.0,GC=F,NA,NA,USD
2026-08-12T11:03:00.000Z,4472.7998046875,4472.8999023438,4471.7998046875,4471.7998046875,67,0.0,0.0,GC=F,NA,NA,USD
2026-08-12T11:04:00.000Z,4471.7998046875,4472.0,4470.3999023438,4470.8999023438,93,0.0,0.0,GC=F,NA,NA,USD
2026-08-12T11:05:00.000Z,4470.7998046875,4470.7998046875,4469.0,4470.0,113,0.0,0.0,GC=F,NA,NA,USD
2026-08-12T11:06:00.000Z,4470.0,4470.3999023438,4469.1000976562,4469.6000976562,80,0.0,0.0,GC=F,NA,NA,USD
2026-08-12T11:07:00.000Z,4469.8999023438,4470.6000976562,4469.7001953125,4469.7001953125,46,0.0,0.0,GC=F,NA,NA,USD
2026-08-12T11:08:00.000Z,4469.7001953125,4471.6000976562,4469.5,4471.2001953125,83,0.0,0.0,GC=F,NA,NA,USD
2026-08-12T11:09:00.000Z,4470.7998046875,4471.1000976562,4470.3999023438,4470.3999023438,14,0.0,0.0,GC=F,NA,NA,USD
2026-08-12T11:10:00.000Z,4470.3999023438,4470.7001953125,4470.0,4470.0,17,0.0,0.0,GC=F,NA,NA,USD
2026-08-12T11:11:00.000Z,4469.7001953125,4470.8999023438,4469.2998046875,4469.8999023438,41,0.0,0.0,GC=F,NA,NA,USD
2026-08-12T11:12:00.000Z,4469.8999023438,4470.2001953125,4469.0,4469.6000976562,52,0.0,0.0,GC=F,NA,NA,USD
2026-08-12T11:13:00.000Z,4469.6000976562,4470.7001953125,4467.2998046875,4467.7001953125,245,0.0,0.0,GC=F,NA,NA,USD
2026-08-12T11:14:00.000Z,4467.8999023438,4468.7001953125,4467.2001953125,4467.6000976562,119,0.0,0.0,GC=F,NA,NA,USD
2026-08-12T11:15:00.000Z,4467.7001953125,4468.2998046875,4467.5,4468.0,47,0.0,0.0,GC=F,NA,NA,USD
2026-08-12T11:16:00.000Z,4468.2001953125,4469.7001953125,4468.2001953125,4469.0,86,0.0,0.0,GC=F,NA,NA,USD
2026-08-12T11:17:00.000Z,4469.0,4469.1000976562,4468.3999023438,4468.7001953125,29,0.0,0.0,GC=F,NA,NA,USD
2026-08-12T11:18:00.000Z,4468.7001953125,4469.8999023438,4468.7001953125,4469.8999023438,27,0.0,0.0,GC=F,NA,NA,USD
2026-08-12T11:19:00.000Z,4469.7001953125,4469.7001953125,4468.8999023438,4469.7001953125,43,0.0,0.0,GC=F,NA,NA,USD
2026-08-12T11:20:00.000Z,4469.7001953125,4470.1000976562,4469.6000976562,4470.1000976562,17,0.0,0.0,GC=F,NA,NA,USD
2026-08-12T11:21:00.000Z,4470.2998046875,4470.3999023438,4469.7998046875,4469.8999023438,11,0.0,0.0,GC=F,NA,NA,USD
2026-08-12T11:22:00.000Z,4469.7998046875,4470.2001953125,4469.6000976562,4469.6000976562,18,0.0,0.0,GC=F,NA,NA,USD
2026-08-12T11:23:00.000Z,4469.3999023438,4470.7998046875,4469.3999023438,4470.2998046875,47,0.0,0.0,GC=F,NA,NA,USD
2026-08-12T11:24:00.000Z,4470.6000976562,4471.1000976562,4470.2001953125,4470.5,53,0.0,0.0,GC=F,NA,NA,USD
2026-08-12T11:25:00.000Z,4470.6000976562,4471.7001953125,4469.7998046875,4470.3999023438,75,0.0,0.0,GC=F,NA,NA,USD
2026-08-12T11:26:00.000Z,4470.2998046875,4471.7001953125,4470.1000976562,4471.3999023438,28,0.0,0.0,GC=F,NA,NA,USD
2026-08-12T11:27:00.000Z,4471.7998046875,4472.8999023438,4471.2998046875,4472.7998046875,297,0.0,0.0,GC=F,NA,NA,USD
2026-08-12T11:28:00.000Z,4472.5,4473.2998046875,4472.2998046875,4472.6000976562,90,0.0,0.0,GC=F,NA,NA,USD
2026-08-12T11:29:00.000Z,4472.5,4476.6000976562,4472.5,4474.6000976562,441,0.0,0.0,GC=F,NA,NA,USD
2026-08-12T11:30:00.000Z,4474.8999023438,4475.7001953125,4474.1000976562,4474.3999023438,100,0.0,0.0,GC=F,NA,NA,USD
2026-08-12T11:31:00.000Z,4474.5,4475.2998046875,4474.2998046875,4475.2001953125,49,0.0,0.0,GC=F,NA,NA,USD
2026-08-12T11:32:00.000Z,4475.2001953125,4475.2001953125,4474.3999023438,4475.1000976562,12,0.0,0.0,GC=F,NA,NA,USD
2026-08-12T11:33:00.000Z,4475.0,4475.2998046875,4473.8999023438,4474.1000976562,51,0.0,0.0,GC=F,NA,NA,USD
2026-08-12T11:34:00.000Z,4474.2998046875,4474.2998046875,4472.7998046875,4473.0,68,0.0,0.0,GC=F,NA,NA,USD
2026-08-12T11:35:00.000Z,4473.1000976562,4473.6000976562,4472.7998046875,4472.7998046875,26,0.0,0.0,GC=F,NA,NA,USD
2026-08-12T11:36:00.000Z,4473.2998046875,4473.2998046875,4471.6000976562,4471.7998046875,61,0.0,0.0,GC=F,NA,NA,USD
2026-08-12T11:37:00.000Z,4472.0,4472.0,4470.5,4470.7001953125,51,0.0,0.0,GC=F,NA,NA,USD
2026-08-12T11:38:00.000Z,4470.7998046875,4471.7998046875,4469.8999023438,4471.7001953125,41,0.0,0.0,GC=F,NA,NA,USD
2026-08-12T11:39:00.000Z,4471.6000976562,4471.6000976562,4470.7998046875,4471.6000976562,20,0.0,0.0,GC=F,NA,NA,USD
2026-08-12T11:40:00.000Z,4471.7001953125,4473.7998046875,4471.6000976562,4473.1000976562,47,0.0,0.0,GC=F,NA,NA,USD
2026-08-12T11:41:00.000Z,4472.8999023438,4473.5,4472.5,4473.1000976562,32,0.0,0.0,GC=F,NA,NA,USD
2026-08-12T11:42:00.000Z,4473.0,4473.0,4472.1000976562,4472.1000976562,18,0.0,0.0,GC=F,NA,NA,USD
2026-08-12T11:43:00.000Z,4472.1000976562,4472.7998046875,4472.0,4472.5,38,0.0,0.0,GC=F,NA,NA,USD
2026-08-12T11:44:00.000Z,4472.6000976562,4473.3999023438,4472.3999023438,4473.0,66,0.0,0.0,GC=F,NA,NA,USD
2026-08-12T11:45:00.000Z,4473.2001953125,4474.1000976562,4472.7001953125,4473.7998046875,53,0.0,0.0,GC=F,NA,NA,USD
2026-08-12T11:46:00.000Z,4473.8999023438,4473.8999023438,4473.3999023438,4473.3999023438,25,0.0,0.0,GC=F,NA,NA,USD
2026-08-12T11:47:00.000Z,4473.2998046875,4473.7998046875,4473.2998046875,4473.7998046875,9,0.0,0.0,GC=F,NA,NA,USD
2026-08-12T11:48:00.000Z,4473.6000976562,4473.6000976562,4472.2998046875,4472.8999023438,66,0.0,0.0,GC=F,NA,NA,USD
2026-08-12T11:49:00.000Z,4472.3999023438,4473.2998046875,4472.2998046875,4473.2998046875,40,0.0,0.0,GC=F,NA,NA,USD
2026-08-12T11:50:00.000Z,4473.5,4473.7001953125,4472.7998046875,4472.7998046875,17,0.0,0.0,GC=F,NA,NA,USD
2026-08-12T11:51:00.000Z,4473.0,4474.0,4472.5,4473.2001953125,40,0.0,0.0,GC=F,NA,NA,USD
2026-08-12T11:52:00.000Z,4473.2998046875,4473.6000976562,4472.7998046875,4473.2001953125,345,0.0,0.0,GC=F,NA,NA,USD
2026-08-12T11:53:00.000Z,4473.5,4474.0,4473.3999023438,4473.8999023438,50,0.0,0.0,GC=F,NA,NA,USD
2026-08-12T11:54:00.000Z,4473.3999023438,4474.1000976562,4473.3999023438,4474.0,19,0.0,0.0,GC=F,NA,NA,USD
2026-08-12T11:55:00.000Z,4474.1000976562,4475.0,4473.7001953125,4473.7001953125,24,0.0,0.0,GC=F,NA,NA,USD
2026-08-12T11:56:00.000Z,4474.0,4475.2998046875,4473.7001953125,4473.7998046875,91,0.0,0.0,GC=F,NA,NA,USD
2026-08-12T11:57:00.000Z,4473.6000976562,4473.7001953125,4472.2998046875,4472.5,141,0.0,0.0,GC=F,NA,NA,USD
2026-08-12T11:58:00.000Z,4472.7001953125,4473.2001953125,4472.1000976562,4473.1000976562,61,0.0,0.0,GC=F,NA,NA,USD
2026-08-12T11:59:00.000Z,4473.5,4473.5,4472.1000976562,4472.3999023438,53,0.0,0.0,GC=F,NA,NA,USD
2026-08-12T12:00:00.000Z,4472.3999023438,4472.6000976562,4471.7998046875,4472.2998046875,52,0.0,0.0,GC=F,NA,NA,USD
2026-08-12T12:01:00.000Z,4472.0,4472.0,4470.5,4470.7998046875,77,0.0,0.0,GC=F,NA,NA,USD
2026-08-12T12:02:00.000Z,4470.8999023438,4471.5,4469.6000976562,4470.1000976562,202,0.0,0.0,GC=F,NA,NA,USD
2026-08-12T12:03:00.000Z,4470.3999023438,4470.5,4468.6000976562,4468.7998046875,76,0.0,0.0,GC=F,NA,NA,USD
2026-08-12T12:04:00.000Z,4468.3999023438,4468.7998046875,4467.2998046875,4468.1000976562,82,0.0,0.0,GC=F,NA,NA,USD
2026-08-12T12:05:00.000Z,4468.2998046875,4468.3999023438,4466.7001953125,4467.0,137,0.0,0.0,GC=F,NA,NA,USD
2026-08-12T12:06:00.000Z,4466.7001953125,4467.6000976562,4466.1000976562,4467.1000976562,110,0.0,0.0,GC=F,NA,NA,USD
2026-08-12T12:07:00.000Z,4467.0,4468.2998046875,4467.0,4468.2998046875,98,0.0,0.0,GC=F,NA,NA,USD
2026-08-12T12:08:00.000Z,4468.1000976562,4468.7001953125,4466.7998046875,4467.3999023438,233,0.0,0.0,GC=F,NA,NA,USD
2026-08-12T12:09:00.000Z,4467.5,4468.2998046875,4466.1000976562,4466.7998046875,77,0.0,0.0,GC=F,NA,NA,USD
2026-08-12T12:10:00.000Z,4466.6000976562,4468.0,4466.1000976562,4466.7001953125,207,0.0,0.0,GC=F,NA,NA,USD
2026-08-12T12:11:00.000Z,4466.7001953125,4468.7001953125,4465.5,4468.3999023438,143,0.0,0.0,GC=F,NA,NA,USD
2026-08-12T12:12:00.000Z,4468.3999023438,4468.8999023438,4467.2998046875,4467.7001953125,61,0.0,0.0,GC=F,NA,NA,USD
2026-08-12T12:13:00.000Z,4467.0,4467.8999023438,4466.6000976562,4467.7998046875,88,0.0,0.0,GC=F,NA,NA,USD
2026-08-12T12:14:00.000Z,4467.6000976562,4468.1000976562,4467.5,4468.1000976562,77,0.0,0.0,GC=F,NA,NA,USD
2026-08-12T12:15:00.000Z,4468.0,4468.3999023438,4467.0,4467.0,104,0.0,0.0,GC=F,NA,NA,USD
2026-08-12T12:16:00.000Z,4467.1000976562,4467.7001953125,4466.0,4466.3999023438,106,0.0,0.0,GC=F,NA,NA,USD
2026-08-12T12:17:00.000Z,4466.2998046875,4467.5,4465.8999023438,4467.2001953125,67,0.0,0.0,GC=F,NA,NA,USD
2026-08-12T12:18:00.000Z,4467.0,4467.8999023438,4466.3999023438,4467.6000976562,147,0.0,0.0,GC=F,NA,NA,USD
2026-08-12T12:19:00.000Z,4467.8999023438,4468.2998046875,4466.2998046875,4467.7998046875,146,0.0,0.0,GC=F,NA,NA,USD
2026-08-12T12:20:00.000Z,4467.7998046875,4469.0,4466.2998046875,4467.5,219,0.0,0.0,GC=F,NA,NA,USD
2026-08-12T12:21:00.000Z,4467.7001953125,4469.1000976562,4466.3999023438,4467.2998046875,325,0.0,0.0,GC=F,NA,NA,USD
2026-08-12T12:22:00.000Z,4467.2001953125,4467.5,4464.2998046875,4466.7001953125,397,0.0,0.0,GC=F,NA,NA,USD
2026-08-12T12:23:00.000Z,4466.6000976562,4468.2998046875,4466.2998046875,4467.7001953125,98,0.0,0.0,GC=F,NA,NA,USD
2026-08-12T12:24:00.000Z,4467.5,4467.5,4465.8999023438,4465.8999023438,84,0.0,0.0,GC=F,NA,NA,USD
2026-08-12T12:25:00.000Z,4465.7998046875,4465.7998046875,4463.5,4465.1000976562,196,0.0,0.0,GC=F,NA,NA,USD
2026-08-12T12:26:00.000Z,4465.2998046875,4468.5,4464.8999023438,4468.0,104,0.0,0.0,GC=F,NA,NA,USD
2026-08-12T12:27:00.000Z,4468.0,4472.5,4467.6000976562,4472.2001953125,316,0.0,0.0,GC=F,NA,NA,USD
2026-08-12T12:28:00.000Z,4472.1000976562,4476.0,4470.3999023438,4474.7001953125,617,0.0,0.0,GC=F,NA,NA,USD
2026-08-12T12:29:00.000Z,4475.0,4487.7001953125,4473.2001953125,4487.7001953125,610,0.0,0.0,GC=F,NA,NA,USD
2026-08-12T12:30:00.000Z,4488.0,4492.8999023438,4440.0,4454.0,3262,0.0,0.0,GC=F,NA,NA,USD
2026-08-12T12:31:00.000Z,4454.3999023438,4470.1000976562,4447.5,4468.2001953125,1970,0.0,0.0,GC=F,NA,NA,USD
2026-08-12T12:32:00.000Z,4467.8999023438,4478.7001953125,4467.1000976562,4476.8999023438,1120,0.0,0.0,GC=F,NA,NA,USD
2026-08-12T12:33:00.000Z,4477.7001953125,4483.3999023438,4476.6000976562,4482.0,927,0.0,0.0,GC=F,NA,NA,USD
2026-08-12T12:34:00.000Z,4481.7001953125,4491.5,4481.2001953125,4484.7001953125,991,0.0,0.0,GC=F,NA,NA,USD
2026-08-12T12:35:00.000Z,4484.6000976562,4484.6000976562,4475.2001953125,4476.0,731,0.0,0.0,GC=F,NA,NA,USD
2026-08-12T12:36:00.000Z,4476.5,4482.2998046875,4476.2001953125,4480.8999023438,493,0.0,0.0,GC=F,NA,NA,USD
2026-08-12T12:37:00.000Z,4480.7998046875,4486.6000976562,4480.0,4486.0,451,0.0,0.0,GC=F,NA,NA,USD
2026-08-12T12:38:00.000Z,4486.1000976562,4486.5,4480.2998046875,4484.5,476,0.0,0.0,GC=F,NA,NA,USD
2026-08-12T12:39:00.000Z,4483.8999023438,4490.6000976562,4483.2998046875,4489.2001953125,617,0.0,0.0,GC=F,NA,NA,USD
2026-08-12T12:40:00.000Z,4489.0,4489.3999023438,4483.6000976562,4489.1000976562,445,0.0,0.0,GC=F,NA,NA,USD
2026-08-12T12:41:00.000Z,4489.1000976562,4489.7001953125,4484.5,4487.5,357,0.0,0.0,GC=F,NA,NA,USD
2026-08-12T12:42:00.000Z,4487.7998046875,4492.0,4486.7998046875,4491.6000976562,692,0.0,0.0,GC=F,NA,NA,USD
2026-08-12T12:43:00.000Z,4491.5,4498.0,4491.3999023438,4494.6000976562,2580,0.0,0.0,GC=F,NA,NA,USD
2026-08-12T12:44:00.000Z,4494.7998046875,4495.1000976562,4488.2998046875,4488.2998046875,761,0.0,0.0,GC=F,NA,NA,USD
2026-08-12T12:45:00.000Z,4488.5,4488.5,4480.2998046875,4482.8999023438,601,0.0,0.0,GC=F,NA,NA,USD
2026-08-12T12:46:00.000Z,4482.5,4482.5,4480.0,4481.2001953125,268,0.0,0.0,GC=F,NA,NA,USD
2026-08-12T12:47:00.000Z,4481.3999023438,4481.3999023438,4475.8999023438,4481.2998046875,417,0.0,0.0,GC=F,NA,NA,USD
2026-08-12T12:48:00.000Z,4481.2001953125,4484.0,4480.2001953125,4483.2001953125,259,0.0,0.0,GC=F,NA,NA,USD
2026-08-12T12:49:00.000Z,4483.2001953125,4483.8999023438,4480.3999023438,4481.2998046875,228,0.0,0.0,GC=F,NA,NA,USD
2026-08-12T12:50:00.000Z,4481.3999023438,4486.7998046875,4481.0,4484.2998046875,282,0.0,0.0,GC=F,NA,NA,USD
2026-08-12T12:51:00.000Z,4484.5,4486.5,4483.7998046875,4486.2998046875,200,0.0,0.0,GC=F,NA,NA,USD
2026-08-12T12:52:00.000Z,4486.0,4486.2998046875,4482.2001953125,4484.2998046875,153,0.0,0.0,GC=F,NA,NA,USD
2026-08-12T12:53:00.000Z,4484.3999023438,4488.6000976562,4482.7001953125,4487.0,207,0.0,0.0,GC=F,NA,NA,USD
2026-08-12T12:54:00.000Z,4487.1000976562,4488.6000976562,4486.7001953125,4487.7001953125,143,0.0,0.0,GC=F,NA,NA,USD
2026-08-12T12:55:00.000Z,4487.5,4489.2001953125,4487.0,4489.2001953125,121,0.0,0.0,GC=F,NA,NA,USD
2026-08-12T12:56:00.000Z,4489.2001953125,4489.7998046875,4486.7998046875,4489.7998046875,226,0.0,0.0,GC=F,NA,NA,USD
2026-08-12T12:57:00.000Z,4489.6000976562,4493.8999023438,4489.5,4489.7998046875,364,0.0,0.0,GC=F,NA,NA,USD
2026-08-12T12:58:00.000Z,4489.8999023438,4496.7998046875,4489.7001953125,4494.2001953125,562,0.0,0.0,GC=F,NA,NA,USD
2026-08-12T12:59:00.000Z,4494.1000976562,4499.2998046875,4493.3999023438,4498.2001953125,435,0.0,0.0,GC=F,NA,NA,USD
2026-08-12T13:00:00.000Z,4497.7998046875,4502.7001953125,4490.8999023438,4492.0,1421,0.0,0.0,GC=F,NA,NA,USD
2026-08-12T13:01:00.000Z,4492.2998046875,4493.8999023438,4486.7998046875,4487.7998046875,512,0.0,0.0,GC=F,NA,NA,USD
2026-08-12T13:02:00.000Z,4488.1000976562,4494.3999023438,4488.1000976562,4493.3999023438,356,0.0,0.0,GC=F,NA,NA,USD
2026-08-12T13:03:00.000Z,4493.2001953125,4495.5,4490.5,4490.5,934,0.0,0.0,GC=F,NA,NA,USD
2026-08-12T13:04:00.000Z,4490.6000976562,4494.0,4489.5,4492.5,168,0.0,0.0,GC=F,NA,NA,USD
2026-08-12T13:05:00.000Z,4492.2998046875,4494.6000976562,4489.8999023438,4490.5,198,0.0,0.0,GC=F,NA,NA,USD
2026-08-12T13:06:00.000Z,4490.2001953125,4493.2001953125,4490.1000976562,4493.2001953125,132,0.0,0.0,GC=F,NA,NA,USD
2026-08-12T13:07:00.000Z,4493.0,4493.8999023438,4487.7998046875,4489.2998046875,252,0.0,0.0,GC=F,NA,NA,USD
2026-08-12T13:08:00.000Z,4489.6000976562,4492.1000976562,4489.1000976562,4491.2001953125,125,0.0,0.0,GC=F,NA,NA,USD
2026-08-12T13:09:00.000Z,4491.2998046875,4491.2998046875,4487.7998046875,4489.7001953125,118,0.0,0.0,GC=F,NA,NA,USD
2026-08-12T13:10:00.000Z,4490.2001953125,4490.3999023438,4487.2998046875,4488.6000976562,155,0.0,0.0,GC=F,NA,NA,USD
2026-08-12T13:11:00.000Z,4489.6000976562,4490.8999023438,4487.3999023438,4489.6000976562,322,0.0,0.0,GC=F,NA,NA,USD
2026-08-12T13:12:00.000Z,4489.7001953125,4490.2001953125,4485.0,4485.7001953125,243,0.0,0.0,GC=F,NA,NA,USD
2026-08-12T13:13:00.000Z,4485.7998046875,4486.7001953125,4482.7001953125,4484.6000976562,213,0.0,0.0,GC=F,NA,NA,USD
2026-08-12T13:14:00.000Z,4484.3999023438,4484.8999023438,4480.0,4481.8999023438,385,0.0,0.0,GC=F,NA,NA,USD
2026-08-12T13:15:00.000Z,4481.7001953125,4484.2998046875,4480.7001953125,4484.1000976562,245,0.0,0.0,GC=F,NA,NA,USD
2026-08-12T13:16:00.000Z,4484.2001953125,4485.1000976562,4482.8999023438,4484.2001953125,147,0.0,0.0,GC=F,NA,NA,USD
2026-08-12T13:17:00.000Z,4483.7998046875,4488.6000976562,4483.7001953125,4488.2998046875,203,0.0,0.0,GC=F,NA,NA,USD
2026-08-12T13:18:00.000Z,4488.5,4488.8999023438,4486.0,4486.5,98,0.0,0.0,GC=F,NA,NA,USD
2026-08-12T13:19:00.000Z,4486.1000976562,4486.3999023438,4483.2001953125,4484.0,318,0.0,0.0,GC=F,NA,NA,USD
2026-08-12T13:20:00.000Z,4484.5,4487.5,4482.5,4485.0,138,0.0,0.0,GC=F,NA,NA,USD
2026-08-12T13:21:00.000Z,4485.0,4485.2001953125,4480.8999023438,4480.8999023438,178,0.0,0.0,GC=F,NA,NA,USD
2026-08-12T13:22:00.000Z,4480.5,4482.0,4479.5,4479.8999023438,201,0.0,0.0,GC=F,NA,NA,USD
2026-08-12T13:23:00.000Z,4479.8999023438,4480.3999023438,4477.7998046875,4478.8999023438,228,0.0,0.0,GC=F,NA,NA,USD
2026-08-12T13:24:00.000Z,4479.2001953125,4479.8999023438,4476.7998046875,4476.7998046875,201,0.0,0.0,GC=F,NA,NA,USD
2026-08-12T13:25:00.000Z,4476.6000976562,4478.0,4474.3999023438,4474.8999023438,358,0.0,0.0,GC=F,NA,NA,USD
2026-08-12T13:26:00.000Z,4474.7001953125,4478.3999023438,4474.3999023438,4478.3999023438,203,0.0,0.0,GC=F,NA,NA,USD
2026-08-12T13:27:00.000Z,4478.2998046875,4479.2001953125,4476.7998046875,4477.5,139,0.0,0.0,GC=F,NA,NA,USD
2026-08-12T13:28:00.000Z,4477.7998046875,4478.2998046875,4476.1000976562,4478.2998046875,110,0.0,0.0,GC=F,NA,NA,USD
2026-08-12T13:29:00.000Z,4478.2001953125,4478.5,4475.6000976562,4478.2001953125,196,0.0,0.0,GC=F,NA,NA,USD
2026-08-12T13:30:00.000Z,4478.3999023438,4480.8999023438,4476.2998046875,4478.6000976562,619,0.0,0.0,GC=F,NA,NA,USD
2026-08-12T13:31:00.000Z,4478.7001953125,4478.7001953125,4474.0,4476.0,401,0.0,0.0,GC=F,NA,NA,USD
2026-08-12T13:32:00.000Z,4476.2001953125,4478.8999023438,4475.1000976562,4476.5,184,0.0,0.0,GC=F,NA,NA,USD
2026-08-12T13:33:00.000Z,4476.3999023438,4478.7001953125,4475.3999023438,4476.5,283,0.0,0.0,GC=F,NA,NA,USD
2026-08-12T13:34:00.000Z,4476.7998046875,4476.7998046875,4472.0,4473.5,473,0.0,0.0,GC=F,NA,NA,USD
2026-08-12T13:35:00.000Z,4473.2998046875,4476.3999023438,4472.6000976562,4475.5,173,0.0,0.0,GC=F,NA,NA,USD
2026-08-12T13:36:00.000Z,4475.8999023438,4479.3999023438,4474.8999023438,4476.7001953125,279,0.0,0.0,GC=F,NA,NA,USD
2026-08-12T13:37:00.000Z,4476.7998046875,4477.3999023438,4473.1000976562,4474.3999023438,230,0.0,0.0,GC=F,NA,NA,USD
2026-08-12T13:38:00.000Z,4474.5,4478.5,4473.7998046875,4475.0,259,0.0,0.0,GC=F,NA,NA,USD
2026-08-12T13:39:00.000Z,4474.6000976562,4474.8999023438,4470.0,4471.6000976562,385,0.0,0.0,GC=F,NA,NA,USD
2026-08-12T13:40:00.000Z,4471.7001953125,4472.2998046875,4468.0,4469.8999023438,557,0.0,0.0,GC=F,NA,NA,USD
2026-08-12T13:41:00.000Z,4469.5,4473.2998046875,4468.8999023438,4473.0,322,0.0,0.0,GC=F,NA,NA,USD
2026-08-12T13:42:00.000Z,4472.6000976562,4475.8999023438,4470.2998046875,4475.8999023438,251,0.0,0.0,GC=F,NA,NA,USD
2026-08-12T13:43:00.000Z,4475.7001953125,4480.2001953125,4474.0,4478.1000976562,710,0.0,0.0,GC=F,NA,NA,USD
2026-08-12T13:44:00.000Z,4478.2001953125,4479.6000976562,4473.6000976562,4475.7998046875,426,0.0,0.0,GC=F,NA,NA,USD
2026-08-12T13:45:00.000Z,4476.3999023438,4479.2998046875,4475.7001953125,4479.2998046875,221,0.0,0.0,GC=F,NA,NA,USD
2026-08-12T13:46:00.000Z,4479.6000976562,4482.5,4478.2001953125,4482.5,418,0.0,0.0,GC=F,NA,NA,USD
2026-08-12T13:47:00.000Z,4482.2998046875,4485.6000976562,4481.7001953125,4484.0,406,0.0,0.0,GC=F,NA,NA,USD
2026-08-12T13:48:00.000Z,4484.3999023438,4488.2001953125,4484.0,4486.5,361,0.0,0.0,GC=F,NA,NA,USD
2026-08-12T13:49:00.000Z,4486.6000976562,4488.1000976562,4485.8999023438,4487.8999023438,318,0.0,0.0,GC=F,NA,NA,USD
2026-08-12T13:50:00.000Z,4488.1000976562,4489.3999023438,4486.2998046875,4488.0,265,0.0,0.0,GC=F,NA,NA,USD
2026-08-12T13:51:00.000Z,4487.7001953125,4490.5,4487.2998046875,4490.3999023438,266,0.0,0.0,GC=F,NA,NA,USD
2026-08-12T13:52:00.000Z,4490.1000976562,4491.0,4487.2001953125,4487.3999023438,279,0.0,0.0,GC=F,NA,NA,USD
2026-08-12T13:53:00.000Z,4487.7001953125,4493.0,4486.6000976562,4492.6000976562,394,0.0,0.0,GC=F,NA,NA,USD
2026-08-12T13:54:00.000Z,4492.8999023438,4494.0,4491.6000976562,4492.2998046875,212,0.0,0.0,GC=F,NA,NA,USD
2026-08-12T13:55:00.000Z,4492.2998046875,4492.6000976562,4489.8999023438,4490.2001953125,282,0.0,0.0,GC=F,NA,NA,USD
2026-08-12T13:56:00.000Z,4490.3999023438,4492.7001953125,4488.1000976562,4489.6000976562,279,0.0,0.0,GC=F,NA,NA,USD
2026-08-12T13:57:00.000Z,4489.5,4491.0,4488.3999023438,4489.8999023438,153,0.0,0.0,GC=F,NA,NA,USD
2026-08-12T13:58:00.000Z,4490.2001953125,4491.2998046875,4489.6000976562,4490.7001953125,125,0.0,0.0,GC=F,NA,NA,USD
2026-08-12T13:59:00.000Z,4491.6000976562,4492.3999023438,4486.6000976562,4487.3999023438,355,0.0,0.0,GC=F,NA,NA,USD
2026-08-12T14:00:00.000Z,4487.5,4488.8999023438,4483.6000976562,4486.6000976562,550,0.0,0.0,GC=F,NA,NA,USD
2026-08-12T14:01:00.000Z,4487.0,4487.7001953125,4484.7001953125,4485.5,254,0.0,0.0,GC=F,NA,NA,USD
2026-08-12T14:02:00.000Z,4485.3999023438,4485.6000976562,4480.3999023438,4482.2998046875,710,0.0,0.0,GC=F,NA,NA,USD
2026-08-12T14:03:00.000Z,4482.2001953125,4485.1000976562,4481.5,4485.0,185,0.0,0.0,GC=F,NA,NA,USD
2026-08-12T14:04:00.000Z,4484.8999023438,4487.0,4482.2001953125,4486.7998046875,199,0.0,0.0,GC=F,NA,NA,USD
2026-08-12T14:05:00.000Z,4486.6000976562,4488.5,4486.2998046875,4487.2998046875,207,0.0,0.0,GC=F,NA,NA,USD
2026-08-12T14:06:00.000Z,4487.1000976562,4488.3999023438,4486.0,4488.2998046875,146,0.0,0.0,GC=F,NA,NA,USD
2026-08-12T14:07:00.000Z,4488.2998046875,4490.1000976562,4487.3999023438,4488.3999023438,173,0.0,0.0,GC=F,NA,NA,USD
2026-08-12T14:08:00.000Z,4488.0,4489.1000976562,4487.5,4488.1000976562,80,0.0,0.0,GC=F,NA,NA,USD
2026-08-12T14:09:00.000Z,4488.1000976562,4489.8999023438,4487.6000976562,4489.5,101,0.0,0.0,GC=F,NA,NA,USD
2026-08-12T14:10:00.000Z,4489.5,4491.0,4489.2001953125,4490.7998046875,328,0.0,0.0,GC=F,NA,NA,USD
2026-08-12T14:11:00.000Z,4490.7998046875,4494.3999023438,4490.7998046875,4494.0,392,0.0,0.0,GC=F,NA,NA,USD
2026-08-12T14:12:00.000Z,4494.3999023438,4495.1000976562,4493.2001953125,4494.8999023438,377,0.0,0.0,GC=F,NA,NA,USD
2026-08-12T14:13:00.000Z,4494.7998046875,4495.2001953125,4492.8999023438,4493.6000976562,151,0.0,0.0,GC=F,NA,NA,USD
2026-08-12T14:14:00.000Z,4493.7001953125,4493.7001953125,4491.7998046875,4491.8999023438,95,0.0,0.0,GC=F,NA,NA,USD
2026-08-12T14:15:00.000Z,4492.1000976562,4494.0,4490.0,4493.5,184,0.0,0.0,GC=F,NA,NA,USD
2026-08-12T14:16:00.000Z,4493.8999023438,4496.7998046875,4493.6000976562,4496.1000976562,292,0.0,0.0,GC=F,NA,NA,USD
2026-08-12T14:17:00.000Z,4496.2998046875,4496.5,4493.3999023438,4494.7998046875,138,0.0,0.0,GC=F,NA,NA,USD
2026-08-12T14:18:00.000Z,4495.0,4497.7001953125,4494.7001953125,4497.1000976562,151,0.0,0.0,GC=F,NA,NA,USD
2026-08-12T14:19:00.000Z,4497.2998046875,4497.6000976562,4495.3999023438,4496.3999023438,199,0.0,0.0,GC=F,NA,NA,USD
2026-08-12T14:20:00.000Z,4496.2998046875,4496.7001953125,4493.7998046875,4495.6000976562,160,0.0,0.0,GC=F,NA,NA,USD
2026-08-12T14:21:00.000Z,4496.0,4499.7998046875,4496.0,4497.0,327,0.0,0.0,GC=F,NA,NA,USD
2026-08-12T14:22:00.000Z,4497.0,4499.0,4495.7998046875,4496.1000976562,233,0.0,0.0,GC=F,NA,NA,USD
2026-08-12T14:23:00.000Z,4496.0,4496.1000976562,4494.8999023438,4495.7001953125,134,0.0,0.0,GC=F,NA,NA,USD
2026-08-12T14:24:00.000Z,4495.7001953125,4497.2998046875,4495.7001953125,4496.5,138,0.0,0.0,GC=F,NA,NA,USD
2026-08-12T14:25:00.000Z,4496.3999023438,4496.7001953125,4493.2001953125,4493.3999023438,184,0.0,0.0,GC=F,NA,NA,USD
2026-08-12T14:26:00.000Z,4493.3999023438,4494.3999023438,4490.7998046875,4494.3999023438,247,0.0,0.0,GC=F,NA,NA,USD
2026-08-12T14:27:00.000Z,4494.0,4495.0,4493.2998046875,4494.8999023438,110,0.0,0.0,GC=F,NA,NA,USD
2026-08-12T14:28:00.000Z,4494.7001953125,4497.2001953125,4494.0,4494.3999023438,117,0.0,0.0,GC=F,NA,NA,USD
2026-08-12T14:29:00.000Z,4494.1000976562,4494.6000976562,4490.2001953125,4491.5,186,0.0,0.0,GC=F,NA,NA,USD
2026-08-12T14:30:00.000Z,4491.2998046875,4496.0,4491.1000976562,4491.7998046875,277,0.0,0.0,GC=F,NA,NA,USD
2026-08-12T14:31:00.000Z,4491.5,4491.7998046875,4479.0,4486.2998046875,1451,0.0,0.0,GC=F,NA,NA,USD
2026-08-12T14:32:00.000Z,4486.2001953125,4487.5,4485.2001953125,4486.8999023438,356,0.0,0.0,GC=F,NA,NA,USD
2026-08-12T14:33:00.000Z,4487.5,4489.2001953125,4487.2998046875,4487.7001953125,114,0.0,0.0,GC=F,NA,NA,USD
2026-08-12T14:34:00.000Z,4487.3999023438,4487.3999023438,4479.7001953125,4480.5,495,0.0,0.0,GC=F,NA,NA,USD
2026-08-12T14:35:00.000Z,4480.5,4480.6000976562,4476.2001953125,4479.7998046875,521,0.0,0.0,GC=F,NA,NA,USD
2026-08-12T14:36:00.000Z,4479.7001953125,4483.2998046875,4478.6000976562,4480.6000976562,222,0.0,0.0,GC=F,NA,NA,USD
2026-08-12T14:37:00.000Z,4480.7001953125,4482.2001953125,4479.7998046875,4480.3999023438,195,0.0,0.0,GC=F,NA,NA,USD
2026-08-12T14:38:00.000Z,4479.7998046875,4480.1000976562,4477.8999023438,4478.3999023438,137,0.0,0.0,GC=F,NA,NA,USD
2026-08-12T14:39:00.000Z,4478.6000976562,4478.7001953125,4476.1000976562,4477.7998046875,205,0.0,0.0,GC=F,NA,NA,USD
2026-08-12T14:40:00.000Z,4477.7001953125,4480.6000976562,4477.5,4480.3999023438,184,0.0,0.0,GC=F,NA,NA,USD
2026-08-12T14:41:00.000Z,4480.7001953125,4482.0,4478.2998046875,4478.7001953125,223,0.0,0.0,GC=F,NA,NA,USD
2026-08-12T14:42:00.000Z,4478.5,4480.2001953125,4476.8999023438,4479.5,160,0.0,0.0,GC=F,NA,NA,USD
2026-08-12T14:43:00.000Z,4479.3999023438,4481.3999023438,4479.3999023438,4481.0,145,0.0,0.0,GC=F,NA,NA,USD
2026-08-12T14:44:00.000Z,4481.0,4485.2001953125,4481.0,4484.7998046875,291,0.0,0.0,GC=F,NA,NA,USD
2026-08-12T14:45:00.000Z,4484.7001953125,4488.6000976562,4483.1000976562,4488.2001953125,428,0.0,0.0,GC=F,NA,NA,USD
2026-08-12T14:46:00.000Z,4488.3999023438,4492.0,4487.6000976562,4487.7001953125,496,0.0,0.0,GC=F,NA,NA,USD
2026-08-12T14:47:00.000Z,4487.2998046875,4487.6000976562,4482.2998046875,4482.7001953125,179,0.0,0.0,GC=F,NA,NA,USD
2026-08-12T14:48:00.000Z,4482.5,4482.5,4479.7001953125,4481.3999023438,228,0.0,0.0,GC=F,NA,NA,USD
2026-08-12T14:49:00.000Z,4481.7998046875,4483.2001953125,4481.5,4482.0,151,0.0,0.0,GC=F,NA,NA,USD
2026-08-12T14:50:00.000Z,4481.3999023438,4483.7998046875,4480.7001953125,4480.8999023438,246,0.0,0.0,GC=F,NA,NA,USD
2026-08-12T14:51:00.000Z,4480.7998046875,4481.0,4475.7998046875,4477.3999023438,310,0.0,0.0,GC=F,NA,NA,USD
2026-08-12T14:52:00.000Z,4477.6000976562,4478.7001953125,4476.2998046875,4478.2001953125,201,0.0,0.0,GC=F,NA,NA,USD
2026-08-12T14:53:00.000Z,4478.3999023438,4480.2998046875,4476.1000976562,4480.1000976562,141,0.0,0.0,GC=F,NA,NA,USD
2026-08-12T14:54:00.000Z,4480.0,4481.8999023438,4479.1000976562,4481.8999023438,195,0.0,0.0,GC=F,NA,NA,USD
2026-08-12T14:55:00.000Z,4482.0,4483.0,4480.0,4480.1000976562,291,0.0,0.0,GC=F,NA,NA,USD
2026-08-12T14:56:00.000Z,4479.7998046875,4480.6000976562,4478.2001953125,4479.2998046875,152,0.0,0.0,GC=F,NA,NA,USD
2026-08-12T14:57:00.000Z,4479.2998046875,4480.6000976562,4479.2001953125,4479.8999023438,59,0.0,0.0,GC=F,NA,NA,USD
2026-08-12T14:58:00.000Z,4479.8999023438,4481.1000976562,4479.2998046875,4480.7001953125,39,0.0,0.0,GC=F,NA,NA,USD
2026-08-12T14:59:00.000Z,4480.2001953125,4482.5,4479.7998046875,4481.3999023438,123,0.0,0.0,GC=F,NA,NA,USD
2026-08-12T15:00:00.000Z,4481.2001953125,4481.5,4477.6000976562,4479.8999023438,149,0.0,0.0,GC=F,NA,NA,USD
2026-08-12T15:01:00.000Z,4479.6000976562,4482.6000976562,4478.7998046875,4481.3999023438,131,0.0,0.0,GC=F,NA,NA,USD
2026-08-12T15:02:00.000Z,4481.2998046875,4482.1000976562,4479.0,4479.6000976562,134,0.0,0.0,GC=F,NA,NA,USD
2026-08-12T15:03:00.000Z,4479.6000976562,4481.7998046875,4477.7001953125,4477.7001953125,138,0.0,0.0,GC=F,NA,NA,USD
2026-08-12T15:04:00.000Z,4477.2998046875,4477.2998046875,4474.3999023438,4475.2998046875,330,0.0,0.0,GC=F,NA,NA,USD
2026-08-12T15:05:00.000Z,4475.2998046875,4476.3999023438,4474.0,4475.7001953125,175,0.0,0.0,GC=F,NA,NA,USD
2026-08-12T15:06:00.000Z,4475.8999023438,4478.0,4475.2001953125,4477.6000976562,96,0.0,0.0,GC=F,NA,NA,USD
2026-08-12T15:07:00.000Z,4477.3999023438,4479.2001953125,4477.1000976562,4479.2001953125,134,0.0,0.0,GC=F,NA,NA,USD
2026-08-12T15:08:00.000Z,4479.6000976562,4482.3999023438,4479.0,4480.5,112,0.0,0.0,GC=F,NA,NA,USD
2026-08-12T15:09:00.000Z,4480.1000976562,4482.0,4479.7001953125,4480.7001953125,62,0.0,0.0,GC=F,NA,NA,USD
2026-08-12T15:10:00.000Z,4481.0,4482.5,4480.7998046875,4481.0,122,0.0,0.0,GC=F,NA,NA,USD
2026-08-12T15:11:00.000Z,4481.2001953125,4483.2001953125,4481.0,4483.2001953125,112,0.0,0.0,GC=F,NA,NA,USD
2026-08-12T15:12:00.000Z,4483.2001953125,4487.7001953125,4483.2001953125,4487.3999023438,382,0.0,0.0,GC=F,NA,NA,USD
2026-08-12T15:13:00.000Z,4487.7001953125,4488.3999023438,4486.6000976562,4488.2998046875,203,0.0,0.0,GC=F,NA,NA,USD
2026-08-12T15:14:00.000Z,4488.5,4489.5,4485.3999023438,4486.3999023438,254,0.0,0.0,GC=F,NA,NA,USD
2026-08-12T15:15:00.000Z,4486.5,4486.5,4483.2001953125,4483.2001953125,155,0.0,0.0,GC=F,NA,NA,USD
2026-08-12T15:16:00.000Z,4483.6000976562,4486.2998046875,4483.6000976562,4486.2998046875,127,0.0,0.0,GC=F,NA,NA,USD
2026-08-12T15:17:00.000Z,4486.2998046875,4486.7998046875,4483.3999023438,4483.5,113,0.0,0.0,GC=F,NA,NA,USD
2026-08-12T15:18:00.000Z,4483.2998046875,4483.6000976562,4482.1000976562,4482.2001953125,102,0.0,0.0,GC=F,NA,NA,USD
2026-08-12T15:19:00.000Z,4482.3999023438,4484.2998046875,4481.7001953125,4484.2001953125,112,0.0,0.0,GC=F,NA,NA,USD
2026-08-12T15:20:00.000Z,4484.2998046875,4485.7998046875,4484.0,4485.2998046875,97,0.0,0.0,GC=F,NA,NA,USD
2026-08-12T15:21:00.000Z,4485.5,4486.5,4485.2998046875,4486.0,99,0.0,0.0,GC=F,NA,NA,USD
2026-08-12T15:22:00.000Z,4485.6000976562,4487.8999023438,4485.2001953125,4486.7001953125,118,0.0,0.0,GC=F,NA,NA,USD
2026-08-12T15:23:00.000Z,4486.3999023438,4486.7001953125,4484.6000976562,4485.8999023438,52,0.0,0.0,GC=F,NA,NA,USD
2026-08-12T15:24:00.000Z,4485.7998046875,4486.5,4485.7998046875,4486.5,33,0.0,0.0,GC=F,NA,NA,USD
2026-08-12T15:25:00.000Z,4486.0,4486.0,4483.3999023438,4483.8999023438,72,0.0,0.0,GC=F,NA,NA,USD
2026-08-12T15:26:00.000Z,4484.0,4484.7001953125,4483.7001953125,4484.2998046875,124,0.0,0.0,GC=F,NA,NA,USD
2026-08-12T15:27:00.000Z,4484.0,4484.7998046875,4482.0,4482.7998046875,73,0.0,0.0,GC=F,NA,NA,USD
2026-08-12T15:28:00.000Z,4482.6000976562,4483.1000976562,4481.2001953125,4481.2998046875,65,0.0,0.0,GC=F,NA,NA,USD
2026-08-12T15:29:00.000Z,4481.3999023438,4481.7001953125,4479.3999023438,4481.2001953125,95,0.0,0.0,GC=F,NA,NA,USD
2026-08-12T15:30:00.000Z,4481.1000976562,4484.8999023438,4481.0,4484.7998046875,180,0.0,0.0,GC=F,NA,NA,USD
2026-08-12T15:31:00.000Z,4484.7998046875,4485.0,4482.6000976562,4482.7001953125,37,0.0,0.0,GC=F,NA,NA,USD
2026-08-12T15:32:00.000Z,4482.5,4483.1000976562,4482.0,4482.7998046875,63,0.0,0.0,GC=F,NA,NA,USD
2026-08-12T15:33:00.000Z,4482.7001953125,4483.0,4478.8999023438,4479.2998046875,104,0.0,0.0,GC=F,NA,NA,USD
2026-08-12T15:34:00.000Z,4479.5,4479.6000976562,4478.1000976562,4478.6000976562,130,0.0,0.0,GC=F,NA,NA,USD
2026-08-12T15:35:00.000Z,4478.5,4479.1000976562,4477.6000976562,4478.5,160,0.0,0.0,GC=F,NA,NA,USD
2026-08-12T15:36:00.000Z,4478.2998046875,4478.8999023438,4476.2001953125,4478.5,168,0.0,0.0,GC=F,NA,NA,USD
2026-08-12T15:37:00.000Z,4479.1000976562,4480.7001953125,4479.1000976562,4479.2998046875,66,0.0,0.0,GC=F,NA,NA,USD
2026-08-12T15:38:00.000Z,4479.3999023438,4480.7001953125,4479.2001953125,4480.2998046875,76,0.0,0.0,GC=F,NA,NA,USD
2026-08-12T15:39:00.000Z,4480.3999023438,4480.7001953125,4479.7001953125,4480.5,56,0.0,0.0,GC=F,NA,NA,USD
2026-08-12T15:40:00.000Z,4480.3999023438,4481.3999023438,4479.8999023438,4480.6000976562,66,0.0,0.0,GC=F,NA,NA,USD
2026-08-12T15:41:00.000Z,4480.3999023438,4480.6000976562,4477.7001953125,4479.6000976562,92,0.0,0.0,GC=F,NA,NA,USD
2026-08-12T15:42:00.000Z,4479.8999023438,4481.0,4479.2001953125,4479.8999023438,40,0.0,0.0,GC=F,NA,NA,USD
2026-08-12T15:43:00.000Z,4479.7998046875,4480.5,4479.3999023438,4480.5,34,0.0,0.0,GC=F,NA,NA,USD
2026-08-12T15:44:00.000Z,4480.3999023438,4481.2001953125,4476.5,4477.7001953125,129,0.0,0.0,GC=F,NA,NA,USD
2026-08-12T15:45:00.000Z,4477.7998046875,4478.1000976562,4477.1000976562,4477.5,73,0.0,0.0,GC=F,NA,NA,USD
2026-08-12T15:46:00.000Z,4477.2001953125,4478.0,4476.0,4477.5,150,0.0,0.0,GC=F,NA,NA,USD
2026-08-12T15:47:00.000Z,4477.7998046875,4477.7998046875,4474.7001953125,4475.7001953125,161,0.0,0.0,GC=F,NA,NA,USD
2026-08-12T15:48:00.000Z,4475.8999023438,4476.3999023438,4475.0,4475.0,92,0.0,0.0,GC=F,NA,NA,USD
2026-08-12T15:49:00.000Z,4475.7001953125,4475.7001953125,4473.6000976562,4475.0,128,0.0,0.0,GC=F,NA,NA,USD
2026-08-12T15:50:00.000Z,4475.2001953125,4475.2998046875,4473.2998046875,4473.7001953125,82,0.0,0.0,GC=F,NA,NA,USD
2026-08-12T15:51:00.000Z,4473.6000976562,4473.7998046875,4470.2001953125,4472.2001953125,223,0.0,0.0,GC=F,NA,NA,USD
2026-08-12T15:52:00.000Z,4471.7998046875,4473.0,4471.3999023438,4472.7998046875,401,0.0,0.0,GC=F,NA,NA,USD
2026-08-12T15:53:00.000Z,4472.3999023438,4475.5,4472.3999023438,4475.5,110,0.0,0.0,GC=F,NA,NA,USD
2026-08-12T15:54:00.000Z,4475.2001953125,4476.0,4474.8999023438,4475.7998046875,86,0.0,0.0,GC=F,NA,NA,USD
2026-08-12T15:55:00.000Z,4475.8999023438,4478.6000976562,4475.7998046875,4478.2001953125,202,0.0,0.0,GC=F,NA,NA,USD
2026-08-12T15:56:00.000Z,4478.2001953125,4479.1000976562,4477.7001953125,4478.5,96,0.0,0.0,GC=F,NA,NA,USD
2026-08-12T15:57:00.000Z,4478.6000976562,4480.6000976562,4478.6000976562,4480.6000976562,107,0.0,0.0,GC=F,NA,NA,USD
2026-08-12T15:58:00.000Z,4480.7001953125,4480.7001953125,4479.5,4480.3999023438,67,0.0,0.0,GC=F,NA,NA,USD
2026-08-12T15:59:00.000Z,4480.6000976562,4481.7001953125,4480.2001953125,4480.3999023438,176,0.0,0.0,GC=F,NA,NA,USD
2026-08-12T16:00:00.000Z,4480.2001953125,4484.3999023438,4479.5,4483.5,213,0.0,0.0,GC=F,NA,NA,USD
2026-08-12T16:01:00.000Z,4483.5,4485.2001953125,4483.0,4483.1000976562,237,0.0,0.0,GC=F,NA,NA,USD
2026-08-12T16:02:00.000Z,4483.0,4483.5,4481.2998046875,4481.2998046875,119,0.0,0.0,GC=F,NA,NA,USD
2026-08-12T16:03:00.000Z,4481.1000976562,4481.3999023438,4480.0,4480.0,108,0.0,0.0,GC=F,NA,NA,USD
2026-08-12T16:04:00.000Z,4480.1000976562,4481.1000976562,4477.5,4480.1000976562,141,0.0,0.0,GC=F,NA,NA,USD
2026-08-12T16:05:00.000Z,4479.7998046875,4481.7001953125,4479.3999023438,4481.2998046875,83,0.0,0.0,GC=F,NA,NA,USD
2026-08-12T16:06:00.000Z,4480.7001953125,4481.2998046875,4479.8999023438,4480.0,34,0.0,0.0,GC=F,NA,NA,USD
2026-08-12T16:07:00.000Z,4480.2998046875,4480.2998046875,4478.6000976562,4479.2001953125,77,0.0,0.0,GC=F,NA,NA,USD
2026-08-12T16:08:00.000Z,4478.8999023438,4479.8999023438,4477.5,4478.6000976562,230,0.0,0.0,GC=F,NA,NA,USD
2026-08-12T16:09:00.000Z,4478.5,4479.2001953125,4478.0,4479.2001953125,60,0.0,0.0,GC=F,NA,NA,USD
2026-08-12T16:10:00.000Z,4479.0,4479.8999023438,4476.7998046875,4477.1000976562,114,0.0,0.0,GC=F,NA,NA,USD
2026-08-12T16:11:00.000Z,4477.0,4480.2001953125,4476.3999023438,4479.8999023438,151,0.0,0.0,GC=F,NA,NA,USD
2026-08-12T16:12:00.000Z,4480.0,4481.2998046875,4479.7001953125,4480.7998046875,106,0.0,0.0,GC=F,NA,NA,USD
2026-08-12T16:13:00.000Z,4480.5,4482.7001953125,4480.2998046875,4482.6000976562,59,0.0,0.0,GC=F,NA,NA,USD
2026-08-12T16:14:00.000Z,4482.3999023438,4483.6000976562,4482.2998046875,4482.8999023438,76,0.0,0.0,GC=F,NA,NA,USD
2026-08-12T16:15:00.000Z,4483.2998046875,4484.1000976562,4482.2998046875,4484.1000976562,55,0.0,0.0,GC=F,NA,NA,USD
2026-08-12T16:16:00.000Z,4483.8999023438,4484.5,4482.6000976562,4483.8999023438,85,0.0,0.0,GC=F,NA,NA,USD
2026-08-12T16:17:00.000Z,4483.5,4483.6000976562,4482.1000976562,4483.2998046875,44,0.0,0.0,GC=F,NA,NA,USD
2026-08-12T16:18:00.000Z,4483.8999023438,4485.6000976562,4483.5,4485.2998046875,160,0.0,0.0,GC=F,NA,NA,USD
2026-08-12T16:19:00.000Z,4485.3999023438,4485.8999023438,4483.8999023438,4484.8999023438,149,0.0,0.0,GC=F,NA,NA,USD
2026-08-12T16:20:00.000Z,4485.0,4485.5,4483.5,4483.6000976562,79,0.0,0.0,GC=F,NA,NA,USD
2026-08-12T16:21:00.000Z,4483.7001953125,4484.3999023438,4483.2001953125,4483.7001953125,99,0.0,0.0,GC=F,NA,NA,USD
2026-08-12T16:22:00.000Z,4483.6000976562,4484.5,4483.2001953125,4484.5,49,0.0,0.0,GC=F,NA,NA,USD
2026-08-12T16:23:00.000Z,4484.3999023438,4485.1000976562,4484.0,4485.1000976562,54,0.0,0.0,GC=F,NA,NA,USD
2026-08-12T16:24:00.000Z,4485.2001953125,4486.2001953125,4484.6000976562,4485.6000976562,76,0.0,0.0,GC=F,NA,NA,USD
2026-08-12T16:25:00.000Z,4485.6000976562,4486.1000976562,4483.8999023438,4484.3999023438,145,0.0,0.0,GC=F,NA,NA,USD
2026-08-12T16:26:00.000Z,4484.5,4484.5,4483.6000976562,4483.7001953125,59,0.0,0.0,GC=F,NA,NA,USD
2026-08-12T16:27:00.000Z,4483.2998046875,4483.5,4482.1000976562,4483.2001953125,76,0.0,0.0,GC=F,NA,NA,USD
2026-08-12T16:28:00.000Z,4483.3999023438,4483.3999023438,4482.6000976562,4483.1000976562,44,0.0,0.0,GC=F,NA,NA,USD
2026-08-12T16:29:00.000Z,4482.7998046875,4483.2998046875,4482.5,4483.0,38,0.0,0.0,GC=F,NA,NA,USD
2026-08-12T16:30:00.000Z,4483.1000976562,4483.7001953125,4481.3999023438,4481.7001953125,86,0.0,0.0,GC=F,NA,NA,USD
2026-08-12T16:31:00.000Z,4481.8999023438,4481.8999023438,4480.2998046875,4480.8999023438,74,0.0,0.0,GC=F,NA,NA,USD
2026-08-12T16:32:00.000Z,4480.5,4480.5,4478.6000976562,4478.7001953125,98,0.0,0.0,GC=F,NA,NA,USD
2026-08-12T16:33:00.000Z,4478.6000976562,4479.1000976562,4475.6000976562,4475.7001953125,306,0.0,0.0,GC=F,NA,NA,USD
2026-08-12T16:34:00.000Z,4475.7998046875,4475.7998046875,4472.8999023438,4473.0,311,0.0,0.0,GC=F,NA,NA,USD
2026-08-12T16:35:00.000Z,4472.8999023438,4474.3999023438,4471.1000976562,4474.3999023438,337,0.0,0.0,GC=F,NA,NA,USD
2026-08-12T16:36:00.000Z,4474.3999023438,4475.6000976562,4474.1000976562,4475.1000976562,141,0.0,0.0,GC=F,NA,NA,USD
2026-08-12T16:37:00.000Z,4475.2001953125,4475.7998046875,4473.6000976562,4474.0,115,0.0,0.0,GC=F,NA,NA,USD
2026-08-12T16:38:00.000Z,4473.3999023438,4475.0,4473.1000976562,4475.0,94,0.0,0.0,GC=F,NA,NA,USD
2026-08-12T16:39:00.000Z,4474.7998046875,4475.2001953125,4473.5,4474.0,72,0.0,0.0,GC=F,NA,NA,USD
2026-08-12T16:40:00.000Z,4474.2001953125,4475.7001953125,4473.3999023438,4474.1000976562,131,0.0,0.0,GC=F,NA,NA,USD
2026-08-12T16:41:00.000Z,4474.2001953125,4475.1000976562,4473.2998046875,4474.6000976562,310,0.0,0.0,GC=F,NA,NA,USD
2026-08-12T16:42:00.000Z,4474.2998046875,4474.8999023438,4473.7001953125,4473.7001953125,68,0.0,0.0,GC=F,NA,NA,USD
2026-08-12T16:43:00.000Z,4474.0,4474.7001953125,4470.5,4471.0,135,0.0,0.0,GC=F,NA,NA,USD
2026-08-12T16:44:00.000Z,4470.8999023438,4471.3999023438,4469.2001953125,4470.8999023438,273,0.0,0.0,GC=F,NA,NA,USD
2026-08-12T16:45:00.000Z,4470.7001953125,4471.2001953125,4468.2001953125,4469.3999023438,182,0.0,0.0,GC=F,NA,NA,USD
2026-08-12T16:46:00.000Z,4469.7998046875,4471.0,4468.7001953125,4470.5,132,0.0,0.0,GC=F,NA,NA,USD
2026-08-12T16:47:00.000Z,4470.2998046875,4470.2998046875,4466.2001953125,4466.3999023438,262,0.0,0.0,GC=F,NA,NA,USD
2026-08-12T16:48:00.000Z,4466.2001953125,4466.5,4464.6000976562,4466.0,234,0.0,0.0,GC=F,NA,NA,USD
2026-08-12T16:49:00.000Z,4466.2998046875,4466.6000976562,4462.2001953125,4462.6000976562,404,0.0,0.0,GC=F,NA,NA,USD
2026-08-12T16:50:00.000Z,4462.5,4464.5,4462.3999023438,4464.2001953125,178,0.0,0.0,GC=F,NA,NA,USD
2026-08-12T16:51:00.000Z,4464.1000976562,4465.7001953125,4462.5,4465.0,177,0.0,0.0,GC=F,NA,NA,USD
2026-08-12T16:52:00.000Z,4465.2001953125,4465.2001953125,4463.1000976562,4464.6000976562,82,0.0,0.0,GC=F,NA,NA,USD
2026-08-12T16:53:00.000Z,4464.3999023438,4466.2001953125,4462.7001953125,4466.2001953125,144,0.0,0.0,GC=F,NA,NA,USD
2026-08-12T16:54:00.000Z,4466.2001953125,4466.2001953125,4464.1000976562,4465.2998046875,125,0.0,0.0,GC=F,NA,NA,USD
2026-08-12T16:55:00.000Z,4465.2001953125,4465.2998046875,4461.6000976562,4461.7001953125,272,0.0,0.0,GC=F,NA,NA,USD
2026-08-12T16:56:00.000Z,4461.8999023438,4462.8999023438,4455.8999023438,4458.6000976562,835,0.0,0.0,GC=F,NA,NA,USD
2026-08-12T16:57:00.000Z,4458.3999023438,4461.2998046875,4458.3999023438,4460.3999023438,188,0.0,0.0,GC=F,NA,NA,USD
2026-08-12T16:58:00.000Z,4460.1000976562,4462.0,4459.7998046875,4461.8999023438,195,0.0,0.0,GC=F,NA,NA,USD
2026-08-12T16:59:00.000Z,4462.5,4463.3999023438,4461.7001953125,4461.7001953125,120,0.0,0.0,GC=F,NA,NA,USD
2026-08-12T17:00:00.000Z,4461.7001953125,4462.3999023438,4460.1000976562,4462.2001953125,311,0.0,0.0,GC=F,NA,NA,USD
2026-08-12T17:01:00.000Z,4463.0,4465.7001953125,4462.7998046875,4465.7001953125,202,0.0,0.0,GC=F,NA,NA,USD
2026-08-12T17:02:00.000Z,4465.2001953125,4465.7001953125,4464.3999023438,4465.2001953125,70,0.0,0.0,GC=F,NA,NA,USD
2026-08-12T17:03:00.000Z,4465.0,4465.5,4463.0,4464.3999023438,87,0.0,0.0,GC=F,NA,NA,USD
2026-08-12T17:04:00.000Z,4464.1000976562,4464.1000976562,4462.2998046875,4463.2998046875,65,0.0,0.0,GC=F,NA,NA,USD
2026-08-12T17:05:00.000Z,4463.7998046875,4465.1000976562,4462.7998046875,4465.0,87,0.0,0.0,GC=F,NA,NA,USD
2026-08-12T17:06:00.000Z,4464.7998046875,4467.1000976562,4463.7001953125,4466.3999023438,122,0.0,0.0,GC=F,NA,NA,USD
2026-08-12T17:07:00.000Z,4466.6000976562,4468.0,4466.2998046875,4467.3999023438,209,0.0,0.0,GC=F,NA,NA,USD
2026-08-12T17:08:00.000Z,4467.2001953125,4467.2001953125,4466.0,4466.5,73,0.0,0.0,GC=F,NA,NA,USD
2026-08-12T17:09:00.000Z,4466.7998046875,4467.8999023438,4466.7001953125,4466.8999023438,82,0.0,0.0,GC=F,NA,NA,USD
2026-08-12T17:10:00.000Z,4466.8999023438,4467.0,4465.7998046875,4466.2001953125,64,0.0,0.0,GC=F,NA,NA,USD
2026-08-12T17:11:00.000Z,4466.1000976562,4466.3999023438,4464.8999023438,4465.2998046875,94,0.0,0.0,GC=F,NA,NA,USD
2026-08-12T17:12:00.000Z,4465.2001953125,4465.8999023438,4464.8999023438,4465.2001953125,80,0.0,0.0,GC=F,NA,NA,USD
2026-08-12T17:13:00.000Z,4465.1000976562,4465.7998046875,4464.1000976562,4464.5,108,0.0,0.0,GC=F,NA,NA,USD
2026-08-12T17:14:00.000Z,4464.5,4465.0,4463.5,4464.0,98,0.0,0.0,GC=F,NA,NA,USD
2026-08-12T17:15:00.000Z,4464.1000976562,4464.3999023438,4463.5,4463.6000976562,106,0.0,0.0,GC=F,NA,NA,USD
2026-08-12T17:16:00.000Z,4463.3999023438,4464.6000976562,4461.8999023438,4463.0,152,0.0,0.0,GC=F,NA,NA,USD
2026-08-12T17:17:00.000Z,4463.2001953125,4464.5,4462.7998046875,4463.1000976562,83,0.0,0.0,GC=F,NA,NA,USD
2026-08-12T17:18:00.000Z,4463.0,4463.6000976562,4462.2001953125,4462.8999023438,90,0.0,0.0,GC=F,NA,NA,USD
2026-08-12T17:19:00.000Z,4462.8999023438,4464.5,4462.8999023438,4463.5,112,0.0,0.0,GC=F,NA,NA,USD
2026-08-12T17:20:00.000Z,4463.7001953125,4465.7998046875,4463.2998046875,4465.5,125,0.0,0.0,GC=F,NA,NA,USD
2026-08-12T17:21:00.000Z,4465.5,4467.7001953125,4464.8999023438,4467.2001953125,131,0.0,0.0,GC=F,NA,NA,USD
2026-08-12T17:22:00.000Z,4467.5,4469.2998046875,4467.2998046875,4468.2998046875,226,0.0,0.0,GC=F,NA,NA,USD
2026-08-12T17:23:00.000Z,4468.0,4469.7998046875,4467.3999023438,4469.0,116,0.0,0.0,GC=F,NA,NA,USD
2026-08-12T17:24:00.000Z,4469.2998046875,4470.0,4467.5,4467.7998046875,158,0.0,0.0,GC=F,NA,NA,USD
2026-08-12T17:25:00.000Z,4468.1000976562,4468.2998046875,4467.0,4467.2001953125,96,0.0,0.0,GC=F,NA,NA,USD
2026-08-12T17:26:00.000Z,4467.2001953125,4467.7001953125,4465.6000976562,4467.7001953125,214,0.0,0.0,GC=F,NA,NA,USD
2026-08-12T17:27:00.000Z,4467.6000976562,4468.2998046875,4467.1000976562,4467.2001953125,148,0.0,0.0,GC=F,NA,NA,USD
2026-08-12T17:28:00.000Z,4467.0,4468.0,4466.6000976562,4467.7998046875,149,0.0,0.0,GC=F,NA,NA,USD
2026-08-12T17:29:00.000Z,4467.7998046875,4469.2001953125,4466.2998046875,4466.7001953125,1102,0.0,0.0,GC=F,NA,NA,USD
2026-08-12T17:30:00.000Z,4466.7998046875,4467.7001953125,4466.0,4467.0,366,0.0,0.0,GC=F,NA,NA,USD
2026-08-12T17:31:00.000Z,4467.1000976562,4469.2001953125,4467.1000976562,4467.8999023438,95,0.0,0.0,GC=F,NA,NA,USD
2026-08-12T17:32:00.000Z,4468.7998046875,4469.7001953125,4468.3999023438,4469.3999023438,74,0.0,0.0,GC=F,NA,NA,USD
2026-08-12T17:33:00.000Z,4469.8999023438,4470.8999023438,4469.7998046875,4470.5,56,0.0,0.0,GC=F,NA,NA,USD
2026-08-12T17:34:00.000Z,4470.5,4470.8999023438,4469.7001953125,4470.6000976562,28,0.0,0.0,GC=F,NA,NA,USD
2026-08-12T17:35:00.000Z,4470.6000976562,4471.0,4469.6000976562,4470.7998046875,87,0.0,0.0,GC=F,NA,NA,USD
2026-08-12T17:36:00.000Z,4470.8999023438,4471.7001953125,4469.6000976562,4469.6000976562,124,0.0,0.0,GC=F,NA,NA,USD
2026-08-12T17:37:00.000Z,4469.2998046875,4469.6000976562,4466.8999023438,4467.2998046875,131,0.0,0.0,GC=F,NA,NA,USD
2026-08-12T17:38:00.000Z,4467.3999023438,4467.3999023438,4465.7001953125,4465.7001953125,87,0.0,0.0,GC=F,NA,NA,USD
2026-08-12T17:39:00.000Z,4465.6000976562,4465.8999023438,4465.0,4465.8999023438,81,0.0,0.0,GC=F,NA,NA,USD
2026-08-12T17:40:00.000Z,4466.0,4466.0,4463.0,4464.7001953125,322,0.0,0.0,GC=F,NA,NA,USD
2026-08-12T17:41:00.000Z,4464.7001953125,4465.0,4464.0,4465.0,40,0.0,0.0,GC=F,NA,NA,USD
2026-08-12T17:42:00.000Z,4464.6000976562,4465.0,4464.2998046875,4465.0,19,0.0,0.0,GC=F,NA,NA,USD
2026-08-12T17:43:00.000Z,4464.0,4464.3999023438,4463.3999023438,4463.7001953125,26,0.0,0.0,GC=F,NA,NA,USD
2026-08-12T17:44:00.000Z,4463.2998046875,4463.2998046875,4461.5,4462.2001953125,250,0.0,0.0,GC=F,NA,NA,USD
2026-08-12T17:45:00.000Z,4462.2001953125,4462.7998046875,4462.1000976562,4462.2001953125,19,0.0,0.0,GC=F,NA,NA,USD
2026-08-12T17:46:00.000Z,4462.2001953125,4463.6000976562,4462.2001953125,4463.3999023438,41,0.0,0.0,GC=F,NA,NA,USD
2026-08-12T17:47:00.000Z,4463.3999023438,4464.1000976562,4463.3999023438,4463.3999023438,20,0.0,0.0,GC=F,NA,NA,USD
2026-08-12T17:48:00.000Z,4463.2001953125,4463.6000976562,4463.0,4463.2001953125,17,0.0,0.0,GC=F,NA,NA,USD
2026-08-12T17:49:00.000Z,4463.7001953125,4464.0,4463.1000976562,4463.1000976562,16,0.0,0.0,GC=F,NA,NA,USD
2026-08-12T17:50:00.000Z,4463.2998046875,4464.2001953125,4463.2998046875,4463.7998046875,14,0.0,0.0,GC=F,NA,NA,USD
2026-08-12T17:51:00.000Z,4464.1000976562,4465.7998046875,4464.1000976562,4465.5,323,0.0,0.0,GC=F,NA,NA,USD
2026-08-12T17:52:00.000Z,4465.5,4465.7998046875,4463.7998046875,4463.7998046875,48,0.0,0.0,GC=F,NA,NA,USD
2026-08-12T17:53:00.000Z,4464.2001953125,4464.2001953125,4461.5,4461.5,42,0.0,0.0,GC=F,NA,NA,USD
2026-08-12T17:54:00.000Z,4461.2001953125,4461.2001953125,4459.8999023438,4460.5,109,0.0,0.0,GC=F,NA,NA,USD
2026-08-12T17:55:00.000Z,4460.5,4460.7998046875,4459.8999023438,4460.0,48,0.0,0.0,GC=F,NA,NA,USD
2026-08-12T17:56:00.000Z,4460.1000976562,4461.6000976562,4460.1000976562,4461.6000976562,60,0.0,0.0,GC=F,NA,NA,USD
2026-08-12T17:57:00.000Z,4461.7001953125,4462.0,4460.7001953125,4461.0,41,0.0,0.0,GC=F,NA,NA,USD
2026-08-12T17:58:00.000Z,4461.2001953125,4461.3999023438,4459.2001953125,4459.6000976562,196,0.0,0.0,GC=F,NA,NA,USD
2026-08-12T17:59:00.000Z,4459.3999023438,4459.7001953125,4459.0,4459.6000976562,66,0.0,0.0,GC=F,NA,NA,USD
2026-08-12T18:00:00.000Z,4459.2998046875,4459.5,4457.0,4457.2001953125,118,0.0,0.0,GC=F,NA,NA,USD
2026-08-12T18:01:00.000Z,4457.2001953125,4457.7998046875,4456.0,4457.2998046875,165,0.0,0.0,GC=F,NA,NA,USD
2026-08-12T18:02:00.000Z,4457.2001953125,4458.0,4456.8999023438,4457.2998046875,34,0.0,0.0,GC=F,NA,NA,USD
2026-08-12T18:03:00.000Z,4457.0,4458.2001953125,4456.5,4458.0,69,0.0,0.0,GC=F,NA,NA,USD
2026-08-12T18:04:00.000Z,4458.1000976562,4459.1000976562,4458.1000976562,4458.7998046875,57,0.0,0.0,GC=F,NA,NA,USD
2026-08-12T18:05:00.000Z,4458.5,4459.2001953125,4458.2998046875,4458.7998046875,17,0.0,0.0,GC=F,NA,NA,USD
2026-08-12T18:06:00.000Z,4458.8999023438,4461.2998046875,4458.7998046875,4460.7998046875,70,0.0,0.0,GC=F,NA,NA,USD
2026-08-12T18:07:00.000Z,4461.0,4461.3999023438,4460.6000976562,4461.3999023438,27,0.0,0.0,GC=F,NA,NA,USD
2026-08-12T18:08:00.000Z,4461.3999023438,4463.0,4461.3999023438,4462.2998046875,74,0.0,0.0,GC=F,NA,NA,USD
2026-08-12T18:09:00.000Z,4462.3999023438,4463.8999023438,4462.2001953125,4463.7001953125,45,0.0,0.0,GC=F,NA,NA,USD
2026-08-12T18:10:00.000Z,4464.0,4465.5,4464.0,4464.7001953125,59,0.0,0.0,GC=F,NA,NA,USD
2026-08-12T18:11:00.000Z,4465.5,4466.5,4465.3999023438,4465.3999023438,66,0.0,0.0,GC=F,NA,NA,USD
2026-08-12T18:12:00.000Z,4465.5,4466.1000976562,4465.1000976562,4465.2001953125,41,0.0,0.0,GC=F,NA,NA,USD
2026-08-12T18:13:00.000Z,4465.3999023438,4465.7998046875,4465.3999023438,4465.3999023438,48,0.0,0.0,GC=F,NA,NA,USD
2026-08-12T18:14:00.000Z,4465.1000976562,4465.8999023438,4465.1000976562,4465.7998046875,64,0.0,0.0,GC=F,NA,NA,USD
2026-08-12T18:15:00.000Z,4466.0,4466.0,4464.3999023438,4465.2998046875,49,0.0,0.0,GC=F,NA,NA,USD
2026-08-12T18:16:00.000Z,4465.3999023438,4466.3999023438,4465.0,4466.2001953125,17,0.0,0.0,GC=F,NA,NA,USD
2026-08-12T18:17:00.000Z,4466.2998046875,4467.5,4466.1000976562,4466.8999023438,61,0.0,0.0,GC=F,NA,NA,USD
2026-08-12T18:18:00.000Z,4466.8999023438,4467.2001953125,4466.5,4466.6000976562,17,0.0,0.0,GC=F,NA,NA,USD
2026-08-12T18:19:00.000Z,4467.0,4468.2001953125,4467.0,4468.2001953125,45,0.0,0.0,GC=F,NA,NA,USD
2026-08-12T18:20:00.000Z,4467.7998046875,4468.2998046875,4467.3999023438,4467.3999023438,36,0.0,0.0,GC=F,NA,NA,USD
2026-08-12T18:21:00.000Z,4467.6000976562,4468.3999023438,4467.3999023438,4468.2001953125,34,0.0,0.0,GC=F,NA,NA,USD
2026-08-12T18:22:00.000Z,4468.5,4469.7001953125,4468.5,4469.7001953125,42,0.0,0.0,GC=F,NA,NA,USD
2026-08-12T18:23:00.000Z,4469.7998046875,4470.5,4469.6000976562,4469.8999023438,32,0.0,0.0,GC=F,NA,NA,USD
2026-08-12T18:24:00.000Z,4470.1000976562,4470.7001953125,4469.7001953125,4470.7001953125,45,0.0,0.0,GC=F,NA,NA,USD
2026-08-12T18:25:00.000Z,4470.7001953125,4471.0,4469.7998046875,4470.1000976562,70,0.0,0.0,GC=F,NA,NA,USD
2026-08-12T18:26:00.000Z,4470.2001953125,4470.6000976562,4469.2001953125,4470.6000976562,63,0.0,0.0,GC=F,NA,NA,USD
2026-08-12T18:27:00.000Z,4470.7998046875,4471.3999023438,4469.7001953125,4469.7001953125,59,0.0,0.0,GC=F,NA,NA,USD
2026-08-12T18:28:00.000Z,4469.2001953125,4469.2998046875,4467.2001953125,4467.7998046875,63,0.0,0.0,GC=F,NA,NA,USD
2026-08-12T18:29:00.000Z,4468.0,4468.7998046875,4467.5,4468.3999023438,66,0.0,0.0,GC=F,NA,NA,USD
2026-08-12T18:30:00.000Z,4468.3999023438,4469.6000976562,4467.8999023438,4469.6000976562,36,0.0,0.0,GC=F,NA,NA,USD
2026-08-12T18:31:00.000Z,4469.6000976562,4470.7998046875,4469.1000976562,4470.7998046875,44,0.0,0.0,GC=F,NA,NA,USD
2026-08-12T18:32:00.000Z,4470.5,4471.3999023438,4470.2001953125,4471.2001953125,56,0.0,0.0,GC=F,NA,NA,USD
2026-08-12T18:33:00.000Z,4471.3999023438,4472.5,4470.7998046875,4472.5,152,0.0,0.0,GC=F,NA,NA,USD
2026-08-12T18:34:00.000Z,4472.6000976562,4473.1000976562,4472.1000976562,4472.7001953125,95,0.0,0.0,GC=F,NA,NA,USD
2026-08-12T18:35:00.000Z,4472.2998046875,4473.1000976562,4472.2998046875,4472.3999023438,52,0.0,0.0,GC=F,NA,NA,USD
2026-08-12T18:36:00.000Z,4472.2998046875,4472.3999023438,4471.5,4472.2001953125,30,0.0,0.0,GC=F,NA,NA,USD
2026-08-12T18:37:00.000Z,4472.2998046875,4472.5,4471.2998046875,4471.8999023438,39,0.0,0.0,GC=F,NA,NA,USD
2026-08-12T18:38:00.000Z,4472.1000976562,4472.1000976562,4470.7998046875,4471.0,36,0.0,0.0,GC=F,NA,NA,USD
2026-08-12T18:39:00.000Z,4470.8999023438,4471.0,4470.6000976562,4471.0,19,0.0,0.0,GC=F,NA,NA,USD
2026-08-12T18:40:00.000Z,4470.8999023438,4471.3999023438,4470.3999023438,4471.1000976562,47,0.0,0.0,GC=F,NA,NA,USD
2026-08-12T18:41:00.000Z,4471.1000976562,4471.7998046875,4470.8999023438,4471.6000976562,59,0.0,0.0,GC=F,NA,NA,USD
2026-08-12T18:42:00.000Z,4471.6000976562,4472.2998046875,4470.8999023438,4471.6000976562,72,0.0,0.0,GC=F,NA,NA,USD
2026-08-12T18:43:00.000Z,4471.7001953125,4472.7001953125,4471.6000976562,4472.6000976562,63,0.0,0.0,GC=F,NA,NA,USD
2026-08-12T18:44:00.000Z,4472.6000976562,4473.7001953125,4472.2001953125,4473.5,96,0.0,0.0,GC=F,NA,NA,USD
2026-08-12T18:45:00.000Z,4473.7998046875,4476.2998046875,4473.3999023438,4475.2998046875,363,0.0,0.0,GC=F,NA,NA,USD
2026-08-12T18:46:00.000Z,4475.1000976562,4475.2001953125,4474.2998046875,4474.6000976562,48,0.0,0.0,GC=F,NA,NA,USD
2026-08-12T18:47:00.000Z,4474.6000976562,4474.6000976562,4473.6000976562,4474.2001953125,42,0.0,0.0,GC=F,NA,NA,USD
2026-08-12T18:48:00.000Z,4474.2998046875,4477.8999023438,4473.8999023438,4477.6000976562,209,0.0,0.0,GC=F,NA,NA,USD
2026-08-12T18:49:00.000Z,4477.6000976562,4478.1000976562,4477.1000976562,4477.3999023438,69,0.0,0.0,GC=F,NA,NA,USD
2026-08-12T18:50:00.000Z,4477.2998046875,4477.3999023438,4475.7998046875,4475.7998046875,69,0.0,0.0,GC=F,NA,NA,USD
2026-08-12T18:51:00.000Z,4475.5,4476.1000976562,4475.3999023438,4475.7001953125,41,0.0,0.0,GC=F,NA,NA,USD
2026-08-12T18:52:00.000Z,4475.8999023438,4475.8999023438,4474.2998046875,4474.3999023438,27,0.0,0.0,GC=F,NA,NA,USD
2026-08-12T18:53:00.000Z,4474.7998046875,4475.0,4474.2998046875,4474.2998046875,237,0.0,0.0,GC=F,NA,NA,USD
2026-08-12T18:54:00.000Z,4474.2001953125,4474.5,4473.7001953125,4474.2001953125,70,0.0,0.0,GC=F,NA,NA,USD
2026-08-12T18:55:00.000Z,4474.1000976562,4474.2001953125,4473.5,4474.2001953125,29,0.0,0.0,GC=F,NA,NA,USD
2026-08-12T18:56:00.000Z,4474.0,4474.3999023438,4473.3999023438,4473.3999023438,28,0.0,0.0,GC=F,NA,NA,USD
2026-08-12T18:57:00.000Z,4473.3999023438,4473.3999023438,4473.0,4473.2001953125,22,0.0,0.0,GC=F,NA,NA,USD
2026-08-12T18:58:00.000Z,4473.5,4473.5,4472.8999023438,4473.1000976562,16,0.0,0.0,GC=F,NA,NA,USD
2026-08-12T18:59:00.000Z,4473.2001953125,4473.5,4473.1000976562,4473.2001953125,31,0.0,0.0,GC=F,NA,NA,USD
2026-08-12T19:00:00.000Z,4473.2001953125,4476.3999023438,4473.0,4476.3999023438,72,0.0,0.0,GC=F,NA,NA,USD
2026-08-12T19:01:00.000Z,4476.5,4477.0,4475.8999023438,4476.1000976562,46,0.0,0.0,GC=F,NA,NA,USD
2026-08-12T19:02:00.000Z,4475.8999023438,4476.3999023438,4475.2001953125,4475.2998046875,107,0.0,0.0,GC=F,NA,NA,USD
2026-08-12T19:03:00.000Z,4475.5,4476.2998046875,4475.5,4476.1000976562,45,0.0,0.0,GC=F,NA,NA,USD
2026-08-12T19:04:00.000Z,4476.0,4476.5,4475.7998046875,4476.5,20,0.0,0.0,GC=F,NA,NA,USD
2026-08-12T19:05:00.000Z,4476.3999023438,4478.0,4476.3999023438,4477.7001953125,42,0.0,0.0,GC=F,NA,NA,USD
2026-08-12T19:06:00.000Z,4477.5,4478.2998046875,4476.7001953125,4476.8999023438,87,0.0,0.0,GC=F,NA,NA,USD
2026-08-12T19:07:00.000Z,4476.7998046875,4477.0,4476.2998046875,4476.2998046875,21,0.0,0.0,GC=F,NA,NA,USD
2026-08-12T19:08:00.000Z,4475.8999023438,4475.8999023438,4475.3999023438,4475.8999023438,24,0.0,0.0,GC=F,NA,NA,USD
2026-08-12T19:09:00.000Z,4475.6000976562,4476.2001953125,4474.8999023438,4476.1000976562,58,0.0,0.0,GC=F,NA,NA,USD
2026-08-12T19:10:00.000Z,4476.2001953125,4476.5,4475.7998046875,4476.1000976562,24,0.0,0.0,GC=F,NA,NA,USD
2026-08-12T19:11:00.000Z,4475.8999023438,4476.6000976562,4475.7998046875,4476.2998046875,9,0.0,0.0,GC=F,NA,NA,USD
2026-08-12T19:12:00.000Z,4476.0,4476.0,4475.6000976562,4475.6000976562,18,0.0,0.0,GC=F,NA,NA,USD
2026-08-12T19:13:00.000Z,4475.8999023438,4476.7001953125,4475.8999023438,4476.2998046875,24,0.0,0.0,GC=F,NA,NA,USD
2026-08-12T19:14:00.000Z,4476.5,4476.7998046875,4476.0,4476.3999023438,18,0.0,0.0,GC=F,NA,NA,USD
2026-08-12T19:15:00.000Z,4476.0,4476.7001953125,4475.8999023438,4476.3999023438,17,0.0,0.0,GC=F,NA,NA,USD
2026-08-12T19:16:00.000Z,4476.5,4476.7998046875,4476.2001953125,4476.7998046875,10,0.0,0.0,GC=F,NA,NA,USD
2026-08-12T19:17:00.000Z,4477.0,4477.3999023438,4477.0,4477.2998046875,12,0.0,0.0,GC=F,NA,NA,USD
2026-08-12T19:18:00.000Z,4477.6000976562,4477.8999023438,4477.2998046875,4477.8999023438,19,0.0,0.0,GC=F,NA,NA,USD
2026-08-12T19:19:00.000Z,4477.3999023438,4477.5,4477.0,4477.5,9,0.0,0.0,GC=F,NA,NA,USD
2026-08-12T19:20:00.000Z,4477.1000976562,4477.1000976562,4476.2998046875,4476.6000976562,18,0.0,0.0,GC=F,NA,NA,USD
2026-08-12T19:21:00.000Z,4476.7001953125,4476.7001953125,4476.5,4476.6000976562,5,0.0,0.0,GC=F,NA,NA,USD
2026-08-12T19:22:00.000Z,4476.7998046875,4477.5,4476.7998046875,4477.1000976562,30,0.0,0.0,GC=F,NA,NA,USD
2026-08-12T19:23:00.000Z,4477.2001953125,4477.2001953125,4477.0,4477.0,9,0.0,0.0,GC=F,NA,NA,USD
2026-08-12T19:24:00.000Z,4476.8999023438,4477.2998046875,4476.3999023438,4476.5,27,0.0,0.0,GC=F,NA,NA,USD
2026-08-12T19:25:00.000Z,4476.1000976562,4477.1000976562,4475.7001953125,4476.8999023438,37,0.0,0.0,GC=F,NA,NA,USD
2026-08-12T19:26:00.000Z,4476.7998046875,4476.7998046875,4475.8999023438,4476.1000976562,13,0.0,0.0,GC=F,NA,NA,USD
2026-08-12T19:27:00.000Z,4476.1000976562,4476.5,4475.7001953125,4475.7001953125,31,0.0,0.0,GC=F,NA,NA,USD
2026-08-12T19:28:00.000Z,4476.3999023438,4476.3999023438,4475.6000976562,4476.0,28,0.0,0.0,GC=F,NA,NA,USD
2026-08-12T19:29:00.000Z,4476.2001953125,4476.6000976562,4476.0,4476.6000976562,14,0.0,0.0,GC=F,NA,NA,USD
2026-08-12T19:30:00.000Z,4476.5,4476.5,4474.5,4475.7001953125,60,0.0,0.0,GC=F,NA,NA,USD
2026-08-12T19:31:00.000Z,4475.2998046875,4476.2001953125,4475.2998046875,4475.6000976562,32,0.0,0.0,GC=F,NA,NA,USD
2026-08-12T19:32:00.000Z,4475.8999023438,4475.8999023438,4474.6000976562,4474.6000976562,22,0.0,0.0,GC=F,NA,NA,USD
2026-08-12T19:33:00.000Z,4474.5,4474.7998046875,4473.7998046875,4474.2998046875,33,0.0,0.0,GC=F,NA,NA,USD
2026-08-12T19:34:00.000Z,4474.5,4474.5,4473.1000976562,4473.5,133,0.0,0.0,GC=F,NA,NA,USD
2026-08-12T19:35:00.000Z,4473.6000976562,4474.1000976562,4473.5,4473.6000976562,41,0.0,0.0,GC=F,NA,NA,USD
2026-08-12T19:36:00.000Z,4473.3999023438,4473.6000976562,4472.5,4473.1000976562,89,0.0,0.0,GC=F,NA,NA,USD
2026-08-12T19:37:00.000Z,4472.8999023438,4473.1000976562,4471.2001953125,4472.2001953125,110,0.0,0.0,GC=F,NA,NA,USD
2026-08-12T19:38:00.000Z,4471.7998046875,4472.2998046875,4471.5,4471.5,26,0.0,0.0,GC=F,NA,NA,USD
2026-08-12T19:39:00.000Z,4471.7001953125,4471.8999023438,4471.2001953125,4471.7998046875,28,0.0,0.0,GC=F,NA,NA,USD
2026-08-12T19:40:00.000Z,4471.7998046875,4473.2001953125,4471.7998046875,4472.7998046875,55,0.0,0.0,GC=F,NA,NA,USD
2026-08-12T19:41:00.000Z,4472.7001953125,4472.7001953125,4471.7001953125,4471.7998046875,24,0.0,0.0,GC=F,NA,NA,USD
2026-08-12T19:42:00.000Z,4472.1000976562,4472.1000976562,4471.5,4471.8999023438,14,0.0,0.0,GC=F,NA,NA,USD
2026-08-12T19:43:00.000Z,4471.7998046875,4473.0,4471.2001953125,4472.8999023438,47,0.0,0.0,GC=F,NA,NA,USD
2026-08-12T19:44:00.000Z,4473.0,4473.2998046875,4472.7001953125,4473.2001953125,43,0.0,0.0,GC=F,NA,NA,USD
2026-08-12T19:45:00.000Z,4473.2001953125,4473.2001953125,4471.7001953125,4473.1000976562,33,0.0,0.0,GC=F,NA,NA,USD
2026-08-12T19:46:00.000Z,4472.7998046875,4473.1000976562,4472.5,4472.8999023438,17,0.0,0.0,GC=F,NA,NA,USD
2026-08-12T19:47:00.000Z,4472.2001953125,4472.7001953125,4471.6000976562,4472.2001953125,39,0.0,0.0,GC=F,NA,NA,USD
2026-08-12T19:48:00.000Z,4472.2998046875,4472.7998046875,4472.0,4472.1000976562,73,0.0,0.0,GC=F,NA,NA,USD
2026-08-12T19:49:00.000Z,4472.1000976562,4472.1000976562,4468.5,4469.8999023438,223,0.0,0.0,GC=F,NA,NA,USD
2026-08-12T19:50:00.000Z,4470.1000976562,4471.7998046875,4469.7998046875,4471.2001953125,136,0.0,0.0,GC=F,NA,NA,USD
2026-08-12T19:51:00.000Z,4471.3999023438,4472.6000976562,4471.0,4472.6000976562,34,0.0,0.0,GC=F,NA,NA,USD
2026-08-12T19:52:00.000Z,4472.5,4473.1000976562,4472.0,4472.0,44,0.0,0.0,GC=F,NA,NA,USD
2026-08-12T19:53:00.000Z,4472.1000976562,4472.1000976562,4470.3999023438,4470.7001953125,51,0.0,0.0,GC=F,NA,NA,USD
2026-08-12T19:54:00.000Z,4470.8999023438,4472.0,4470.7001953125,4471.3999023438,73,0.0,0.0,GC=F,NA,NA,USD
2026-08-12T19:55:00.000Z,4471.6000976562,4472.2998046875,4471.2998046875,4471.6000976562,66,0.0,0.0,GC=F,NA,NA,USD
2026-08-12T19:56:00.000Z,4472.0,4473.3999023438,4472.0,4473.1000976562,60,0.0,0.0,GC=F,NA,NA,USD
2026-08-12T19:57:00.000Z,4472.8999023438,4473.1000976562,4471.5,4471.5,65,0.0,0.0,GC=F,NA,NA,USD
2026-08-12T19:58:00.000Z,4471.7998046875,4472.7001953125,4471.5,4472.2998046875,32,0.0,0.0,GC=F,NA,NA,USD
2026-08-12T19:59:00.000Z,4472.5,4473.8999023438,4472.2001953125,4473.8999023438,100,0.0,0.0,GC=F,NA,NA,USD
2026-08-12T20:00:00.000Z,4473.7001953125,4474.2998046875,4471.6000976562,4472.7001953125,235,0.0,0.0,GC=F,NA,NA,USD
2026-08-12T20:01:00.000Z,4472.5,4473.1000976562,4472.3999023438,4473.1000976562,15,0.0,0.0,GC=F,NA,NA,USD
2026-08-12T20:02:00.000Z,4472.8999023438,4474.1000976562,4472.7998046875,4473.5,28,0.0,0.0,GC=F,NA,NA,USD
2026-08-12T20:03:00.000Z,4473.5,4473.5,4471.5,4471.7998046875,33,0.0,0.0,GC=F,NA,NA,USD
2026-08-12T20:04:00.000Z,4471.7998046875,4471.7998046875,4471.2998046875,4471.2998046875,7,0.0,0.0,GC=F,NA,NA,USD
2026-08-12T20:05:00.000Z,4471.5,4472.5,4471.3999023438,4471.3999023438,16,0.0,0.0,GC=F,NA,NA,USD
2026-08-12T20:06:00.000Z,4471.7001953125,4472.0,4471.3999023438,4471.8999023438,21,0.0,0.0,GC=F,NA,NA,USD
2026-08-12T20:07:00.000Z,4471.6000976562,4471.7998046875,4471.6000976562,4471.7001953125,5,0.0,0.0,GC=F,NA,NA,USD
2026-08-12T20:08:00.000Z,4471.7998046875,4471.7998046875,4471.1000976562,4471.1000976562,13,0.0,0.0,GC=F,NA,NA,USD
2026-08-12T20:09:00.000Z,4471.2998046875,4471.2998046875,4470.2998046875,4470.7001953125,50,0.0,0.0,GC=F,NA,NA,USD
2026-08-12T20:10:00.000Z,4471.0,4471.0,4470.6000976562,4470.6000976562,39,0.0,0.0,GC=F,NA,NA,USD
2026-08-12T20:11:00.000Z,4470.6000976562,4471.0,4470.0,4470.0,18,0.0,0.0,GC=F,NA,NA,USD
2026-08-12T20:12:00.000Z,4470.0,4470.0,4469.2001953125,4469.3999023438,13,0.0,0.0,GC=F,NA,NA,USD
2026-08-12T20:13:00.000Z,4469.0,4469.3999023438,4469.0,4469.3999023438,11,0.0,0.0,GC=F,NA,NA,USD
2026-08-12T20:14:00.000Z,4469.2998046875,4469.2998046875,4469.2998046875,4469.2998046875,2,0.0,0.0,GC=F,NA,NA,USD
2026-08-12T20:15:00.000Z,4469.1000976562,4470.1000976562,4469.1000976562,4469.5,7,0.0,0.0,GC=F,NA,NA,USD
2026-08-12T20:16:00.000Z,4469.3999023438,4469.3999023438,4468.6000976562,4468.6000976562,11,0.0,0.0,GC=F,NA,NA,USD
2026-08-12T20:17:00.000Z,4468.6000976562,4468.7998046875,4468.6000976562,4468.7998046875,5,0.0,0.0,GC=F,NA,NA,USD
2026-08-12T20:18:00.000Z,4468.6000976562,4468.6000976562,4467.6000976562,4467.7001953125,12,0.0,0.0,GC=F,NA,NA,USD
2026-08-12T20:19:00.000Z,4467.6000976562,4467.6000976562,4467.0,4467.0,10,0.0,0.0,GC=F,NA,NA,USD
2026-08-12T20:20:00.000Z,4467.2001953125,4467.7001953125,4467.2001953125,4467.5,11,0.0,0.0,GC=F,NA,NA,USD
2026-08-12T20:21:00.000Z,4467.2001953125,4467.2001953125,4466.7998046875,4466.7998046875,12,0.0,0.0,GC=F,NA,NA,USD
2026-08-12T20:22:00.000Z,4467.2001953125,4467.5,4466.7001953125,4467.2998046875,13,0.0,0.0,GC=F,NA,NA,USD
2026-08-12T20:23:00.000Z,4467.2998046875,4467.3999023438,4467.0,4467.2001953125,13,0.0,0.0,GC=F,NA,NA,USD
2026-08-12T20:24:00.000Z,4467.6000976562,4468.2001953125,4467.6000976562,4467.7998046875,15,0.0,0.0,GC=F,NA,NA,USD
2026-08-12T20:25:00.000Z,4467.8999023438,4468.0,4467.7998046875,4468.0,6,0.0,0.0,GC=F,NA,NA,USD
2026-08-12T20:26:00.000Z,4468.1000976562,4468.1000976562,4467.3999023438,4467.3999023438,9,0.0,0.0,GC=F,NA,NA,USD
2026-08-12T20:27:00.000Z,4467.3999023438,4467.6000976562,4467.2001953125,4467.6000976562,12,0.0,0.0,GC=F,NA,NA,USD
2026-08-12T20:28:00.000Z,4468.0,4468.1000976562,4467.7998046875,4468.1000976562,24,0.0,0.0,GC=F,NA,NA,USD
2026-08-12T20:29:00.000Z,4468.5,4468.7001953125,4467.7998046875,4467.7998046875,10,0.0,0.0,GC=F,NA,NA,USD
2026-08-12T20:30:00.000Z,4467.8999023438,4467.8999023438,4467.2001953125,4467.2001953125,5,0.0,0.0,GC=F,NA,NA,USD
2026-08-12T20:31:00.000Z,4467.5,4467.6000976562,4467.5,4467.5,8,0.0,0.0,GC=F,NA,NA,USD
2026-08-12T20:32:00.000Z,4467.3999023438,4467.8999023438,4467.3999023438,4467.8999023438,75,0.0,0.0,GC=F,NA,NA,USD
2026-08-12T20:33:00.000Z,4467.7001953125,4467.7001953125,4467.5,4467.5,3,0.0,0.0,GC=F,NA,NA,USD
2026-08-12T20:34:00.000Z,4467.5,4467.7998046875,4466.7998046875,4466.7998046875,13,0.0,0.0,GC=F,NA,NA,USD
2026-08-12T20:35:00.000Z,4466.8999023438,4467.2998046875,4466.8999023438,4467.2001953125,6,0.0,0.0,GC=F,NA,NA,USD
2026-08-12T20:36:00.000Z,4467.3999023438,4467.8999023438,4467.2998046875,4467.7001953125,35,0.0,0.0,GC=F,NA,NA,USD
2026-08-12T20:37:00.000Z,4468.1000976562,4468.7998046875,4468.1000976562,4468.3999023438,13,0.0,0.0,GC=F,NA,NA,USD
2026-08-12T20:38:00.000Z,4468.2998046875,4468.7001953125,4468.0,4468.5,18,0.0,0.0,GC=F,NA,NA,USD
2026-08-12T20:39:00.000Z,4468.5,4468.6000976562,4467.8999023438,4468.1000976562,16,0.0,0.0,GC=F,NA,NA,USD
2026-08-12T20:40:00.000Z,4468.0,4468.7001953125,4467.8999023438,4468.7001953125,14,0.0,0.0,GC=F,NA,NA,USD
2026-08-12T20:41:00.000Z,4468.5,4468.7001953125,4468.1000976562,4468.2001953125,15,0.0,0.0,GC=F,NA,NA,USD
2026-08-12T20:42:00.000Z,4468.2001953125,4468.2001953125,4467.2998046875,4467.7998046875,13,0.0,0.0,GC=F,NA,NA,USD
2026-08-12T20:43:00.000Z,4467.5,4467.8999023438,4467.2998046875,4467.6000976562,11,0.0,0.0,GC=F,NA,NA,USD
2026-08-12T20:44:00.000Z,4467.6000976562,4468.2001953125,4467.6000976562,4468.1000976562,7,0.0,0.0,GC=F,NA,NA,USD
2026-08-12T20:45:00.000Z,4468.0,4468.0,4467.2001953125,4467.2998046875,23,0.0,0.0,GC=F,NA,NA,USD
2026-08-12T20:46:00.000Z,4467.3999023438,4467.7998046875,4467.2001953125,4467.7001953125,17,0.0,0.0,GC=F,NA,NA,USD
2026-08-12T20:47:00.000Z,4467.7998046875,4468.3999023438,4467.7001953125,4467.7001953125,26,0.0,0.0,GC=F,NA,NA,USD
2026-08-12T20:48:00.000Z,4467.2001953125,4468.0,4467.1000976562,4468.0,18,0.0,0.0,GC=F,NA,NA,USD
2026-08-12T20:49:00.000Z,4468.1000976562,4468.7998046875,4467.7001953125,4468.3999023438,54,0.0,0.0,GC=F,NA,NA,USD
2026-08-12T20:50:00.000Z,4468.6000976562,4468.8999023438,4468.2998046875,4468.3999023438,21,0.0,0.0,GC=F,NA,NA,USD
2026-08-12T20:51:00.000Z,4468.7998046875,4468.7998046875,4468.0,4468.0,31,0.0,0.0,GC=F,NA,NA,USD
2026-08-12T20:52:00.000Z,4468.1000976562,4468.2998046875,4467.7998046875,4468.0,11,0.0,0.0,GC=F,NA,NA,USD
2026-08-12T20:53:00.000Z,4468.0,4468.5,4467.7998046875,4467.7998046875,16,0.0,0.0,GC=F,NA,NA,USD
2026-08-12T20:54:00.000Z,4467.7001953125,4467.7001953125,4466.7001953125,4467.6000976562,38,0.0,0.0,GC=F,NA,NA,USD
2026-08-12T20:55:00.000Z,4467.7001953125,4468.6000976562,4467.7001953125,4468.2001953125,44,0.0,0.0,GC=F,NA,NA,USD
2026-08-12T20:56:00.000Z,4467.6000976562,4468.1000976562,4467.5,4467.7001953125,21,0.0,0.0,GC=F,NA,NA,USD
2026-08-12T20:57:00.000Z,4468.0,4469.0,4467.5,4469.0,35,0.0,0.0,GC=F,NA,NA,USD
2026-08-12T20:58:00.000Z,4468.7001953125,4469.1000976562,4468.6000976562,4468.6000976562,8,0.0,0.0,GC=F,NA,NA,USD
2026-08-12T20:59:00.000Z,4468.5,4469.1000976562,4467.8999023438,4469.0,49,0.0,0.0,GC=F,NA,NA,USD
2026-08-12T22:00:00.000Z,4468.7998046875,4470.2998046875,4466.1000976562,4467.6000976562,0,0.0,0.0,GC=F,NA,NA,USD
2026-08-12T22:01:00.000Z,4468.2998046875,4468.3999023438,4466.7998046875,4467.1000976562,24,0.0,0.0,GC=F,NA,NA,USD
2026-08-12T22:02:00.000Z,4467.5,4467.7998046875,4467.2001953125,4467.3999023438,17,0.0,0.0,GC=F,NA,NA,USD
2026-08-12T22:03:00.000Z,4467.5,4467.6000976562,4464.7001953125,4465.3999023438,73,0.0,0.0,GC=F,NA,NA,USD
2026-08-12T22:04:00.000Z,4465.2998046875,4465.2998046875,4464.2998046875,4464.3999023438,44,0.0,0.0,GC=F,NA,NA,USD
2026-08-12T22:05:00.000Z,4464.2998046875,4464.3999023438,4461.5,4462.6000976562,64,0.0,0.0,GC=F,NA,NA,USD
2026-08-12T22:06:00.000Z,4462.3999023438,4463.2001953125,4462.1000976562,4462.2998046875,24,0.0,0.0,GC=F,NA,NA,USD
2026-08-12T22:07:00.000Z,4462.2998046875,4463.2998046875,4462.2998046875,4462.7998046875,13,0.0,0.0,GC=F,NA,NA,USD
2026-08-12T22:08:00.000Z,4462.6000976562,4462.6000976562,4462.6000976562,4462.6000976562,1,0.0,0.0,GC=F,NA,NA,USD
2026-08-12T22:09:00.000Z,4462.6000976562,4463.1000976562,4462.6000976562,4462.7998046875,55,0.0,0.0,GC=F,NA,NA,USD
2026-08-12T22:10:00.000Z,4462.3999023438,4462.6000976562,4462.1000976562,4462.5,18,0.0,0.0,GC=F,NA,NA,USD
2026-08-12T22:11:00.000Z,4462.8999023438,4462.8999023438,4462.5,4462.5,6,0.0,0.0,GC=F,NA,NA,USD
2026-08-12T22:12:00.000Z,4462.1000976562,4462.2998046875,4460.8999023438,4462.2001953125,36,0.0,0.0,GC=F,NA,NA,USD
2026-08-12T22:13:00.000Z,4462.0,4462.3999023438,4461.2001953125,4461.6000976562,29,0.0,0.0,GC=F,NA,NA,USD
2026-08-12T22:14:00.000Z,4461.2001953125,4462.2998046875,4460.8999023438,4461.6000976562,28,0.0,0.0,GC=F,NA,NA,USD
2026-08-12T22:15:00.000Z,4461.7001953125,4461.8999023438,4460.1000976562,4460.5,50,0.0,0.0,GC=F,NA,NA,USD
2026-08-12T22:16:00.000Z,4460.3999023438,4461.5,4460.3999023438,4461.5,7,0.0,0.0,GC=F,NA,NA,USD
2026-08-12T22:17:00.000Z,4461.1000976562,4461.1000976562,4460.6000976562,4460.6000976562,6,0.0,0.0,GC=F,NA,NA,USD
2026-08-12T22:18:00.000Z,4460.3999023438,4461.0,4460.2998046875,4461.0,12,0.0,0.0,GC=F,NA,NA,USD
2026-08-12T22:19:00.000Z,4460.7998046875,4460.8999023438,4460.7998046875,4460.7998046875,18,0.0,0.0,GC=F,NA,NA,USD
2026-08-12T22:20:00.000Z,4461.0,4461.0,4460.3999023438,4460.3999023438,8,0.0,0.0,GC=F,NA,NA,USD
2026-08-12T22:21:00.000Z,4460.3999023438,4460.7001953125,4460.0,4460.0,10,0.0,0.0,GC=F,NA,NA,USD
2026-08-12T22:22:00.000Z,4460.3999023438,4460.7001953125,4460.3999023438,4460.7001953125,4,0.0,0.0,GC=F,NA,NA,USD
2026-08-12T22:23:00.000Z,4460.5,4461.6000976562,4460.5,4460.5,31,0.0,0.0,GC=F,NA,NA,USD
2026-08-12T22:24:00.000Z,4460.5,4460.7998046875,4460.5,4460.7998046875,4,0.0,0.0,GC=F,NA,NA,USD
2026-08-12T22:25:00.000Z,4460.6000976562,4461.5,4460.1000976562,4460.2998046875,14,0.0,0.0,GC=F,NA,NA,USD
2026-08-12T22:26:00.000Z,4460.2001953125,4460.5,4457.1000976562,4457.3999023438,139,0.0,0.0,GC=F,NA,NA,USD
2026-08-12T22:27:00.000Z,4457.3999023438,4457.7998046875,4456.5,4456.7001953125,78,0.0,0.0,GC=F,NA,NA,USD
2026-08-12T22:28:00.000Z,4456.7001953125,4458.0,4456.6000976562,4458.0,12,0.0,0.0,GC=F,NA,NA,USD
2026-08-12T22:29:00.000Z,4458.2001953125,4458.2001953125,4457.5,4457.5,14,0.0,0.0,GC=F,NA,NA,USD
2026-08-12T22:30:00.000Z,4457.5,4460.7001953125,4457.2998046875,4459.8999023438,59,0.0,0.0,GC=F,NA,NA,USD
2026-08-12T22:31:00.000Z,4459.3999023438,4460.2998046875,4459.0,4460.2998046875,22,0.0,0.0,GC=F,NA,NA,USD
2026-08-12T22:32:00.000Z,4460.0,4460.1000976562,4459.5,4459.7001953125,10,0.0,0.0,GC=F,NA,NA,USD
2026-08-12T22:33:00.000Z,4459.6000976562,4459.6000976562,4459.0,4459.0,13,0.0,0.0,GC=F,NA,NA,USD
2026-08-12T22:34:00.000Z,4459.2998046875,4459.2998046875,4458.3999023438,4458.3999023438,7,0.0,0.0,GC=F,NA,NA,USD
2026-08-12T22:35:00.000Z,4458.7001953125,4459.2998046875,4457.6000976562,4457.6000976562,24,0.0,0.0,GC=F,NA,NA,USD
2026-08-12T22:36:00.000Z,4457.7001953125,4457.7998046875,4456.8999023438,4457.1000976562,25,0.0,0.0,GC=F,NA,NA,USD
2026-08-12T22:37:00.000Z,4457.2001953125,4457.8999023438,4457.2001953125,4457.7998046875,4,0.0,0.0,GC=F,NA,NA,USD
2026-08-12T22:38:00.000Z,4457.8999023438,4458.6000976562,4457.2001953125,4457.7001953125,24,0.0,0.0,GC=F,NA,NA,USD
2026-08-12T22:39:00.000Z,4457.2998046875,4457.8999023438,4457.2998046875,4457.8999023438,10,0.0,0.0,GC=F,NA,NA,USD
2026-08-12T22:40:00.000Z,4457.8999023438,4458.3999023438,4457.8999023438,4458.3999023438,6,0.0,0.0,GC=F,NA,NA,USD
2026-08-12T22:41:00.000Z,4458.5,4458.7001953125,4458.5,4458.6000976562,5,0.0,0.0,GC=F,NA,NA,USD
2026-08-12T22:42:00.000Z,4458.7001953125,4458.7001953125,4458.2998046875,4458.6000976562,5,0.0,0.0,GC=F,NA,NA,USD
2026-08-12T22:43:00.000Z,4458.7001953125,4458.7001953125,4458.1000976562,4458.2001953125,10,0.0,0.0,GC=F,NA,NA,USD
2026-08-12T22:44:00.000Z,4458.6000976562,4458.6000976562,4458.3999023438,4458.3999023438,2,0.0,0.0,GC=F,NA,NA,USD
2026-08-12T22:45:00.000Z,4458.0,4459.0,4457.8999023438,4458.7001953125,19,0.0,0.0,GC=F,NA,NA,USD
2026-08-12T22:46:00.000Z,4459.1000976562,4459.6000976562,4458.7998046875,4459.5,7,0.0,0.0,GC=F,NA,NA,USD
2026-08-12T22:47:00.000Z,4459.3999023438,4459.3999023438,4458.8999023438,4458.8999023438,5,0.0,0.0,GC=F,NA,NA,USD
2026-08-12T22:48:00.000Z,4458.7998046875,4459.5,4458.7998046875,4459.5,7,0.0,0.0,GC=F,NA,NA,USD
2026-08-12T22:49:00.000Z,4459.1000976562,4459.3999023438,4458.7998046875,4458.7998046875,6,0.0,0.0,GC=F,NA,NA,USD
2026-08-12T22:50:00.000Z,4459.2998046875,4459.3999023438,4459.2998046875,4459.3999023438,2,0.0,0.0,GC=F,NA,NA,USD
2026-08-12T22:51:00.000Z,4459.2998046875,4459.2998046875,4459.2998046875,4459.2998046875,3,0.0,0.0,GC=F,NA,NA,USD
2026-08-12T22:52:00.000Z,4459.7001953125,4460.1000976562,4459.6000976562,4459.8999023438,19,0.0,0.0,GC=F,NA,NA,USD
2026-08-12T22:53:00.000Z,4460.3999023438,4460.3999023438,4460.1000976562,4460.1000976562,8,0.0,0.0,GC=F,NA,NA,USD
2026-08-12T22:54:00.000Z,4460.0,4460.3999023438,4459.7998046875,4460.3999023438,10,0.0,0.0,GC=F,NA,NA,USD
2026-08-12T22:55:00.000Z,4460.5,4460.7998046875,4460.5,4460.5,6,0.0,0.0,GC=F,NA,NA,USD
2026-08-12T22:56:00.000Z,4460.3999023438,4460.7998046875,4460.2998046875,4460.6000976562,7,0.0,0.0,GC=F,NA,NA,USD
2026-08-12T22:57:00.000Z,4460.6000976562,4461.2001953125,4460.6000976562,4461.2001953125,35,0.0,0.0,GC=F,NA,NA,USD
2026-08-12T22:58:00.000Z,4460.8999023438,4461.1000976562,4459.7998046875,4460.6000976562,28,0.0,0.0,GC=F,NA,NA,USD
2026-08-12T22:59:00.000Z,4460.5,4460.7998046875,4459.6000976562,4459.8999023438,35,0.0,0.0,GC=F,NA,NA,USD
2026-08-12T23:00:00.000Z,4460.1000976562,4461.5,4459.8999023438,4461.5,32,0.0,0.0,GC=F,NA,NA,USD
2026-08-12T23:01:00.000Z,4460.8999023438,4461.6000976562,4460.8999023438,4461.6000976562,6,0.0,0.0,GC=F,NA,NA,USD
2026-08-12T23:02:00.000Z,4461.6000976562,4461.8999023438,4461.5,4461.7998046875,7,0.0,0.0,GC=F,NA,NA,USD
2026-08-12T23:03:00.000Z,4461.7001953125,4462.2998046875,4461.6000976562,4462.0,18,0.0,0.0,GC=F,NA,NA,USD
2026-08-12T23:04:00.000Z,4462.5,4463.0,4462.2001953125,4462.2001953125,11,0.0,0.0,GC=F,NA,NA,USD
2026-08-12T23:05:00.000Z,4462.0,4462.0,4461.6000976562,4461.7998046875,17,0.0,0.0,GC=F,NA,NA,USD
2026-08-12T23:06:00.000Z,4461.7998046875,4462.5,4461.7001953125,4462.5,11,0.0,0.0,GC=F,NA,NA,USD
2026-08-12T23:07:00.000Z,4462.6000976562,4463.0,4462.6000976562,4462.8999023438,4,0.0,0.0,GC=F,NA,NA,USD
2026-08-12T23:08:00.000Z,4462.8999023438,4464.0,4462.3999023438,4463.2001953125,76,0.0,0.0,GC=F,NA,NA,USD
2026-08-12T23:09:00.000Z,4463.0,4463.8999023438,4463.0,4463.8999023438,14,0.0,0.0,GC=F,NA,NA,USD
2026-08-12T23:10:00.000Z,4463.7998046875,4464.3999023438,4463.6000976562,4464.0,55,0.0,0.0,GC=F,NA,NA,USD
2026-08-12T23:11:00.000Z,4463.7001953125,4464.2001953125,4463.7001953125,4464.2001953125,6,0.0,0.0,GC=F,NA,NA,USD
2026-08-12T23:12:00.000Z,4464.2998046875,4464.2998046875,4464.0,4464.2001953125,9,0.0,0.0,GC=F,NA,NA,USD
2026-08-12T23:13:00.000Z,4464.5,4464.5,4464.5,4464.5,1,0.0,0.0,GC=F,NA,NA,USD
2026-08-12T23:14:00.000Z,4464.3999023438,4464.3999023438,4463.7998046875,4463.8999023438,7,0.0,0.0,GC=F,NA,NA,USD
2026-08-12T23:15:00.000Z,4464.2001953125,4464.6000976562,4464.2001953125,4464.2998046875,6,0.0,0.0,GC=F,NA,NA,USD
2026-08-12T23:16:00.000Z,4464.5,4466.2001953125,4464.5,4466.0,35,0.0,0.0,GC=F,NA,NA,USD
2026-08-12T23:17:00.000Z,4466.2001953125,4466.2001953125,4465.6000976562,4465.6000976562,20,0.0,0.0,GC=F,NA,NA,USD
2026-08-12T23:18:00.000Z,4465.6000976562,4466.7001953125,4465.6000976562,4466.2998046875,31,0.0,0.0,GC=F,NA,NA,USD
2026-08-12T23:19:00.000Z,4466.3999023438,4466.3999023438,4465.6000976562,4465.7001953125,9,0.0,0.0,GC=F,NA,NA,USD
2026-08-12T23:20:00.000Z,4466.0,4466.3999023438,4466.0,4466.2001953125,13,0.0,0.0,GC=F,NA,NA,USD
2026-08-12T23:21:00.000Z,4466.3999023438,4466.3999023438,4466.0,4466.1000976562,5,0.0,0.0,GC=F,NA,NA,USD
2026-08-12T23:22:00.000Z,4466.2001953125,4466.7001953125,4466.2001953125,4466.2998046875,27,0.0,0.0,GC=F,NA,NA,USD
2026-08-12T23:23:00.000Z,4466.3999023438,4467.2001953125,4466.3999023438,4466.7998046875,33,0.0,0.0,GC=F,NA,NA,USD
2026-08-12T23:24:00.000Z,4466.6000976562,4466.8999023438,4466.6000976562,4466.7998046875,9,0.0,0.0,GC=F,NA,NA,USD
2026-08-12T23:25:00.000Z,4466.8999023438,4468.2998046875,4466.8999023438,4467.3999023438,43,0.0,0.0,GC=F,NA,NA,USD
2026-08-12T23:26:00.000Z,4467.0,4467.2998046875,4466.1000976562,4467.2998046875,50,0.0,0.0,GC=F,NA,NA,USD
2026-08-12T23:27:00.000Z,4467.5,4468.2001953125,4467.5,4467.8999023438,60,0.0,0.0,GC=F,NA,NA,USD
2026-08-12T23:28:00.000Z,4468.0,4468.3999023438,4467.3999023438,4467.7001953125,56,0.0,0.0,GC=F,NA,NA,USD
2026-08-12T23:29:00.000Z,4467.7001953125,4467.7001953125,4466.7998046875,4466.7998046875,44,0.0,0.0,GC=F,NA,NA,USD
2026-08-12T23:30:00.000Z,4467.3999023438,4467.3999023438,4466.7998046875,4466.7998046875,10,0.0,0.0,GC=F,NA,NA,USD
2026-08-12T23:31:00.000Z,4467.3999023438,4467.5,4467.2998046875,4467.5,14,0.0,0.0,GC=F,NA,NA,USD
2026-08-12T23:32:00.000Z,4467.1000976562,4467.1000976562,4467.1000976562,4467.1000976562,4,0.0,0.0,GC=F,NA,NA,USD
2026-08-12T23:33:00.000Z,4466.8999023438,4468.8999023438,4466.8999023438,4468.7001953125,51,0.0,0.0,GC=F,NA,NA,USD
2026-08-12T23:34:00.000Z,4468.5,4468.7998046875,4467.0,4467.0,48,0.0,0.0,GC=F,NA,NA,USD
2026-08-12T23:35:00.000Z,4467.1000976562,4467.3999023438,4467.0,4467.2998046875,6,0.0,0.0,GC=F,NA,NA,USD
2026-08-12T23:36:00.000Z,4467.2998046875,4468.1000976562,4467.1000976562,4467.1000976562,34,0.0,0.0,GC=F,NA,NA,USD
2026-08-12T23:37:00.000Z,4467.1000976562,4467.1000976562,4466.5,4466.5,17,0.0,0.0,GC=F,NA,NA,USD
2026-08-12T23:38:00.000Z,4466.6000976562,4466.7001953125,4466.5,4466.6000976562,9,0.0,0.0,GC=F,NA,NA,USD
2026-08-12T23:39:00.000Z,4466.3999023438,4466.7998046875,4466.3999023438,4466.6000976562,13,0.0,0.0,GC=F,NA,NA,USD
2026-08-12T23:40:00.000Z,4466.7998046875,4466.7998046875,4465.7001953125,4466.2001953125,22,0.0,0.0,GC=F,NA,NA,USD
2026-08-12T23:41:00.000Z,4465.8999023438,4465.8999023438,4465.7001953125,4465.8999023438,9,0.0,0.0,GC=F,NA,NA,USD
2026-08-12T23:42:00.000Z,4466.1000976562,4467.1000976562,4465.8999023438,4467.0,25,0.0,0.0,GC=F,NA,NA,USD
2026-08-12T23:43:00.000Z,4466.8999023438,4467.6000976562,4466.8999023438,4467.5,12,0.0,0.0,GC=F,NA,NA,USD
2026-08-12T23:44:00.000Z,4467.2998046875,4467.3999023438,4467.0,4467.0,10,0.0,0.0,GC=F,NA,NA,USD
2026-08-12T23:45:00.000Z,4467.3999023438,4468.2001953125,4467.3999023438,4468.0,12,0.0,0.0,GC=F,NA,NA,USD
2026-08-12T23:46:00.000Z,4468.2001953125,4468.7001953125,4468.2001953125,4468.2998046875,12,0.0,0.0,GC=F,NA,NA,USD
2026-08-12T23:47:00.000Z,4467.8999023438,4468.1000976562,4467.3999023438,4468.0,11,0.0,0.0,GC=F,NA,NA,USD
2026-08-12T23:48:00.000Z,4467.7001953125,4467.7001953125,4466.6000976562,4467.2001953125,12,0.0,0.0,GC=F,NA,NA,USD
2026-08-12T23:49:00.000Z,4467.0,4467.0,4466.7998046875,4467.0,5,0.0,0.0,GC=F,NA,NA,USD
2026-08-12T23:50:00.000Z,4466.8999023438,4467.2998046875,4466.6000976562,4467.2998046875,9,0.0,0.0,GC=F,NA,NA,USD
2026-08-12T23:51:00.000Z,4467.2001953125,4467.5,4466.8999023438,4466.8999023438,7,0.0,0.0,GC=F,NA,NA,USD
2026-08-12T23:52:00.000Z,4466.7998046875,4467.6000976562,4466.7998046875,4467.6000976562,8,0.0,0.0,GC=F,NA,NA,USD
2026-08-12T23:53:00.000Z,4467.8999023438,4468.5,4467.8999023438,4468.5,27,0.0,0.0,GC=F,NA,NA,USD
2026-08-12T23:54:00.000Z,4469.0,4470.0,4468.7001953125,4469.6000976562,49,0.0,0.0,GC=F,NA,NA,USD
2026-08-12T23:55:00.000Z,4469.8999023438,4470.1000976562,4469.2998046875,4469.7001953125,24,0.0,0.0,GC=F,NA,NA,USD
2026-08-12T23:56:00.000Z,4470.0,4470.7998046875,4469.7001953125,4470.0,35,0.0,0.0,GC=F,NA,NA,USD
2026-08-12T23:57:00.000Z,4470.0,4471.0,4470.0,4470.2001953125,19,0.0,0.0,GC=F,NA,NA,USD
2026-08-12T23:58:00.000Z,4470.2001953125,4471.6000976562,4470.2001953125,4471.0,27,0.0,0.0,GC=F,NA,NA,USD
2026-08-12T23:59:00.000Z,4471.0,4473.2001953125,4470.7998046875,4473.1000976562,96,0.0,0.0,GC=F,NA,NA,USD
2026-08-13T00:00:00.000Z,4473.2001953125,4474.8999023438,4471.8999023438,4473.7998046875,112,0.0,0.0,GC=F,NA,NA,USD
2026-08-13T00:01:00.000Z,4474.2001953125,4476.6000976562,4473.5,4474.7998046875,142,0.0,0.0,GC=F,NA,NA,USD
2026-08-13T00:02:00.000Z,4474.6000976562,4476.7998046875,4474.2001953125,4476.0,142,0.0,0.0,GC=F,NA,NA,USD
2026-08-13T00:03:00.000Z,4476.2001953125,4478.5,4476.1000976562,4476.3999023438,146,0.0,0.0,GC=F,NA,NA,USD
2026-08-13T00:04:00.000Z,4476.2998046875,4476.2998046875,4474.3999023438,4475.3999023438,79,0.0,0.0,GC=F,NA,NA,USD
2026-08-13T00:05:00.000Z,4475.2998046875,4476.7998046875,4474.3999023438,4476.7998046875,65,0.0,0.0,GC=F,NA,NA,USD
2026-08-13T00:06:00.000Z,4476.6000976562,4478.2998046875,4476.5,4478.2998046875,50,0.0,0.0,GC=F,NA,NA,USD
2026-08-13T00:07:00.000Z,4478.3999023438,4479.7001953125,4478.1000976562,4479.3999023438,92,0.0,0.0,GC=F,NA,NA,USD
2026-08-13T00:08:00.000Z,4478.5,4480.3999023438,4478.2998046875,4480.2001953125,52,0.0,0.0,GC=F,NA,NA,USD
2026-08-13T00:09:00.000Z,4480.2998046875,4481.5,4479.7998046875,4480.0,102,0.0,0.0,GC=F,NA,NA,USD
2026-08-13T00:10:00.000Z,4479.7998046875,4479.7998046875,4477.2001953125,4479.2001953125,93,0.0,0.0,GC=F,NA,NA,USD
2026-08-13T00:11:00.000Z,4478.7001953125,4479.3999023438,4478.1000976562,4479.2001953125,36,0.0,0.0,GC=F,NA,NA,USD
2026-08-13T00:12:00.000Z,4479.3999023438,4480.2001953125,4479.2998046875,4479.2998046875,26,0.0,0.0,GC=F,NA,NA,USD
2026-08-13T00:13:00.000Z,4479.2001953125,4479.3999023438,4478.6000976562,4479.2998046875,16,0.0,0.0,GC=F,NA,NA,USD
2026-08-13T00:14:00.000Z,4478.7001953125,4479.3999023438,4478.2001953125,4478.2001953125,11,0.0,0.0,GC=F,NA,NA,USD
2026-08-13T00:15:00.000Z,4478.2998046875,4482.3999023438,4478.2998046875,4482.1000976562,142,0.0,0.0,GC=F,NA,NA,USD
2026-08-13T00:16:00.000Z,4482.0,4486.1000976562,4482.0,4485.3999023438,213,0.0,0.0,GC=F,NA,NA,USD
2026-08-13T00:17:00.000Z,4484.5,4486.5,4484.2001953125,4485.7998046875,102,0.0,0.0,GC=F,NA,NA,USD
2026-08-13T00:18:00.000Z,4485.7001953125,4487.1000976562,4485.5,4486.1000976562,91,0.0,0.0,GC=F,NA,NA,USD
2026-08-13T00:19:00.000Z,4486.1000976562,4488.5,4486.1000976562,4488.0,174,0.0,0.0,GC=F,NA,NA,USD
2026-08-13T00:20:00.000Z,4487.2001953125,4491.5,4487.2001953125,4489.3999023438,264,0.0,0.0,GC=F,NA,NA,USD
2026-08-13T00:21:00.000Z,4489.6000976562,4490.8999023438,4489.3999023438,4489.5,64,0.0,0.0,GC=F,NA,NA,USD
2026-08-13T00:22:00.000Z,4489.7001953125,4491.5,4489.7001953125,4491.0,106,0.0,0.0,GC=F,NA,NA,USD
2026-08-13T00:23:00.000Z,4491.1000976562,4496.6000976562,4491.1000976562,4496.1000976562,266,0.0,0.0,GC=F,NA,NA,USD
2026-08-13T00:24:00.000Z,4496.0,4496.0,4492.7001953125,4493.2998046875,298,0.0,0.0,GC=F,NA,NA,USD
2026-08-13T00:25:00.000Z,4493.3999023438,4493.3999023438,4491.2998046875,4491.8999023438,113,0.0,0.0,GC=F,NA,NA,USD
2026-08-13T00:26:00.000Z,4491.8999023438,4492.0,4487.7001953125,4488.7998046875,163,0.0,0.0,GC=F,NA,NA,USD
2026-08-13T00:27:00.000Z,4488.6000976562,4489.8999023438,4488.0,4488.0,60,0.0,0.0,GC=F,NA,NA,USD
2026-08-13T00:28:00.000Z,4488.0,4488.0,4486.3999023438,4486.7998046875,85,0.0,0.0,GC=F,NA,NA,USD
2026-08-13T00:29:00.000Z,4486.7998046875,4487.6000976562,4486.0,4487.3999023438,84,0.0,0.0,GC=F,NA,NA,USD
2026-08-13T00:30:00.000Z,4487.6000976562,4488.5,4487.0,4487.6000976562,62,0.0,0.0,GC=F,NA,NA,USD
2026-08-13T00:31:00.000Z,4487.5,4487.5,4483.2998046875,4486.2001953125,146,0.0,0.0,GC=F,NA,NA,USD
2026-08-13T00:32:00.000Z,4485.7001953125,4489.6000976562,4485.2998046875,4489.2001953125,296,0.0,0.0,GC=F,NA,NA,USD
2026-08-13T00:33:00.000Z,4488.8999023438,4494.0,4488.1000976562,4492.7998046875,245,0.0,0.0,GC=F,NA,NA,USD
2026-08-13T00:34:00.000Z,4492.7001953125,4509.1000976562,4492.7001953125,4503.6000976562,1347,0.0,0.0,GC=F,NA,NA,USD
2026-08-13T00:35:00.000Z,4503.3999023438,4504.2001953125,4499.8999023438,4500.2998046875,308,0.0,0.0,GC=F,NA,NA,USD
2026-08-13T00:36:00.000Z,4500.5,4503.3999023438,4499.7998046875,4503.1000976562,139,0.0,0.0,GC=F,NA,NA,USD
2026-08-13T00:37:00.000Z,4503.8999023438,4504.6000976562,4499.7998046875,4499.8999023438,141,0.0,0.0,GC=F,NA,NA,USD
2026-08-13T00:38:00.000Z,4500.0,4501.0,4496.2998046875,4497.1000976562,259,0.0,0.0,GC=F,NA,NA,USD
2026-08-13T00:39:00.000Z,4496.7001953125,4498.8999023438,4496.7001953125,4497.2001953125,120,0.0,0.0,GC=F,NA,NA,USD
2026-08-13T00:40:00.000Z,4496.5,4498.7998046875,4496.5,4498.2998046875,214,0.0,0.0,GC=F,NA,NA,USD
2026-08-13T00:41:00.000Z,4497.8999023438,4498.1000976562,4496.2998046875,4497.6000976562,106,0.0,0.0,GC=F,NA,NA,USD
2026-08-13T00:42:00.000Z,4497.2001953125,4498.2001953125,4496.8999023438,4497.3999023438,138,0.0,0.0,GC=F,NA,NA,USD
2026-08-13T00:43:00.000Z,4497.3999023438,4500.1000976562,4497.0,4499.6000976562,179,0.0,0.0,GC=F,NA,NA,USD
2026-08-13T00:44:00.000Z,4499.6000976562,4499.6000976562,4497.8999023438,4499.2001953125,59,0.0,0.0,GC=F,NA,NA,USD
2026-08-13T00:45:00.000Z,4499.6000976562,4499.6000976562,4496.2001953125,4499.2998046875,127,0.0,0.0,GC=F,NA,NA,USD
2026-08-13T00:46:00.000Z,4498.6000976562,4499.5,4497.2998046875,4497.2998046875,70,0.0,0.0,GC=F,NA,NA,USD
2026-08-13T00:47:00.000Z,4497.0,4498.3999023438,4496.8999023438,4497.5,48,0.0,0.0,GC=F,NA,NA,USD
2026-08-13T00:48:00.000Z,4497.6000976562,4499.0,4497.5,4497.7998046875,21,0.0,0.0,GC=F,NA,NA,USD
2026-08-13T00:49:00.000Z,4497.8999023438,4497.8999023438,4488.0,4488.8999023438,376,0.0,0.0,GC=F,NA,NA,USD
2026-08-13T00:50:00.000Z,4488.7001953125,4491.6000976562,4487.6000976562,4489.3999023438,229,0.0,0.0,GC=F,NA,NA,USD
2026-08-13T00:51:00.000Z,4488.8999023438,4491.0,4488.7001953125,4490.0,119,0.0,0.0,GC=F,NA,NA,USD
2026-08-13T00:52:00.000Z,4490.1000976562,4491.0,4489.5,4489.7998046875,48,0.0,0.0,GC=F,NA,NA,USD
2026-08-13T00:53:00.000Z,4490.0,4491.7998046875,4490.0,4491.6000976562,64,0.0,0.0,GC=F,NA,NA,USD
2026-08-13T00:54:00.000Z,4491.3999023438,4491.7998046875,4488.8999023438,4490.1000976562,80,0.0,0.0,GC=F,NA,NA,USD
2026-08-13T00:55:00.000Z,4490.7998046875,4490.7998046875,4487.2998046875,4487.7001953125,62,0.0,0.0,GC=F,NA,NA,USD
2026-08-13T00:56:00.000Z,4487.7001953125,4489.5,4487.1000976562,4488.3999023438,72,0.0,0.0,GC=F,NA,NA,USD
2026-08-13T00:57:00.000Z,4488.0,4488.2001953125,4487.0,4487.8999023438,41,0.0,0.0,GC=F,NA,NA,USD
2026-08-13T00:58:00.000Z,4487.6000976562,4488.1000976562,4482.7001953125,4483.1000976562,290,0.0,0.0,GC=F,NA,NA,USD
2026-08-13T00:59:00.000Z,4483.0,4488.3999023438,4482.8999023438,4486.8999023438,262,0.0,0.0,GC=F,NA,NA,USD
2026-08-13T01:00:00.000Z,4486.7001953125,4489.6000976562,4482.2001953125,4484.5,375,0.0,0.0,GC=F,NA,NA,USD
2026-08-13T01:01:00.000Z,4484.2998046875,4486.2998046875,4481.3999023438,4486.2998046875,256,0.0,0.0,GC=F,NA,NA,USD
2026-08-13T01:02:00.000Z,4486.5,4491.5,4486.5,4489.7998046875,134,0.0,0.0,GC=F,NA,NA,USD
2026-08-13T01:03:00.000Z,4490.2001953125,4491.3999023438,4486.2998046875,4488.7998046875,128,0.0,0.0,GC=F,NA,NA,USD
2026-08-13T01:04:00.000Z,4489.7998046875,4492.8999023438,4489.7998046875,4491.7998046875,90,0.0,0.0,GC=F,NA,NA,USD
2026-08-13T01:05:00.000Z,4492.2998046875,4493.5,4490.2998046875,4493.2001953125,175,0.0,0.0,GC=F,NA,NA,USD
2026-08-13T01:06:00.000Z,4493.6000976562,4494.0,4491.5,4492.7001953125,88,0.0,0.0,GC=F,NA,NA,USD
2026-08-13T01:07:00.000Z,4492.7998046875,4494.0,4490.8999023438,4491.3999023438,130,0.0,0.0,GC=F,NA,NA,USD
2026-08-13T01:08:00.000Z,4491.8999023438,4493.6000976562,4491.6000976562,4492.0,27,0.0,0.0,GC=F,NA,NA,USD
2026-08-13T01:09:00.000Z,4490.8999023438,4493.8999023438,4489.6000976562,4493.8999023438,86,0.0,0.0,GC=F,NA,NA,USD
2026-08-13T01:10:00.000Z,4492.8999023438,4493.5,4491.7001953125,4493.3999023438,105,0.0,0.0,GC=F,NA,NA,USD
2026-08-13T01:11:00.000Z,4493.1000976562,4493.1000976562,4489.7001953125,4489.7001953125,64,0.0,0.0,GC=F,NA,NA,USD
2026-08-13T01:12:00.000Z,4490.0,4493.2001953125,4489.8999023438,4492.1000976562,42,0.0,0.0,GC=F,NA,NA,USD
2026-08-13T01:13:00.000Z,4491.3999023438,4491.5,4488.0,4488.7001953125,99,0.0,0.0,GC=F,NA,NA,USD
2026-08-13T01:14:00.000Z,4488.8999023438,4490.1000976562,4487.5,4489.0,51,0.0,0.0,GC=F,NA,NA,USD
2026-08-13T01:15:00.000Z,4488.7998046875,4493.3999023438,4488.7998046875,4491.2998046875,43,0.0,0.0,GC=F,NA,NA,USD
2026-08-13T01:16:00.000Z,4491.7001953125,4494.1000976562,4491.7001953125,4492.2998046875,94,0.0,0.0,GC=F,NA,NA,USD
2026-08-13T01:17:00.000Z,4492.2998046875,4492.3999023438,4490.2998046875,4490.7998046875,37,0.0,0.0,GC=F,NA,NA,USD
2026-08-13T01:18:00.000Z,4490.6000976562,4490.6000976562,4486.7001953125,4487.0,90,0.0,0.0,GC=F,NA,NA,USD
2026-08-13T01:19:00.000Z,4486.8999023438,4486.8999023438,4485.3999023438,4485.5,74,0.0,0.0,GC=F,NA,NA,USD
2026-08-13T01:20:00.000Z,4486.0,4486.3999023438,4482.3999023438,4482.7001953125,121,0.0,0.0,GC=F,NA,NA,USD
2026-08-13T01:21:00.000Z,4482.5,4482.5,4478.0,4480.6000976562,329,0.0,0.0,GC=F,NA,NA,USD
2026-08-13T01:22:00.000Z,4480.5,4483.0,4480.0,4483.0,56,0.0,0.0,GC=F,NA,NA,USD
2026-08-13T01:23:00.000Z,4483.2001953125,4483.2998046875,4481.2998046875,4481.8999023438,91,0.0,0.0,GC=F,NA,NA,USD
2026-08-13T01:24:00.000Z,4481.2998046875,4482.0,4479.8999023438,4479.8999023438,26,0.0,0.0,GC=F,NA,NA,USD
2026-08-13T01:25:00.000Z,4479.7001953125,4482.1000976562,4479.5,4481.5,30,0.0,0.0,GC=F,NA,NA,USD
2026-08-13T01:26:00.000Z,4481.5,4481.7001953125,4480.1000976562,4480.1000976562,21,0.0,0.0,GC=F,NA,NA,USD
2026-08-13T01:27:00.000Z,4480.3999023438,4480.8999023438,4479.8999023438,4480.3999023438,24,0.0,0.0,GC=F,NA,NA,USD
2026-08-13T01:28:00.000Z,4480.2001953125,4480.7001953125,4478.2001953125,4478.3999023438,45,0.0,0.0,GC=F,NA,NA,USD
2026-08-13T01:29:00.000Z,4478.6000976562,4478.8999023438,4477.7001953125,4478.0,81,0.0,0.0,GC=F,NA,NA,USD
2026-08-13T01:30:00.000Z,4477.7001953125,4481.0,4477.6000976562,4480.6000976562,65,0.0,0.0,GC=F,NA,NA,USD
2026-08-13T01:31:00.000Z,4480.7998046875,4485.1000976562,4480.7998046875,4484.7001953125,144,0.0,0.0,GC=F,NA,NA,USD
2026-08-13T01:32:00.000Z,4484.5,4487.8999023438,4484.1000976562,4487.1000976562,140,0.0,0.0,GC=F,NA,NA,USD
2026-08-13T01:33:00.000Z,4486.7998046875,4487.1000976562,4485.2001953125,4487.0,55,0.0,0.0,GC=F,NA,NA,USD
2026-08-13T01:34:00.000Z,4486.7001953125,4487.6000976562,4486.0,4487.2001953125,53,0.0,0.0,GC=F,NA,NA,USD
2026-08-13T01:35:00.000Z,4487.7998046875,4489.0,4486.3999023438,4487.6000976562,101,0.0,0.0,GC=F,NA,NA,USD
2026-08-13T01:36:00.000Z,4487.6000976562,4488.7001953125,4485.6000976562,4486.2998046875,60,0.0,0.0,GC=F,NA,NA,USD
2026-08-13T01:37:00.000Z,4486.0,4487.7001953125,4485.0,4485.0,85,0.0,0.0,GC=F,NA,NA,USD
2026-08-13T01:38:00.000Z,4485.2998046875,4485.6000976562,4483.5,4483.7001953125,43,0.0,0.0,GC=F,NA,NA,USD
2026-08-13T01:39:00.000Z,4483.3999023438,4485.2001953125,4483.2001953125,4483.5,38,0.0,0.0,GC=F,NA,NA,USD
2026-08-13T01:40:00.000Z,4483.0,4483.0,4480.0,4482.0,96,0.0,0.0,GC=F,NA,NA,USD
2026-08-13T01:41:00.000Z,4482.0,4482.0,4480.3999023438,4481.2001953125,50,0.0,0.0,GC=F,NA,NA,USD
2026-08-13T01:42:00.000Z,4480.8999023438,4480.8999023438,4479.6000976562,4480.7998046875,34,0.0,0.0,GC=F,NA,NA,USD
2026-08-13T01:43:00.000Z,4480.6000976562,4480.6000976562,4477.7001953125,4479.2998046875,61,0.0,0.0,GC=F,NA,NA,USD
2026-08-13T01:44:00.000Z,4479.6000976562,4479.7001953125,4476.2998046875,4477.6000976562,172,0.0,0.0,GC=F,NA,NA,USD
2026-08-13T01:45:00.000Z,4477.7001953125,4478.0,4475.2001953125,4476.1000976562,213,0.0,0.0,GC=F,NA,NA,USD
2026-08-13T01:46:00.000Z,4475.8999023438,4476.0,4469.7998046875,4471.1000976562,299,0.0,0.0,GC=F,NA,NA,USD
2026-08-13T01:47:00.000Z,4471.2001953125,4471.2001953125,4469.2001953125,4470.1000976562,114,0.0,0.0,GC=F,NA,NA,USD
2026-08-13T01:48:00.000Z,4469.5,4472.2001953125,4469.3999023438,4472.1000976562,121,0.0,0.0,GC=F,NA,NA,USD
2026-08-13T01:49:00.000Z,4472.2001953125,4472.2998046875,4470.3999023438,4471.7001953125,103,0.0,0.0,GC=F,NA,NA,USD
2026-08-13T01:50:00.000Z,4470.8999023438,4473.0,4469.6000976562,4472.0,69,0.0,0.0,GC=F,NA,NA,USD
2026-08-13T01:51:00.000Z,4471.5,4472.2001953125,4470.2001953125,4470.2001953125,76,0.0,0.0,GC=F,NA,NA,USD
2026-08-13T01:52:00.000Z,4470.2001953125,4470.2001953125,4468.1000976562,4470.1000976562,64,0.0,0.0,GC=F,NA,NA,USD
2026-08-13T01:53:00.000Z,4470.5,4473.6000976562,4470.2001953125,4473.3999023438,128,0.0,0.0,GC=F,NA,NA,USD
2026-08-13T01:54:00.000Z,4473.3999023438,4474.2001953125,4472.6000976562,4474.0,95,0.0,0.0,GC=F,NA,NA,USD
2026-08-13T01:55:00.000Z,4474.3999023438,4474.7998046875,4472.3999023438,4472.3999023438,84,0.0,0.0,GC=F,NA,NA,USD
2026-08-13T01:56:00.000Z,4472.3999023438,4472.5,4469.2998046875,4469.5,116,0.0,0.0,GC=F,NA,NA,USD
2026-08-13T01:57:00.000Z,4469.3999023438,4471.1000976562,4469.2001953125,4470.0,51,0.0,0.0,GC=F,NA,NA,USD
2026-08-13T01:58:00.000Z,4469.8999023438,4470.0,4464.7001953125,4468.5,301,0.0,0.0,GC=F,NA,NA,USD
2026-08-13T01:59:00.000Z,4467.7998046875,4468.6000976562,4466.2998046875,4467.0,136,0.0,0.0,GC=F,NA,NA,USD
2026-08-13T02:00:00.000Z,4466.7998046875,4468.3999023438,4465.5,4468.3999023438,98,0.0,0.0,GC=F,NA,NA,USD
2026-08-13T02:01:00.000Z,4468.1000976562,4468.6000976562,4464.7001953125,4464.7001953125,68,0.0,0.0,GC=F,NA,NA,USD
2026-08-13T02:02:00.000Z,4464.8999023438,4466.1000976562,4464.3999023438,4465.5,102,0.0,0.0,GC=F,NA,NA,USD
2026-08-13T02:03:00.000Z,4465.7001953125,4466.3999023438,4465.1000976562,4466.0,23,0.0,0.0,GC=F,NA,NA,USD
2026-08-13T02:04:00.000Z,4466.2998046875,4466.7998046875,4465.2001953125,4466.5,29,0.0,0.0,GC=F,NA,NA,USD
2026-08-13T02:05:00.000Z,4466.7001953125,4468.2998046875,4466.2001953125,4467.6000976562,116,0.0,0.0,GC=F,NA,NA,USD
2026-08-13T02:06:00.000Z,4467.5,4467.8999023438,4463.7998046875,4464.8999023438,122,0.0,0.0,GC=F,NA,NA,USD
2026-08-13T02:07:00.000Z,4464.7001953125,4467.7001953125,4464.7001953125,4467.1000976562,49,0.0,0.0,GC=F,NA,NA,USD
2026-08-13T02:08:00.000Z,4467.2998046875,4469.3999023438,4467.2998046875,4469.3999023438,87,0.0,0.0,GC=F,NA,NA,USD
2026-08-13T02:09:00.000Z,4469.1000976562,4471.8999023438,4469.1000976562,4471.8999023438,161,0.0,0.0,GC=F,NA,NA,USD
2026-08-13T02:10:00.000Z,4471.7998046875,4472.6000976562,4470.0,4471.2998046875,161,0.0,0.0,GC=F,NA,NA,USD
2026-08-13T02:11:00.000Z,4471.2001953125,4472.1000976562,4471.0,4471.0,40,0.0,0.0,GC=F,NA,NA,USD
2026-08-13T02:12:00.000Z,4470.6000976562,4471.5,4469.8999023438,4471.5,30,0.0,0.0,GC=F,NA,NA,USD
2026-08-13T02:13:00.000Z,4471.1000976562,4471.3999023438,4469.1000976562,4469.5,84,0.0,0.0,GC=F,NA,NA,USD
2026-08-13T02:14:00.000Z,4469.6000976562,4470.0,4468.5,4469.0,17,0.0,0.0,GC=F,NA,NA,USD
2026-08-13T02:15:00.000Z,4469.0,4469.8999023438,4468.8999023438,4469.7998046875,21,0.0,0.0,GC=F,NA,NA,USD
2026-08-13T02:16:00.000Z,4469.7001953125,4470.5,4468.7001953125,4469.0,47,0.0,0.0,GC=F,NA,NA,USD
2026-08-13T02:17:00.000Z,4469.6000976562,4470.5,4469.2998046875,4470.0,25,0.0,0.0,GC=F,NA,NA,USD
2026-08-13T02:18:00.000Z,4469.7001953125,4470.2001953125,4469.2998046875,4469.6000976562,0,0.0,0.0,GC=F,NA,NA,USD
